ano_mes,regiao,produto,preco_medio,preco_min,preco_max,desvio_padrao,num_coletas
2020-07-01,BR,DIESEL,3.2565520910299983,2.54,4.95,0.23849995314284894,13534.0
2020-08-01,BR,DIESEL,3.370708365910868,2.729,4.95,0.2308396032409046,8953.0
2020-10-01,BR,DIESEL,3.5826402349486055,2.879,4.65,0.28940413646369617,681.0
2020-11-01,BR,DIESEL,3.556102850539291,2.949,5.09,0.25100391382382303,2596.0
2020-12-01,BR,DIESEL,3.6428802069857698,3.09,4.8,0.23696771644601392,3865.0
2021-01-01,BR,DIESEL,3.711450073063809,3.199,5.25,0.23163431544955226,4106.0
2021-02-01,BR,DIESEL,3.9473681294326246,3.289,5.85,0.3095253571100187,4512.0
2021-03-01,BR,DIESEL,4.270966877739893,3.399,6.01,0.2740185744727295,6159.0
2021-04-01,BR,DIESEL,4.233559812070835,3.599,5.899,0.280195397243747,5534.0
2021-05-01,BR,DIESEL,4.489857939162287,3.099,6.13,0.28016292342824983,6279.0
2021-06-01,BR,DIESEL,4.525795619539806,3.099,6.1,0.2679719146195461,8127.0
2023-01-01,BR,DIESEL,6.3401613749672,4.89,7.99,0.3702251983344734,7622.0
2023-02-01,BR,DIESEL,6.082204812534974,4.89,7.99,0.4253995154533305,7148.0
2023-03-01,BR,DIESEL,5.889252213448193,4.59,7.69,0.39552420315006775,8358.0
2023-04-01,BR,DIESEL,5.761937237459847,4.76,7.69,0.39129733877113687,8094.0
2023-05-01,BR,DIESEL,5.392226980728052,3.97,7.69,0.4609698686122769,10274.0
2023-06-01,BR,DIESEL,5.045791194674764,4.09,7.29,0.3722044776289312,8563.0
2024-01-01,BR,DIESEL,5.915922339405561,4.69,8.19,0.38809823426243256,10430.0
2024-02-01,BR,DIESEL,5.96091861761427,4.69,7.95,0.3876492775441693,8970.0
2024-03-01,BR,DIESEL,5.923591444584239,5.12,7.95,0.3854352806870013,8743.0
2024-04-01,BR,DIESEL,5.941382999607381,5.19,7.82,0.37455610500453096,10188.0
2024-05-01,BR,DIESEL,5.942508301970334,5.04,7.82,0.37174259426479156,9034.0
2024-06-01,BR,DIESEL,5.9333317881562175,5.09,7.82,0.3646610303074111,8629.0
2024-07-01,BR,DIESEL,5.9935101994040805,5.29,7.82,0.35724802691216684,8726.0
2025-01-01,BR,DIESEL,6.131172450757068,5.39,7.93,0.3550588644814185,7463.0
2025-02-01,BR,DIESEL,6.42893626062323,5.58,8.19,0.3469936680327275,7060.0
2025-03-01,BR,DIESEL,6.403531648675172,5.47,8.33,0.34581548246497357,8152.0
2025-04-01,BR,DIESEL,6.291439336850038,5.49,8.33,0.37478741706320406,7962.0
2025-05-01,BR,DIESEL,6.1370996655518395,5.29,8.33,0.4074452475482884,7475.0
2025-06-01,BR,DIESEL,6.041165948557253,5.29,8.19,0.40141781372425583,7659.0
2025-07-01,BR,DIESEL,6.049529735204747,5.24,8.19,0.4063811510022695,6911.0
2026-01-01,BR,DIESEL,6.106040202417768,5.39,8.33,0.3585135660114052,7114.0
2026-02-01,BR,DIESEL,6.095396315936366,5.09,8.33,0.3606783220317439,7166.0
2026-03-01,BR,DIESEL,7.009128367670364,5.39,9.45,0.6860076312318735,8203.0
2026-05-01,BR,DIESEL,7.038822082536212,5.79,8.99,0.4431642663246172,7318.0
2026-06-01,BR,DIESEL,6.873945192534845,5.59,8.99,0.4706089645005946,8466.0
2026-07-01,BR,DIESEL,6.699372060505911,5.49,8.99,0.5116246809274437,7867.0
2020-07-01,CO,DIESEL,3.3325864432597103,2.888,4.16,0.18928493579715588,1313.0
2020-08-01,CO,DIESEL,3.4833935135135135,3.06,4.2,0.17093925264961274,925.0
2020-10-01,CO,DIESEL,3.573469387755102,2.879,4.069,0.18205680736892765,196.0
2020-11-01,CO,DIESEL,3.627906403940887,3.24,4.099,0.16818027103030425,406.0
2020-12-01,CO,DIESEL,3.713347619047619,3.38,4.329,0.13997358468508253,420.0
2021-01-01,CO,DIESEL,3.7844076738609114,3.54,4.119,0.12865815147502435,417.0
2021-02-01,CO,DIESEL,4.015258992805755,3.589,4.559,0.22735453944805473,417.0
2021-03-01,CO,DIESEL,4.384369529983792,3.496,4.947,0.14621529306886344,617.0
2021-04-01,CO,DIESEL,4.3423815126050425,3.889,4.799,0.15512603975422473,595.0
2021-05-01,CO,DIESEL,4.639070866141732,3.999,5.839,0.20030305828754405,635.0
2021-06-01,CO,DIESEL,4.645627962085308,4.099,5.32,0.19473985804986052,844.0
2023-01-01,CO,DIESEL,6.32824358974359,5.79,7.39,0.2984101942860692,780.0
2023-02-01,CO,DIESEL,6.096395173453997,5.49,7.38,0.30637063741343906,663.0
2023-03-01,CO,DIESEL,5.9045432977461445,5.09,7.15,0.28156986781746746,843.0
2023-04-01,CO,DIESEL,5.785435323383084,5.13,6.85,0.30911222987138437,804.0
2023-05-01,CO,DIESEL,5.35312077294686,4.56,6.99,0.390679143710226,1035.0
2023-06-01,CO,DIESEL,5.002920673076924,4.29,6.17,0.31919159840366085,832.0
2024-01-01,CO,DIESEL,5.853119469026549,5.19,7.49,0.36483100822110703,904.0
2024-02-01,CO,DIESEL,5.921162790697674,5.25,7.39,0.34186340907567986,860.0
2024-03-01,CO,DIESEL,5.894653110047847,5.29,7.39,0.33876209906477306,836.0
2024-04-01,CO,DIESEL,5.904792531120332,5.29,7.49,0.3537026496771012,964.0
2024-05-01,CO,DIESEL,5.914015069967707,5.29,7.49,0.3446673868112151,929.0
2024-06-01,CO,DIESEL,5.8996838407494145,5.39,7.39,0.36250272204500433,854.0
2024-07-01,CO,DIESEL,5.949777530589544,5.39,7.47,0.3435034282808045,899.0
2025-01-01,CO,DIESEL,6.094962216624685,5.39,7.47,0.33532098428974366,794.0
2025-02-01,CO,DIESEL,6.436411347517731,5.74,7.74,0.31203788720741765,705.0
2025-03-01,CO,DIESEL,6.4175682382134,5.75,7.74,0.32761519949514883,806.0
2025-04-01,CO,DIESEL,6.277027707808564,5.59,7.74,0.3566906625347881,794.0
2025-05-01,CO,DIESEL,6.079511568123393,5.34,7.49,0.37237077327241863,778.0
2025-06-01,CO,DIESEL,5.984589774078478,5.33,7.49,0.3684440958306276,841.0
2025-07-01,CO,DIESEL,6.013211875843455,5.44,7.49,0.32441247463162026,741.0
2026-01-01,CO,DIESEL,6.056610169491526,5.45,7.19,0.30932939375799196,708.0
2026-02-01,CO,DIESEL,6.05378640776699,5.4,7.19,0.33745321302613396,721.0
2026-03-01,CO,DIESEL,7.071800766283525,5.39,8.89,0.6771050919345584,783.0
2026-05-01,CO,DIESEL,6.902705718270571,5.95,7.95,0.3537878647176098,717.0
2026-06-01,CO,DIESEL,6.673957597173144,5.59,7.95,0.415000429747303,849.0
2026-07-01,CO,DIESEL,6.5109046454767725,5.63,7.95,0.4313099947622598,818.0
2020-07-01,N,DIESEL,3.5414484435797666,2.699,4.95,0.37412486429954944,1028.0
2020-08-01,N,DIESEL,3.66256648199446,3.09,4.95,0.37013603472361517,722.0
2020-10-01,N,DIESEL,3.7751774193548386,3.219,4.65,0.3930556878581313,186.0
2020-11-01,N,DIESEL,3.780275401069519,3.219,4.65,0.3566209176572468,374.0
2020-12-01,N,DIESEL,3.931400452488688,3.35,4.8,0.35741382774430186,442.0
2021-01-01,N,DIESEL,4.014202830188679,3.379,5.25,0.37064236793603145,424.0
2021-02-01,N,DIESEL,4.2981121673003795,3.289,5.85,0.4245540772827289,526.0
2021-03-01,N,DIESEL,4.690111683848797,3.95,5.89,0.4340405838963734,582.0
2021-04-01,N,DIESEL,4.667944444444444,3.799,5.78,0.43977743757995763,522.0
2021-05-01,N,DIESEL,4.827450495049505,3.989,6.13,0.5015823556791853,606.0
2021-06-01,N,DIESEL,4.903585674157304,4.039,6.1,0.47258366790443407,712.0
2023-01-01,N,DIESEL,6.733373349339735,5.39,7.99,0.4597789248340783,833.0
2023-02-01,N,DIESEL,6.510326633165829,4.99,7.99,0.5348483768866986,796.0
2023-03-01,N,DIESEL,6.384341351660939,5.25,7.69,0.48641527906963516,873.0
2023-04-01,N,DIESEL,6.2945196211096075,5.07,7.69,0.4733457923264296,739.0
2023-05-01,N,DIESEL,5.833626482213439,4.67,7.69,0.5928330536381488,1012.0
2023-06-01,N,DIESEL,5.416079182630907,4.59,6.99,0.5058345805479332,783.0
2024-01-01,N,DIESEL,6.399932885906041,4.69,8.19,0.5392179017682418,1043.0
2024-02-01,N,DIESEL,6.425970982142857,4.69,7.95,0.5645121048086202,896.0
2024-03-01,N,DIESEL,6.396698450536353,5.29,7.95,0.5560602922143866,839.0
2024-04-01,N,DIESEL,6.362817836812144,5.35,7.82,0.5135744531436625,1054.0
2024-05-01,N,DIESEL,6.333675847457627,5.43,7.82,0.5131564360890342,944.0
2024-06-01,N,DIESEL,6.313216783216783,5.3,7.82,0.4994509490428384,858.0
2024-07-01,N,DIESEL,6.4403137254901965,5.55,7.75,0.4914253293503208,765.0
2025-01-01,N,DIESEL,6.665662100456621,5.65,7.93,0.4787116490821196,657.0
2025-02-01,N,DIESEL,6.882983193277311,5.75,8.19,0.475445529298616,714.0
2025-03-01,N,DIESEL,6.8521181001283695,5.89,8.33,0.48146814507647173,779.0
2025-04-01,N,DIESEL,6.7468934531450575,5.49,8.33,0.5129353529382085,779.0
2025-05-01,N,DIESEL,6.662492625368731,5.45,8.33,0.5811000207078447,678.0
2025-06-01,N,DIESEL,6.554166666666666,5.39,8.19,0.5747300712022669,672.0
2025-07-01,N,DIESEL,6.559732540861813,5.32,8.19,0.5428643606587609,673.0
2026-01-01,N,DIESEL,6.552016806722689,5.64,8.33,0.4817738335080949,595.0
2026-02-01,N,DIESEL,6.523797909407666,5.61,8.33,0.45615687374912073,574.0
2026-03-01,N,DIESEL,7.22564945226917,5.74,8.75,0.551635222990184,639.0
2026-05-01,N,DIESEL,7.4163703703703705,6.29,8.77,0.39574988335812566,540.0
2026-06-01,N,DIESEL,7.28039705882353,6.26,8.77,0.42819584661071286,680.0
2026-07-01,N,DIESEL,7.182438596491228,6.14,8.77,0.4356808104917125,570.0
2020-07-01,NE,DIESEL,3.326111407012872,2.777,4.199,0.19082631506372252,2253.0
2020-08-01,NE,DIESEL,3.436816494845361,2.86,4.199,0.17080643340333965,1455.0
2020-10-01,NE,DIESEL,3.5082042253521126,3.15,4.099,0.19664878649573894,142.0
2020-11-01,NE,DIESEL,3.547392694063927,3.13,4.149,0.1884214836666507,438.0
2020-12-01,NE,DIESEL,3.6952247191011236,3.27,4.249,0.16349523597160703,623.0
2021-01-01,NE,DIESEL,3.77537481910275,3.29,4.399,0.1621958554924154,691.0
2021-02-01,NE,DIESEL,4.00703453038674,3.45,4.85,0.25477527899975905,724.0
2021-03-01,NE,DIESEL,4.362848115299335,3.79,6.01,0.21048699462829942,902.0
2021-04-01,NE,DIESEL,4.280383879781421,3.77,5.099,0.21830493968109738,732.0
2021-05-01,NE,DIESEL,4.51101606922126,3.78,5.291,0.21599899955964463,809.0
2021-06-01,NE,DIESEL,4.619917404129794,3.78,5.299,0.1837920155562565,1017.0
2023-01-01,NE,DIESEL,6.485609037328095,5.48,7.67,0.3236421181581234,1018.0
2023-02-01,NE,DIESEL,6.191630218687872,4.92,7.8,0.4508564833717699,1006.0
2023-03-01,NE,DIESEL,5.969584372402327,5.14,7.67,0.3828568416781945,1203.0
2023-04-01,NE,DIESEL,5.839572506286672,4.76,7.67,0.3944353729123894,1193.0
2023-05-01,NE,DIESEL,5.32385975609756,4.44,7.67,0.4897142570265068,1640.0
2023-06-01,NE,DIESEL,5.007109867039888,4.29,7.29,0.3446438544064936,1429.0
2024-01-01,NE,DIESEL,5.897344332091539,5.09,6.85,0.3385902681083543,1879.0
2024-02-01,NE,DIESEL,5.995896103896104,5.15,6.99,0.3386872790927474,1540.0
2024-03-01,NE,DIESEL,5.887903549899531,5.12,6.9,0.3435715055575612,1493.0
2024-04-01,NE,DIESEL,5.95349855907781,5.25,6.98,0.3349940726174278,1735.0
2024-05-01,NE,DIESEL,5.954030487804879,5.26,6.9,0.3328605276352267,1640.0
2024-06-01,NE,DIESEL,5.922271487039563,5.09,6.9,0.32394047397837844,1466.0
2024-07-01,NE,DIESEL,6.056093257718967,5.3,6.99,0.31305875967619684,1587.0
2025-01-01,NE,DIESEL,6.2200329218106996,5.65,6.94,0.26925762649546225,1215.0
2025-02-01,NE,DIESEL,6.429141274238227,5.58,7.29,0.2914320264641856,1083.0
2025-03-01,NE,DIESEL,6.376841715976331,5.66,7.29,0.29959584684824747,1352.0
2025-04-01,NE,DIESEL,6.246691957511381,5.49,7.29,0.3536873524831889,1318.0
2025-05-01,NE,DIESEL,6.081467741935485,5.29,7.29,0.3900768003577013,1240.0
2025-06-01,NE,DIESEL,5.981944,5.29,7.08,0.3611949477723034,1250.0
2025-07-01,NE,DIESEL,5.983095238095238,5.29,6.99,0.3524817200097492,966.0
2026-01-01,NE,DIESEL,6.107371575342466,5.47,7.2,0.3217012813574007,1168.0
2026-02-01,NE,DIESEL,6.0867328370554175,5.44,6.99,0.32687816287754595,1209.0
2026-03-01,NE,DIESEL,7.175350877192983,5.49,9.45,0.8055837661494305,1482.0
2026-05-01,NE,DIESEL,7.40096926713948,6.32,8.99,0.4936092432449904,1269.0
2026-06-01,NE,DIESEL,7.264881944444444,6.28,8.99,0.42694673705572034,1440.0
2026-07-01,NE,DIESEL,7.141028867505552,5.94,8.99,0.4489877255388708,1351.0
2020-07-01,S,DIESEL,3.1325051261829655,2.54,3.959,0.20109750148104066,2536.0
2020-08-01,S,DIESEL,3.241921052631579,2.759,3.919,0.1807832228879787,1634.0
2020-10-01,S,DIESEL,3.329833333333333,3.098,3.499,0.1341611191156102,18.0
2020-11-01,S,DIESEL,3.4748821428571426,3.059,4.099,0.23144790561444464,280.0
2020-12-01,S,DIESEL,3.5367725118483415,3.09,4.199,0.2134036528584564,633.0
2021-01-01,S,DIESEL,3.580411192214112,3.199,4.42,0.19543008262527736,822.0
2021-02-01,S,DIESEL,3.790437360178971,3.33,4.756,0.25601807395291437,894.0
2021-03-01,S,DIESEL,4.080025044722719,3.399,5.104,0.17072875894377446,1118.0
2021-04-01,S,DIESEL,4.074315377081293,3.739,5.899,0.20584019703229484,1021.0
2021-05-01,S,DIESEL,4.349663652802893,3.399,5.489,0.20477574728879824,1106.0
2021-06-01,S,DIESEL,4.366374666666666,3.099,5.119,0.19261534744910003,1500.0
2023-01-01,S,DIESEL,6.23003003003003,4.89,7.59,0.3157683875539545,1665.0
2023-02-01,S,DIESEL,5.958833223467369,4.89,7.4,0.36190462417014907,1517.0
2023-03-01,S,DIESEL,5.716844311377245,4.99,7.39,0.33749852496933375,1670.0
2023-04-01,S,DIESEL,5.627744982290436,4.98,7.39,0.3357533214609076,1694.0
2023-05-01,S,DIESEL,5.3287933425797505,4.49,7.19,0.393135566734554,2163.0
2023-06-01,S,DIESEL,5.018187721369539,4.19,7.19,0.3295158670203831,1694.0
2024-01-01,S,DIESEL,5.858667262969588,5.06,6.99,0.28268655889308625,2236.0
2024-02-01,S,DIESEL,5.911033934252385,5.24,7.59,0.29158515263147955,1886.0
2024-03-01,S,DIESEL,5.884847348687734,5.27,6.99,0.289793724449142,1867.0
2024-04-01,S,DIESEL,5.912192771084337,5.29,7.49,0.28229012727233666,2075.0
2024-05-01,S,DIESEL,5.920919881305638,5.04,7.49,0.28655094743765996,1685.0
2024-06-01,S,DIESEL,5.916790780141843,5.27,7.44,0.271185140099208,1692.0
2024-07-01,S,DIESEL,5.962174955062912,5.29,6.99,0.2559280438267358,1669.0
2025-01-01,S,DIESEL,6.071241711874624,5.48,7.59,0.2552666503296691,1659.0
2025-02-01,S,DIESEL,6.4022214809873255,5.76,7.52,0.24118934064948236,1499.0
2025-03-01,S,DIESEL,6.379211594202898,5.72,7.52,0.24699954414429942,1725.0
2025-04-01,S,DIESEL,6.274257907542578,5.61,7.39,0.2707279187550261,1644.0
2025-05-01,S,DIESEL,6.121690140845071,5.39,7.52,0.3064672733589718,1562.0
2025-06-01,S,DIESEL,6.023924477410654,5.29,7.24,0.29327178482010874,1483.0
2025-07-01,S,DIESEL,6.025052562417871,5.29,7.52,0.30985717669709467,1522.0
2026-01-01,S,DIESEL,6.076500615006149,5.39,7.39,0.2970813807172241,1626.0
2026-02-01,S,DIESEL,6.058356254092994,5.09,7.39,0.2999840255661478,1527.0
2026-03-01,S,DIESEL,6.9490526315789465,5.49,8.84,0.6188787617502787,1710.0
2026-05-01,S,DIESEL,6.900807327001357,5.79,8.69,0.35830268513610475,1474.0
2026-06-01,S,DIESEL,6.671483979763912,5.59,7.99,0.4168242477152276,1779.0
2026-07-01,S,DIESEL,6.40799623115578,5.49,7.99,0.423298760142015,1592.0
2020-07-01,SE,DIESEL,3.2198811680199872,2.69,4.485,0.19558778432934776,6404.0
2020-08-01,SE,DIESEL,3.3231142992648803,2.729,4.86,0.18170432126703615,4217.0
2020-10-01,SE,DIESEL,3.4467122302158275,3.069,3.799,0.18520017547039597,139.0
2020-11-01,SE,DIESEL,3.47738160291439,2.949,5.09,0.2015596143323097,1098.0
2020-12-01,SE,DIESEL,3.572721808815112,3.099,4.449,0.17042566948566137,1747.0
2021-01-01,SE,DIESEL,3.657084474885845,3.199,4.499,0.15588082016650912,1752.0
2021-02-01,SE,DIESEL,3.8880630445925166,3.349,4.819,0.24019090617247751,1951.0
2021-03-01,SE,DIESEL,4.20861462585034,3.599,5.1,0.18194346490116373,2940.0
2021-04-01,SE,DIESEL,4.172304429429429,3.599,5.299,0.1920753311152463,2664.0
2021-05-01,SE,DIESEL,4.438178994556517,3.099,5.399,0.1939549279471023,3123.0
2021-06-01,SE,DIESEL,4.469871731623089,3.999,5.5,0.17859391549538398,4054.0
2023-01-01,SE,DIESEL,6.2550901984365606,4.89,7.69,0.3160783775173117,3326.0
2023-02-01,SE,DIESEL,5.995938092229943,5.09,7.49,0.3538211023519299,3166.0
2023-03-01,SE,DIESEL,5.821907667816397,4.59,7.49,0.3172834466651349,3769.0
2023-04-01,SE,DIESEL,5.686127183406114,4.97,7.49,0.30997403955151953,3664.0
2023-05-01,SE,DIESEL,5.356763110307414,3.97,7.25,0.4040000782754591,4424.0
2023-06-01,SE,DIESEL,5.005992156862746,4.09,6.99,0.33516531695183294,3825.0
2024-01-01,SE,DIESEL,5.850647893772894,5.09,7.62,0.3312799204976009,4368.0
2024-02-01,SE,DIESEL,5.870559662090813,5.15,7.74,0.3220342381984461,3788.0
2024-03-01,SE,DIESEL,5.856944444444444,5.13,7.62,0.3290145509525117,3708.0
2024-04-01,SE,DIESEL,5.856665137614679,5.19,7.72,0.32104280330761703,4360.0
2024-05-01,SE,DIESEL,5.857703336809177,5.09,7.72,0.32136932674322227,3836.0
2024-06-01,SE,DIESEL,5.8660255387071025,5.23,7.72,0.32662188809529985,3759.0
2024-07-01,SE,DIESEL,5.901678928008408,5.29,7.82,0.3092931076698015,3806.0
2025-01-01,SE,DIESEL,6.025707456978967,5.45,7.89,0.29118013612767,3138.0
2025-02-01,SE,DIESEL,6.334253023864008,5.59,8.19,0.29462559415697603,3059.0
2025-03-01,SE,DIESEL,6.322521489971346,5.47,8.19,0.29311758146345324,3490.0
2025-04-01,SE,DIESEL,6.216699737379632,5.49,8.09,0.31662560370523724,3427.0
2025-05-01,SE,DIESEL,6.0692228784581905,5.39,7.99,0.33481730798328035,3217.0
2025-06-01,SE,DIESEL,5.9832815704658655,5.29,7.99,0.3475318461082838,3413.0
2025-07-01,SE,DIESEL,5.978069125955466,5.24,7.99,0.3658472031751469,3009.0
2026-01-01,SE,DIESEL,6.045091150149155,5.39,8.09,0.3215481862058796,3017.0
2026-02-01,SE,DIESEL,6.047910685805423,5.38,8.09,0.3335236711905532,3135.0
2026-03-01,SE,DIESEL,6.916890498746169,5.45,8.79,0.6637777213979025,3589.0
2026-05-01,SE,DIESEL,6.92959614225437,5.99,8.69,0.3644517809564571,3318.0
2026-06-01,SE,DIESEL,6.790736955352339,5.59,8.69,0.3909002532638012,3718.0
2026-07-01,SE,DIESEL,6.62754242081448,5.49,8.69,0.4330047458628029,3536.0
2020-07-01,BR,DIESEL S10,3.3418139718886715,2.58,5.07,0.24178378428909195,21486.0
2020-08-01,BR,DIESEL S10,3.446859702736491,2.79,5.07,0.2306599626697192,14398.0
2020-10-01,BR,DIESEL S10,3.6254049586776858,3.079,4.69,0.255136132626583,1815.0
2020-11-01,BR,DIESEL S10,3.6244091503267977,2.989,5.221,0.23761883996158165,6120.0
2020-12-01,BR,DIESEL S10,3.7055670150987225,3.099,5.379,0.22687435209403187,8610.0
2021-01-01,BR,DIESEL S10,3.7873724555077355,3.239,5.3,0.22233478800424852,8597.0
2021-02-01,BR,DIESEL S10,4.010615358857016,3.199,5.89,0.2894271973001503,8959.0
2021-03-01,BR,DIESEL S10,4.337395115533262,3.59,5.89,0.25241853663573166,12161.0
2021-04-01,BR,DIESEL S10,4.294363072877536,3.699,5.78,0.2557516303693463,10648.0
2021-05-01,BR,DIESEL S10,4.545960482804233,3.299,6.13,0.25493540510896406,12096.0
2021-06-01,BR,DIESEL S10,4.58570085527195,2.805,6.349,0.24658717768719546,14966.0
2023-01-01,BR,DIESEL S10,6.4533322886468705,5.59,8.85,0.37011937846412873,12763.0
2023-02-01,BR,DIESEL S10,6.189468698871954,5.27,8.85,0.4248168763015797,11613.0
2023-03-01,BR,DIESEL S10,5.9885703665155,5.09,8.91,0.40131682948990227,13451.0
2023-04-01,BR,DIESEL S10,5.8489071124428325,4.99,9.0,0.40577092985847596,12682.0
2023-05-01,BR,DIESEL S10,5.469033101045296,4.49,9.0,0.47151433203647714,16072.0
2023-06-01,BR,DIESEL S10,5.120505893550041,4.39,9.0,0.3925607647738103,13659.0
2024-01-01,BR,DIESEL S10,5.991808363000061,4.99,8.89,0.3918688784777825,16573.0
2024-02-01,BR,DIESEL S10,6.019206081081081,4.99,8.89,0.38356606791714726,14208.0
2024-03-01,BR,DIESEL S10,5.981464812956858,4.99,8.49,0.3816059621999168,13954.0
2024-04-01,BR,DIESEL S10,5.994381073858115,4.99,8.49,0.3695307880119674,16464.0
2024-05-01,BR,DIESEL S10,5.9988979422731665,5.24,8.49,0.3644617596201907,14482.0
2024-06-01,BR,DIESEL S10,5.984712492702861,5.11,8.49,0.3591000723255162,13704.0
2024-07-01,BR,DIESEL S10,6.048677376912956,5.2,8.49,0.3467248961267648,14441.0
2025-01-01,BR,DIESEL S10,6.185766014451571,5.19,8.99,0.3576246807493413,12317.0
2025-02-01,BR,DIESEL S10,6.479247901319171,5.54,8.99,0.3538344008487376,11674.0
2025-03-01,BR,DIESEL S10,6.455667153284671,5.68,8.99,0.35410009194627035,13700.0
2025-04-01,BR,DIESEL S10,6.342993275255999,5.44,8.99,0.3975925693909107,13086.0
2025-05-01,BR,DIESEL S10,6.190935904707884,5.28,8.99,0.42654676965349636,12341.0
2025-06-01,BR,DIESEL S10,6.094351567301783,5.19,8.99,0.42445419312490673,13016.0
2025-07-01,BR,DIESEL S10,6.102862396305483,5.29,8.99,0.4235705363704948,11693.0
2026-01-01,BR,DIESEL S10,6.16195744680851,5.35,9.39,0.3731149414557652,11985.0
2026-02-01,BR,DIESEL S10,6.15224407122964,5.33,9.99,0.38100546088076787,11849.0
2026-03-01,BR,DIESEL S10,7.078472212288105,5.39,9.99,0.7006653983619345,13981.0
2026-05-01,BR,DIESEL S10,7.21447213596993,5.69,9.99,0.4184602442957851,12238.0
2026-06-01,BR,DIESEL S10,7.120427571728482,5.69,9.99,0.40119097031563355,14290.0
2026-07-01,BR,DIESEL S10,7.002744273375892,5.84,9.99,0.42205039722599574,13315.0
2020-07-01,CO,DIESEL S10,3.4390341974627687,2.899,4.26,0.19927021361755584,1813.0
2020-08-01,CO,DIESEL S10,3.567031225604996,3.14,4.3,0.17902610396028826,1281.0
2020-10-01,CO,DIESEL S10,3.6825310734463277,3.319,4.139,0.15870567265577526,354.0
2020-11-01,CO,DIESEL S10,3.724396574440053,3.09,4.199,0.16663836640988175,759.0
2020-12-01,CO,DIESEL S10,3.797425855513308,3.49,4.389,0.14840282038135766,789.0
2021-01-01,CO,DIESEL S10,3.8815033025099077,3.399,4.297,0.1404721970727827,757.0
2021-02-01,CO,DIESEL S10,4.0950530612244895,3.64,5.199,0.2404390934751127,735.0
2021-03-01,CO,DIESEL S10,4.4806928104575166,3.99,4.997,0.15612681143009202,1071.0
2021-04-01,CO,DIESEL S10,4.438905432595574,3.99,4.999,0.1712589869023748,994.0
2021-05-01,CO,DIESEL S10,4.720668219944082,4.11,5.595,0.19945156588190152,1073.0
2021-06-01,CO,DIESEL S10,4.737898791540785,4.275,6.29,0.20582669701690234,1324.0
2023-01-01,CO,DIESEL S10,6.454222462203023,5.87,8.59,0.3073119555510875,926.0
2023-02-01,CO,DIESEL S10,6.217314439946018,5.69,7.51,0.3055291283841953,741.0
2023-03-01,CO,DIESEL S10,6.023003064351379,5.15,7.25,0.2710770968269691,979.0
2023-04-01,CO,DIESEL S10,5.88769495412844,5.2,6.99,0.30442746484546485,872.0
2023-05-01,CO,DIESEL S10,5.450800336983994,4.65,6.68,0.3703306708887314,1187.0
2023-06-01,CO,DIESEL S10,5.110233502538071,4.45,6.27,0.31936427943984286,985.0
2024-01-01,CO,DIESEL S10,5.938717948717948,5.19,7.46,0.3466215166833543,1092.0
2024-02-01,CO,DIESEL S10,6.00728515625,5.25,7.48,0.33383498820426255,1024.0
2024-03-01,CO,DIESEL S10,5.973861003861004,5.25,7.48,0.31675583181673117,1036.0
2024-04-01,CO,DIESEL S10,5.964938574938575,5.18,7.58,0.31690371966157904,1221.0
2024-05-01,CO,DIESEL S10,5.964541406945681,5.39,7.58,0.30820138163870725,1123.0
2024-06-01,CO,DIESEL S10,5.947546071774976,5.47,7.48,0.310511153218993,1031.0
2024-07-01,CO,DIESEL S10,6.011596638655463,5.49,7.57,0.30139018977624915,1071.0
2025-01-01,CO,DIESEL S10,6.160939734422881,5.59,7.57,0.31597244230930505,979.0
2025-02-01,CO,DIESEL S10,6.5024999999999995,5.77,7.78,0.2965440734274721,832.0
2025-03-01,CO,DIESEL S10,6.4658494623655915,5.75,7.78,0.2991454980147418,930.0
2025-04-01,CO,DIESEL S10,6.317549889135256,5.59,7.77,0.343073665097851,902.0
2025-05-01,CO,DIESEL S10,6.128449781659389,5.39,7.56,0.35588018903947505,916.0
2025-06-01,CO,DIESEL S10,6.0182358870967745,5.33,7.44,0.34183515657529584,992.0
2025-07-01,CO,DIESEL S10,6.050269320843092,5.44,7.38,0.30506055758473744,854.0
2026-01-01,CO,DIESEL S10,6.113954285714286,5.49,7.17,0.28986092730057206,875.0
2026-02-01,CO,DIESEL S10,6.101928251121076,5.45,7.27,0.30859713604825445,892.0
2026-03-01,CO,DIESEL S10,7.161862269641126,5.39,8.91,0.6860513329900092,1031.0
2026-05-01,CO,DIESEL S10,7.03489932885906,6.19,7.99,0.3334252334040507,894.0
2026-06-01,CO,DIESEL S10,6.960728291316527,6.29,7.99,0.3231582349205795,1071.0
2026-07-01,CO,DIESEL S10,6.857802197802197,6.15,7.99,0.3222802582150585,1001.0
2020-07-01,N,DIESEL S10,3.594958553127355,2.699,5.07,0.37182132006870366,1327.0
2020-08-01,N,DIESEL S10,3.714397435897436,3.099,5.07,0.36035040307840105,936.0
2020-10-01,N,DIESEL S10,3.871011811023622,3.219,4.69,0.3536522317838801,254.0
2020-11-01,N,DIESEL S10,3.857534671532847,3.219,4.7,0.3320802262632166,548.0
2020-12-01,N,DIESEL S10,3.9832480127186014,3.39,4.949,0.32713706322727815,629.0
2021-01-01,N,DIESEL S10,4.082055646481178,3.579,5.3,0.33707002752509774,611.0
2021-02-01,N,DIESEL S10,4.331663157894737,3.697,5.89,0.3824402830527383,665.0
2021-03-01,N,DIESEL S10,4.671597256857855,3.959,5.89,0.38732228241399724,802.0
2021-04-01,N,DIESEL S10,4.651136871508379,3.799,5.78,0.3985754398354081,716.0
2021-05-01,N,DIESEL S10,4.844912768647282,3.99,6.13,0.4455000987100671,791.0
2021-06-01,N,DIESEL S10,4.906901287553648,4.039,6.13,0.42917193883226756,932.0
2023-01-01,N,DIESEL S10,6.805792452830189,5.65,8.85,0.49018105223034647,1060.0
2023-02-01,N,DIESEL S10,6.576608784473953,5.35,8.85,0.5751968998380343,979.0
2023-03-01,N,DIESEL S10,6.420270034843206,5.21,8.91,0.5430202408230319,1148.0
2023-04-01,N,DIESEL S10,6.347699115044247,5.1,8.38,0.5353698551656442,1017.0
2023-05-01,N,DIESEL S10,5.872488822652757,4.55,8.38,0.6547009423293236,1342.0
2023-06-01,N,DIESEL S10,5.448097876269621,4.43,8.38,0.5871626389113825,1083.0
2024-01-01,N,DIESEL S10,6.370035842293907,4.99,8.89,0.6161759576339041,1395.0
2024-02-01,N,DIESEL S10,6.385861486486486,5.28,8.89,0.607742327391816,1184.0
2024-03-01,N,DIESEL S10,6.349598906107566,5.21,7.97,0.5956498502361881,1097.0
2024-04-01,N,DIESEL S10,6.318048422597212,5.21,7.89,0.5435133496396357,1363.0
2024-05-01,N,DIESEL S10,6.329177852348994,5.29,7.89,0.5544340722450676,1192.0
2024-06-01,N,DIESEL S10,6.311931818181818,5.11,7.89,0.53482056971692,1056.0
2024-07-01,N,DIESEL S10,6.4220961145194275,5.37,7.94,0.5143926499540507,978.0
2025-01-01,N,DIESEL S10,6.610755148741419,5.61,7.99,0.5440098686881024,874.0
2025-02-01,N,DIESEL S10,6.834307036247335,5.79,8.39,0.5287979961978699,938.0
2025-03-01,N,DIESEL S10,6.812553788587465,5.75,8.39,0.5318575040756048,1069.0
2025-04-01,N,DIESEL S10,6.737384007897335,5.59,8.39,0.5964358630698339,1013.0
2025-05-01,N,DIESEL S10,6.624134615384615,5.34,8.39,0.64574270056676,936.0
2025-06-01,N,DIESEL S10,6.50593237704918,5.23,8.39,0.6212712785702333,976.0
2025-07-01,N,DIESEL S10,6.530820021299254,5.39,8.39,0.6145102827583746,939.0
2026-01-01,N,DIESEL S10,6.5207297605473205,5.39,8.89,0.5669550699274989,877.0
2026-02-01,N,DIESEL S10,6.523565107458913,5.42,8.98,0.5735494045763015,791.0
2026-03-01,N,DIESEL S10,7.2814656964656965,5.69,9.29,0.660564695017703,962.0
2026-05-01,N,DIESEL S10,7.500305522914219,6.19,9.29,0.4560638765426487,851.0
2026-06-01,N,DIESEL S10,7.376637426900585,6.28,9.27,0.4585298874455043,1026.0
2026-07-01,N,DIESEL S10,7.306062639821029,6.43,9.27,0.46998003399511956,894.0
2020-07-01,NE,DIESEL S10,3.372397739862619,2.696,4.399,0.20280986004136325,4513.0
2020-08-01,NE,DIESEL S10,3.4737373901724697,2.944,4.299,0.17857107255581306,3073.0
2020-10-01,NE,DIESEL S10,3.5731929203539825,3.179,4.299,0.1892539757196034,565.0
2020-11-01,NE,DIESEL S10,3.6139686221009555,3.18,4.399,0.1841333478752244,1466.0
2020-12-01,NE,DIESEL S10,3.740367902393243,3.179,4.849,0.1620981380778965,2131.0
2021-01-01,NE,DIESEL S10,3.823776227141482,3.34,4.99,0.1693014833673942,2078.0
2021-02-01,NE,DIESEL S10,4.055233844723385,3.46,4.99,0.24776053834495043,2151.0
2021-03-01,NE,DIESEL S10,4.384884266263238,3.87,5.69,0.21343919519078827,2644.0
2021-04-01,NE,DIESEL S10,4.325026388888889,3.799,5.099,0.21815135918557246,2160.0
2021-05-01,NE,DIESEL S10,4.567302279088365,3.92,5.499,0.20528601460110144,2501.0
2021-06-01,NE,DIESEL S10,4.644801914823374,2.805,5.6,0.19086973220677567,3029.0
2023-01-01,NE,DIESEL S10,6.5054234026173985,5.59,7.98,0.3363431537583878,2598.0
2023-02-01,NE,DIESEL S10,6.236339468302659,5.45,7.99,0.4240899268506409,2445.0
2023-03-01,NE,DIESEL S10,5.989235602094241,5.16,8.88,0.39555677556898106,2865.0
2023-04-01,NE,DIESEL S10,5.815033482142857,5.0,8.59,0.389871676896484,2688.0
2023-05-01,NE,DIESEL S10,5.342354437535331,4.49,7.9,0.45437921547393906,3538.0
2023-06-01,NE,DIESEL S10,5.00410544217687,4.4,7.9,0.35378426043361966,2940.0
2024-01-01,NE,DIESEL S10,5.8974196099103855,5.08,8.88,0.3437741389002295,3794.0
2024-02-01,NE,DIESEL S10,5.96269441755405,5.15,8.43,0.3489348366255769,3099.0
2024-03-01,NE,DIESEL S10,5.8781763208147675,5.18,6.99,0.32951405583876126,3142.0
2024-04-01,NE,DIESEL S10,5.93109220636663,5.19,6.99,0.33051870870566924,3644.0
2024-05-01,NE,DIESEL S10,5.942102371312898,5.35,6.99,0.31959921014154674,3458.0
2024-06-01,NE,DIESEL S10,5.909805888062116,5.35,6.99,0.32196237067956357,3091.0
2024-07-01,NE,DIESEL S10,6.037591983248579,5.35,7.19,0.3215892776732588,3343.0
2025-01-01,NE,DIESEL S10,6.216251862891208,5.49,7.09,0.2885065673626205,2684.0
2025-02-01,NE,DIESEL S10,6.449418032786885,5.68,7.44,0.2832711556162482,2440.0
2025-03-01,NE,DIESEL S10,6.39294695481336,5.69,7.44,0.3071507627003535,3054.0
2025-04-01,NE,DIESEL S10,6.229263721552878,5.44,7.44,0.37303879756479813,2988.0
2025-05-01,NE,DIESEL S10,6.063612832664966,5.28,7.29,0.40162774968544207,2743.0
2025-06-01,NE,DIESEL S10,5.971090462833099,5.28,7.46,0.38627346983351696,2852.0
2025-07-01,NE,DIESEL S10,5.991160635481023,5.35,7.03,0.3700556891022575,2266.0
2026-01-01,NE,DIESEL S10,6.087816849816851,5.44,7.2,0.32423735160787287,2730.0
2026-02-01,NE,DIESEL S10,6.076182895223991,5.33,7.03,0.32224659619485546,2701.0
2026-03-01,NE,DIESEL S10,7.032321481924111,5.5,9.55,0.7285804188995035,3347.0
2026-05-01,NE,DIESEL S10,7.352399710878207,6.15,9.35,0.45776172174750596,2767.0
2026-06-01,NE,DIESEL S10,7.273327073552426,6.15,8.99,0.3931063504418541,3195.0
2026-07-01,NE,DIESEL S10,7.192103200522535,6.15,8.99,0.4197899536172813,3062.0
2020-07-01,S,DIESEL S10,3.2209342806394314,2.58,4.299,0.21147287448828123,3941.0
2020-08-01,S,DIESEL S10,3.319736636753804,2.79,4.299,0.19231438249239288,2563.0
2020-10-01,S,DIESEL S10,3.4611717791411047,3.079,4.599,0.25141241989543645,163.0
2020-11-01,S,DIESEL S10,3.512749275362319,2.989,4.599,0.23468332622099616,690.0
2020-12-01,S,DIESEL S10,3.5655756369426754,3.159,4.599,0.21226990038428828,1256.0
2021-01-01,S,DIESEL S10,3.6523385939741746,3.239,4.79,0.20068860669784733,1394.0
2021-02-01,S,DIESEL S10,3.85274693042292,3.24,4.899,0.25788627690613813,1466.0
2021-03-01,S,DIESEL S10,4.150446774193548,3.699,5.282,0.17923936431662194,1860.0
2021-04-01,S,DIESEL S10,4.127248297213622,3.699,5.299,0.2034532779968017,1615.0
2021-05-01,S,DIESEL S10,4.3997512168739865,3.799,5.599,0.20105291236711761,1849.0
2021-06-01,S,DIESEL S10,4.418132585203658,3.99,5.299,0.18790751552002,2406.0
2023-01-01,S,DIESEL S10,6.371778886118038,5.68,7.75,0.2990497677015232,2406.0
2023-02-01,S,DIESEL S10,6.0832651118514995,5.27,7.88,0.35117612006126736,2101.0
2023-03-01,S,DIESEL S10,5.851093617021276,5.14,7.49,0.32449685282659047,2350.0
2023-04-01,S,DIESEL S10,5.727190820229494,4.99,7.49,0.31813453073124137,2353.0
2023-05-01,S,DIESEL S10,5.434892617449664,4.49,7.09,0.39026783722541414,2980.0
2023-06-01,S,DIESEL S10,5.120151122625216,4.44,7.99,0.31686221266871495,2316.0
2024-01-01,S,DIESEL S10,5.962988047808765,5.09,7.55,0.28774972263991766,3012.0
2024-02-01,S,DIESEL S10,5.990771307365986,5.27,7.24,0.2834222745650471,2593.0
2024-03-01,S,DIESEL S10,5.966885116462692,5.29,7.15,0.28553954054320063,2533.0
2024-04-01,S,DIESEL S10,5.987862731152204,5.37,7.26,0.2836139537870441,2812.0
2024-05-01,S,DIESEL S10,5.998730512249443,5.29,7.26,0.2790957211258573,2245.0
2024-06-01,S,DIESEL S10,5.984411636995223,5.29,7.14,0.2589167249264212,2303.0
2024-07-01,S,DIESEL S10,6.043811774817362,5.29,6.99,0.2523629426833461,2327.0
2025-01-01,S,DIESEL S10,6.147226817588159,5.59,7.73,0.2570514553724119,2297.0
2025-02-01,S,DIESEL S10,6.489927675988429,5.86,7.61,0.2487484244267666,2074.0
2025-03-01,S,DIESEL S10,6.468695473251029,5.68,7.61,0.25691199468625486,2430.0
2025-04-01,S,DIESEL S10,6.369210641081553,5.7,7.49,0.279609294272271,2293.0
2025-05-01,S,DIESEL S10,6.217071494042163,5.47,7.61,0.31301259607801474,2182.0
2025-06-01,S,DIESEL S10,6.1175,5.29,8.59,0.3080018324712057,2136.0
2025-07-01,S,DIESEL S10,6.114736601007787,5.47,7.61,0.3120421658456087,2183.0
2026-01-01,S,DIESEL S10,6.162325475974614,5.35,7.54,0.2973269959882963,2206.0
2026-02-01,S,DIESEL S10,6.140561637315564,5.39,7.54,0.2988566603924646,2101.0
2026-03-01,S,DIESEL S10,7.096301427371956,5.57,8.99,0.65731432610213,2382.0
2026-05-01,S,DIESEL S10,7.147714145863926,6.19,8.79,0.3640426411756129,2043.0
2026-06-01,S,DIESEL S10,6.985456059975011,6.09,8.38,0.3668262109037058,2401.0
2026-07-01,S,DIESEL S10,6.7954990842490846,5.84,8.38,0.3660528812392651,2184.0
2020-07-01,SE,DIESEL S10,3.324242114840275,2.749,4.699,0.21842771662045427,9892.0
2020-08-01,SE,DIESEL S10,3.4222403361344536,2.899,4.92,0.20600973111498377,6545.0
2020-10-01,SE,DIESEL S10,3.570421711899791,3.097,4.399,0.22052062216394583,479.0
2020-11-01,SE,DIESEL S10,3.5825227700414004,3.089,5.221,0.21755758730121108,2657.0
2020-12-01,SE,DIESEL S10,3.667335873850197,3.099,5.379,0.20388543459467173,3805.0
2021-01-01,SE,DIESEL S10,3.7504498269896196,3.259,4.847,0.18746905871248185,3757.0
2021-02-01,SE,DIESEL S10,3.975075596144089,3.199,5.199,0.25776700889266524,3942.0
2021-03-01,SE,DIESEL S10,4.302931189488243,3.59,5.249,0.21162504264450707,5784.0
2021-04-01,SE,DIESEL S10,4.2565037768739105,3.769,5.199,0.2053635660038916,5163.0
2021-05-01,SE,DIESEL S10,4.510773886433186,3.299,5.799,0.2083095552681393,5882.0
2021-06-01,SE,DIESEL S10,4.547664192439862,3.999,6.349,0.19326806594756651,7275.0
2023-01-01,SE,DIESEL S10,6.3990195738784,5.59,8.49,0.354605099573913,5773.0
2023-02-01,SE,DIESEL S10,6.135025247802506,5.35,8.49,0.38977697336057376,5347.0
2023-03-01,SE,DIESEL S10,5.9544999181535445,5.09,8.49,0.36055353764979475,6109.0
2023-04-01,SE,DIESEL S10,5.820457232267037,4.99,9.0,0.3665259599797738,5752.0
2023-05-01,SE,DIESEL S10,5.473322419928826,4.55,9.0,0.4420178954105371,7025.0
2023-06-01,SE,DIESEL S10,5.120249408050513,4.39,9.0,0.3716578051718198,6335.0
2024-01-01,SE,DIESEL S10,5.988410714285714,5.04,8.52,0.36086067986686887,7280.0
2024-02-01,SE,DIESEL S10,5.991772352568167,4.99,8.49,0.3511643151919011,6308.0
2024-03-01,SE,DIESEL S10,5.975850959973967,4.99,8.49,0.36277198757368145,6146.0
2024-04-01,SE,DIESEL S10,5.973333782327586,4.99,8.49,0.3553398945267001,7424.0
2024-05-01,SE,DIESEL S10,5.9744028465346535,5.24,8.49,0.3466346450218851,6464.0
2024-06-01,SE,DIESEL S10,5.972661095934437,5.29,8.49,0.3491727681634014,6223.0
2024-07-01,SE,DIESEL S10,6.007453138946742,5.2,8.49,0.33108573644460676,6722.0
2025-01-01,SE,DIESEL S10,6.12367681925953,5.19,8.99,0.3466153842692725,5483.0
2025-02-01,SE,DIESEL S10,6.423263450834879,5.54,8.99,0.3511177433268515,5390.0
2025-03-01,SE,DIESEL S10,6.418496059192536,5.69,8.99,0.34194524494352363,6217.0
2025-04-01,SE,DIESEL S10,6.326548387096775,5.49,8.99,0.3703200711835071,5890.0
2025-05-01,SE,DIESEL S10,6.180868080517613,5.29,8.99,0.39264918051994885,5564.0
2025-06-01,SE,DIESEL S10,6.090374587458745,5.19,8.99,0.40809862470664116,6060.0
2025-07-01,SE,DIESEL S10,6.079060722803155,5.29,8.99,0.41429763508920125,5451.0
2026-01-01,SE,DIESEL S10,6.148544459127808,5.47,9.39,0.3637271077969731,5297.0
2026-02-01,SE,DIESEL S10,6.148730425055929,5.39,9.99,0.3813549487075215,5364.0
2026-03-01,SE,DIESEL S10,7.051429940885126,5.39,9.99,0.7032484664508957,6259.0
2026-05-01,SE,DIESEL S10,7.156762273447122,5.69,9.99,0.3839176848975446,5683.0
2026-06-01,SE,DIESEL S10,7.081579505835986,5.69,9.99,0.3761072881098865,6597.0
2026-07-01,SE,DIESEL S10,6.961721736313573,5.89,9.99,0.38631787816212415,6174.0
2020-07-01,BR,ETANOL,3.0211295105629183,2.099,4.999,0.4897400159715109,22863.0
2020-08-01,BR,ETANOL,3.04038821513314,2.079,4.94,0.4861582377591855,15172.0
2020-10-01,BR,ETANOL,3.2879875776397514,2.499,4.499,0.3718326067161311,2093.0
2020-11-01,BR,ETANOL,3.3340542569769087,2.499,5.149,0.4071721424848404,7059.0
2020-12-01,BR,ETANOL,3.3995586586484556,2.299,5.149,0.40732964294488316,9811.0
2021-01-01,BR,ETANOL,3.4300389084872385,2.479,5.295,0.40666388434336354,9638.0
2021-02-01,BR,ETANOL,3.63467758062935,2.05,5.499,0.4416095416882059,10201.0
2021-03-01,BR,ETANOL,4.245686346863469,2.859,6.578,0.4935435285431609,13821.0
2021-04-01,BR,ETANOL,4.073844810543657,2.379,6.259,0.5400999797318597,12140.0
2021-05-01,BR,ETANOL,4.4211234093978815,3.199,6.595,0.47649227434790764,14067.0
2021-06-01,BR,ETANOL,4.576388725259189,3.097,6.999,0.5136808635341956,16976.0
2023-01-01,BR,ETANOL,4.071347679105448,3.06,6.57,0.4253079719267827,15382.0
2023-02-01,BR,ETANOL,4.0160861368909515,3.03,6.96,0.43426755130646505,13792.0
2023-03-01,BR,ETANOL,4.131448085719657,3.13,6.57,0.44215807359649284,15959.0
2023-04-01,BR,ETANOL,4.163791713473866,3.17,6.59,0.41532662904594314,15133.0
2023-05-01,BR,ETANOL,4.178726114649681,2.99,6.5,0.4467015570942989,18997.0
2023-06-01,BR,ETANOL,4.006355879031246,2.97,6.73,0.4807962110028104,15938.0
2023-07-01,BR,ETANOL,4.075852842809364,2.79,6.73,0.5451078339917088,17641.0
2024-01-01,BR,ETANOL,3.702,2.63,6.6,0.5546988143757435,19235.0
2024-02-01,BR,ETANOL,3.8129702008860833,2.73,6.6,0.49862915004745434,16477.0
2024-03-01,BR,ETANOL,3.8272844105047494,2.69,5.99,0.49090143441520767,16107.0
2024-04-01,BR,ETANOL,3.996828385607888,2.79,5.99,0.44384926149285997,19066.0
2024-05-01,BR,ETANOL,4.060338069863825,2.89,5.99,0.45435117628558364,16890.0
2024-06-01,BR,ETANOL,4.047879166146549,2.89,5.99,0.46633316517177,16022.0
2025-01-01,BR,ETANOL,4.368597279002748,3.29,6.16,0.42420383880062373,14921.0
2025-02-01,BR,ETANOL,4.545514685117198,3.39,6.49,0.43119291286453587,14164.0
2025-03-01,BR,ETANOL,4.542582849540397,3.25,6.49,0.4354334869183271,16536.0
2025-04-01,BR,ETANOL,4.506405158854986,3.38,6.68,0.46083978789053476,15895.0
2025-05-01,BR,ETANOL,4.483593729152769,3.35,6.89,0.46954983784919047,14990.0
2025-06-01,BR,ETANOL,4.4201696495152865,3.19,6.49,0.49708204778573906,16092.0
2025-07-01,BR,ETANOL,4.376350051885161,3.09,6.49,0.5166812507976231,14455.0
2026-01-01,BR,ETANOL,4.70878998896856,3.69,6.49,0.38404920508477797,14504.0
2026-02-01,BR,ETANOL,4.76827798533278,3.59,6.83,0.3755921581302522,14454.0
2026-03-01,BR,ETANOL,4.864458728404398,3.69,6.99,0.45547615794010077,17191.0
2026-05-01,BR,ETANOL,4.612905126295118,2.95,6.94,0.628177382963721,14767.0
2026-06-01,BR,ETANOL,4.447159660958311,2.89,6.6,0.6540350297512992,17343.0
2026-07-01,BR,ETANOL,4.34215652173913,2.8,6.6,0.6549076189916638,16100.0
2020-07-01,CO,ETANOL,2.7670464154411762,2.199,3.499,0.2558767935487705,2176.0
2020-08-01,CO,ETANOL,2.8253324520819563,2.379,3.599,0.24113108657004714,1513.0
2020-10-01,CO,ETANOL,3.1406959619952493,2.699,3.599,0.17547642008960976,421.0
2020-11-01,CO,ETANOL,3.225637445887446,2.745,3.755,0.1812861584043461,924.0
2020-12-01,CO,ETANOL,3.355543259557344,2.899,3.899,0.1696013115337164,994.0
2021-01-01,CO,ETANOL,3.342647307286167,2.949,4.099,0.16670779401149552,947.0
2021-02-01,CO,ETANOL,3.5146997863247864,2.949,4.259,0.24621667914839437,936.0
2021-03-01,CO,ETANOL,4.162403018867924,3.348,5.099,0.3255686946181269,1325.0
2021-04-01,CO,ETANOL,3.9314382113821136,3.059,4.999,0.37897554382651766,1230.0
2021-05-01,CO,ETANOL,4.268898006134969,3.499,5.699,0.33577838852001185,1304.0
2021-06-01,CO,ETANOL,4.396460723192019,3.739,5.799,0.33299636146221623,1604.0
2023-01-01,CO,ETANOL,3.767743950039032,3.15,5.09,0.2699814519317908,1281.0
2023-02-01,CO,ETANOL,3.732551789077213,3.03,4.71,0.2953101608391033,1062.0
2023-03-01,CO,ETANOL,3.953149441340782,3.13,6.19,0.26601531565271197,1432.0
2023-04-01,CO,ETANOL,3.9817501988862376,3.35,4.73,0.2540499185526357,1257.0
2023-05-01,CO,ETANOL,3.9647114812611544,3.23,5.6,0.27716795349658363,1681.0
2023-06-01,CO,ETANOL,3.735888650963598,3.09,4.89,0.25742393970917554,1401.0
2023-07-01,CO,ETANOL,3.7418377693282636,2.95,5.64,0.29047603820134416,1578.0
2024-01-01,CO,ETANOL,3.4328214971209214,2.67,4.7,0.37737201763144423,1563.0
2024-02-01,CO,ETANOL,3.6110077519379846,2.92,4.58,0.3104844693743276,1419.0
2024-03-01,CO,ETANOL,3.5839026162790697,2.69,4.58,0.34167644764184446,1376.0
2024-04-01,CO,ETANOL,3.8142677561282214,2.79,4.73,0.23133808461565739,1591.0
2024-05-01,CO,ETANOL,3.765513767629282,3.09,4.93,0.24484693480562914,1489.0
2024-06-01,CO,ETANOL,3.7909462365591398,3.19,4.78,0.2351743926437113,1395.0
2025-01-01,CO,ETANOL,4.245091603053435,3.59,4.98,0.32028413069582223,1310.0
2025-02-01,CO,ETANOL,4.407839020122484,3.69,5.06,0.3245996623347457,1143.0
2025-03-01,CO,ETANOL,4.371316199376947,3.59,5.06,0.3334419517246674,1284.0
2025-04-01,CO,ETANOL,4.325144870790917,3.49,5.05,0.3489146833664824,1277.0
2025-05-01,CO,ETANOL,4.373726606997559,3.64,5.29,0.3937003235195185,1229.0
2025-06-01,CO,ETANOL,4.279368968077209,3.49,4.98,0.3984546333227833,1347.0
2025-07-01,CO,ETANOL,4.154176776429809,3.45,4.99,0.3639835350984036,1154.0
2026-01-01,CO,ETANOL,4.7583162393162395,3.79,5.57,0.3553561605602482,1170.0
2026-02-01,CO,ETANOL,4.782417102966841,3.95,5.39,0.3421151835258648,1146.0
2026-03-01,CO,ETANOL,4.670930408472012,3.95,5.29,0.34080231693171537,1322.0
2026-05-01,CO,ETANOL,4.394729148753224,3.37,5.27,0.3321030231277921,1163.0
2026-06-01,CO,ETANOL,4.149089615931721,3.31,5.19,0.33636748535151717,1406.0
2026-07-01,CO,ETANOL,4.016744011976048,3.09,4.97,0.3222983200083763,1336.0
2020-07-01,N,ETANOL,3.6001100671140938,2.799,4.56,0.3301192090291363,745.0
2020-08-01,N,ETANOL,3.5935758157389635,2.98,4.859,0.3489206248045489,521.0
2020-10-01,N,ETANOL,3.583725,2.99,4.169,0.29521731945046426,200.0
2020-11-01,N,ETANOL,3.5822870813397127,2.979,4.299,0.3307783624430802,418.0
2020-12-01,N,ETANOL,3.7053729977116707,3.259,4.299,0.2916736197565092,437.0
2021-01-01,N,ETANOL,3.7330461893764437,3.259,4.3,0.2891272750795681,433.0
2021-02-01,N,ETANOL,3.954441501103753,3.39,4.69,0.29068735181279604,453.0
2021-03-01,N,ETANOL,4.567228,3.89,5.98,0.3861863537408219,500.0
2021-04-01,N,ETANOL,4.604431072210065,3.989,6.18,0.4085633099568865,457.0
2021-05-01,N,ETANOL,4.748513257575758,3.979,6.18,0.4803245461696969,528.0
2021-06-01,N,ETANOL,4.96887304347826,4.09,6.18,0.49613175397613796,575.0
2023-01-01,N,ETANOL,4.393151515151515,3.75,5.8,0.42632751672294317,660.0
2023-02-01,N,ETANOL,4.385512367491166,3.75,6.96,0.4349623143342674,566.0
2023-03-01,N,ETANOL,4.633011093502377,3.9,6.29,0.36249023834113375,631.0
2023-04-01,N,ETANOL,4.717509293680298,4.14,6.29,0.32043226871429786,538.0
2023-05-01,N,ETANOL,4.769685792349726,3.99,6.17,0.3208730986875358,732.0
2023-06-01,N,ETANOL,4.651818181818182,3.87,5.87,0.30819316699146027,572.0
2023-07-01,N,ETANOL,4.792747747747748,3.99,6.39,0.3604897913347533,666.0
2024-01-01,N,ETANOL,4.390036275695284,3.39,6.6,0.5975366086546334,827.0
2024-02-01,N,ETANOL,4.3696541786743515,3.45,6.6,0.5191675501898242,694.0
2024-03-01,N,ETANOL,4.369984779299847,3.45,5.9,0.4645974192385264,657.0
2024-04-01,N,ETANOL,4.430401948842874,3.7,5.9,0.402373093698849,821.0
2024-05-01,N,ETANOL,4.495967302452316,3.7,5.9,0.3756098510216788,734.0
2024-06-01,N,ETANOL,4.487806748466258,3.7,5.9,0.3576381037972908,652.0
2025-01-01,N,ETANOL,4.932403361344538,3.99,5.74,0.28734493166400565,595.0
2025-02-01,N,ETANOL,5.091058451816745,4.1,6.08,0.3610107795764332,633.0
2025-03-01,N,ETANOL,5.126357340720221,4.27,6.08,0.37175991799044694,722.0
2025-04-01,N,ETANOL,5.101142857142857,4.27,6.08,0.3696858770090121,700.0
2025-05-01,N,ETANOL,5.0828224582701065,4.27,6.08,0.3678867405076786,659.0
2025-06-01,N,ETANOL,5.076671289875174,4.22,6.08,0.37080133025894907,721.0
2025-07-01,N,ETANOL,5.072989985693848,4.27,6.08,0.372466899992623,699.0
2026-01-01,N,ETANOL,5.231102106969206,4.37,6.08,0.3333333482427887,617.0
2026-02-01,N,ETANOL,5.2819491525423725,3.99,6.08,0.30290685214662777,590.0
2026-03-01,N,ETANOL,5.4401564722617355,4.49,6.3,0.29463116830896247,703.0
2026-05-01,N,ETANOL,5.363110749185667,4.39,6.6,0.3616717538530816,614.0
2026-06-01,N,ETANOL,5.256261203585147,3.93,6.6,0.38693251699858094,781.0
2026-07-01,N,ETANOL,5.179171875,3.95,6.6,0.3875056889758578,640.0
2020-07-01,NE,ETANOL,3.388140079540433,2.699,4.79,0.23349338329360506,4526.0
2020-08-01,NE,ETANOL,3.393112671456564,2.789,4.79,0.24777105684820905,3062.0
2020-10-01,NE,ETANOL,3.468337519623234,2.849,3.99,0.2589206989682658,637.0
2020-11-01,NE,ETANOL,3.5342272727272728,2.91,3.999,0.2193925399978168,1628.0
2020-12-01,NE,ETANOL,3.6277755905511806,3.15,4.099,0.19808336979865065,2286.0
2021-01-01,NE,ETANOL,3.7003719567177633,3.279,4.63,0.15394581367450733,2218.0
2021-02-01,NE,ETANOL,3.9414931330472105,3.418,4.899,0.21701132494061448,2330.0
2021-03-01,NE,ETANOL,4.466797732260424,3.679,5.199,0.2265426355725145,2734.0
2021-04-01,NE,ETANOL,4.464809156844969,3.86,5.449,0.2320243210481125,2206.0
2021-05-01,NE,ETANOL,4.7557023360964585,3.99,5.697,0.23405704412402595,2654.0
2021-06-01,NE,ETANOL,5.04922882710131,4.09,5.999,0.22366745513343858,3129.0
2023-01-01,NE,ETANOL,4.276184255757992,3.5,6.2,0.3332993567708095,2909.0
2023-02-01,NE,ETANOL,4.294712339137017,3.49,6.45,0.32925330101283273,2642.0
2023-03-01,NE,ETANOL,4.451359349593496,3.59,6.5,0.35575769659324163,3075.0
2023-04-01,NE,ETANOL,4.4230701157249825,3.55,6.5,0.31508131779809895,2938.0
2023-05-01,NE,ETANOL,4.414745098039216,3.65,6.5,0.2948033954418879,3825.0
2023-06-01,NE,ETANOL,4.410513709423259,3.74,5.99,0.28488513572869206,3173.0
2023-07-01,NE,ETANOL,4.610059038515603,3.95,5.99,0.2560584726099945,3557.0
2024-01-01,NE,ETANOL,4.1401403595173605,3.39,5.8,0.40817713845028963,4061.0
2024-02-01,NE,ETANOL,4.237030593881224,3.09,5.8,0.3723562081910348,3334.0
2024-03-01,NE,ETANOL,4.2546519270988945,3.19,5.95,0.31970673085229695,3347.0
2024-04-01,NE,ETANOL,4.434615384615385,3.19,5.79,0.31201149672578876,3991.0
2024-05-01,NE,ETANOL,4.528793763676149,3.89,5.97,0.27866153635940966,3656.0
2024-06-01,NE,ETANOL,4.541597096188748,3.39,5.75,0.2771989609344768,3306.0
2025-01-01,NE,ETANOL,4.688045624787198,3.75,5.99,0.35222017797959965,2937.0
2025-02-01,NE,ETANOL,4.927230711889676,3.99,6.49,0.28991598219105846,2683.0
2025-03-01,NE,ETANOL,4.917455798621516,3.99,6.49,0.2858794645728815,3337.0
2025-04-01,NE,ETANOL,4.919168195718655,3.99,6.49,0.31393287588843466,3270.0
2025-05-01,NE,ETANOL,4.908011517615177,3.39,6.89,0.3152452088732197,2952.0
2025-06-01,NE,ETANOL,4.907191407502405,4.2,6.49,0.3024358013873072,3119.0
2025-07-01,NE,ETANOL,4.899113725490196,4.09,6.49,0.34070243193174915,2550.0
2026-01-01,NE,ETANOL,4.931657977059437,3.99,6.49,0.353152104212639,2877.0
2026-02-01,NE,ETANOL,5.014152719665272,4.19,6.49,0.3297575189658918,2868.0
2026-03-01,NE,ETANOL,5.294868051656373,4.19,6.89,0.4258122680377158,3562.0
2026-05-01,NE,ETANOL,5.315769360838687,4.19,6.94,0.39235038894812446,2957.0
2026-06-01,NE,ETANOL,5.179531802120141,4.19,6.59,0.37465937620499024,3396.0
2026-07-01,NE,ETANOL,5.082857587064677,4.04,6.59,0.38221782149907757,3216.0
2020-07-01,S,ETANOL,3.27004706601467,2.38,4.999,0.5046977915772357,3272.0
2020-08-01,S,ETANOL,3.275349690328728,2.399,4.799,0.5090287820139803,2099.0
2020-10-01,S,ETANOL,3.3010535714285716,2.849,4.499,0.37795193844138364,168.0
2020-11-01,S,ETANOL,3.540130699088146,2.95,5.149,0.46093913589685237,658.0
2020-12-01,S,ETANOL,3.550188085106383,2.94,5.149,0.49453130757108293,1175.0
2021-01-01,S,ETANOL,3.623605220228385,2.95,5.295,0.5067224921213841,1226.0
2021-02-01,S,ETANOL,3.780870799103809,2.99,5.499,0.4896242424964701,1339.0
2021-03-01,S,ETANOL,4.429211538461539,3.29,6.578,0.5524926342590616,1716.0
2021-04-01,S,ETANOL,4.301219727891156,3.399,6.259,0.6283384098308944,1470.0
2021-05-01,S,ETANOL,4.653162194394753,3.499,6.595,0.5469940704036529,1677.0
2021-06-01,S,ETANOL,4.819333655705996,3.98,6.999,0.5939970914434117,2068.0
2023-01-01,S,ETANOL,4.378092074038918,3.49,6.57,0.4512686191583169,2107.0
2023-02-01,S,ETANOL,4.305985010706638,3.39,6.57,0.45041603548748516,1868.0
2023-03-01,S,ETANOL,4.391094819159336,3.39,6.57,0.4663638398318742,2046.0
2023-04-01,S,ETANOL,4.374623655913978,3.39,6.54,0.4620738095630763,2046.0
2023-05-01,S,ETANOL,4.470892518040259,3.09,6.49,0.478345522265237,2633.0
2023-06-01,S,ETANOL,4.348598562628337,3.39,6.73,0.49117443298053653,1948.0
2023-07-01,S,ETANOL,4.381207337883959,3.25,6.73,0.5183572014740534,2344.0
2024-01-01,S,ETANOL,3.9923726176584986,2.99,5.99,0.512696209771935,2571.0
2024-02-01,S,ETANOL,4.072169981916817,3.09,5.99,0.47183801239861783,2212.0
2024-03-01,S,ETANOL,4.080875512995896,3.15,5.99,0.4622600576131679,2193.0
2024-04-01,S,ETANOL,4.1418867155664225,3.17,5.99,0.41954140149581154,2454.0
2024-05-01,S,ETANOL,4.185664435946463,3.39,5.99,0.4215444811757973,2092.0
2024-06-01,S,ETANOL,4.199975845410628,3.11,5.99,0.4257839548605144,2070.0
2025-01-01,S,ETANOL,4.535139844108207,3.69,6.16,0.34747244782038184,2181.0
2025-02-01,S,ETANOL,4.715155310621243,3.89,6.36,0.3389019951736572,1996.0
2025-03-01,S,ETANOL,4.724437636761488,3.49,6.36,0.3517890243770704,2285.0
2025-04-01,S,ETANOL,4.690219523587109,3.45,6.68,0.3721622829774508,2141.0
2025-05-01,S,ETANOL,4.660511977454203,3.69,6.36,0.3849452785204119,2129.0
2025-06-01,S,ETANOL,4.612667286245354,3.59,6.42,0.38498859757001475,2152.0
2025-07-01,S,ETANOL,4.592578703703704,3.59,6.36,0.38994194210459926,2160.0
2026-01-01,S,ETANOL,4.813307123034228,3.89,6.39,0.33199553282113703,2162.0
2026-02-01,S,ETANOL,4.8561891117478515,4.05,6.83,0.3238656480833984,2094.0
2026-03-01,S,ETANOL,4.9382084690553745,3.95,6.99,0.347714866253051,2456.0
2026-05-01,S,ETANOL,4.723929422985217,3.54,6.59,0.4540625679652478,2097.0
2026-06-01,S,ETANOL,4.560808323329332,3.54,6.36,0.5009564779389346,2499.0
2026-07-01,S,ETANOL,4.435402348847325,3.19,6.36,0.4904178884592726,2299.0
2020-07-01,SE,ETANOL,2.827288619894598,2.099,4.699,0.45564907910555025,12144.0
2020-08-01,SE,ETANOL,2.847827378713802,2.079,4.94,0.45906687486613484,7977.0
2020-10-01,SE,ETANOL,3.1167496251874063,2.499,4.399,0.4341611067884334,667.0
2020-11-01,SE,ETANOL,3.198506557854853,2.499,4.969,0.4463801474480009,3431.0
2020-12-01,SE,ETANOL,3.23924496848953,2.299,4.899,0.4206653756107004,4919.0
2021-01-01,SE,ETANOL,3.2461267137515577,2.479,4.799,0.393801029614623,4814.0
2021-02-01,SE,ETANOL,3.451285242076609,2.05,5.399,0.4372653230789985,5143.0
2021-03-01,SE,ETANOL,4.1171588921282805,2.859,6.299,0.5289278236295142,7546.0
2021-04-01,SE,ETANOL,3.8873277261325074,2.379,6.099,0.5135671903656904,6777.0
2021-05-01,SE,ETANOL,4.262790738866396,3.199,6.059,0.4507883254610983,7904.0
2021-06-01,SE,ETANOL,4.3764928124999996,3.097,6.289,0.44823671546325367,9600.0
2023-01-01,SE,ETANOL,3.944860534124629,3.06,6.29,0.37358515321885677,8425.0
2023-02-01,SE,ETANOL,3.8611810817873007,3.09,6.77,0.36649681685843394,7654.0
2023-03-01,SE,ETANOL,3.951832478632479,3.14,5.95,0.3639142016051074,8775.0
2023-04-01,SE,ETANOL,4.012702896815897,3.17,6.59,0.3562376339418027,8354.0
2023-05-01,SE,ETANOL,4.006410231088288,2.99,5.92,0.3950898646831027,10126.0
2023-06-01,SE,ETANOL,3.787070330167345,2.97,5.7,0.38303152712210786,8844.0
2023-07-01,SE,ETANOL,3.8056023588879526,2.79,6.12,0.424858524853659,9496.0
2024-01-01,SE,ETANOL,3.440165475374523,2.63,5.49,0.4253411363718672,10213.0
2024-02-01,SE,ETANOL,3.576304150601043,2.73,5.37,0.38451344583382674,8818.0
2024-03-01,SE,ETANOL,3.591968596203422,2.69,5.69,0.3856187035818979,8534.0
2024-04-01,SE,ETANOL,3.7843990596532473,2.85,5.45,0.34757319460856106,10209.0
2024-05-01,SE,ETANOL,3.852286130732145,2.89,5.45,0.3588684038223263,8919.0
2024-06-01,SE,ETANOL,3.829774392371206,2.89,5.69,0.3756897916237062,8599.0
2025-01-01,SE,ETANOL,4.181825778678146,3.29,5.99,0.36101542248996366,7898.0
2025-02-01,SE,ETANOL,4.344358541963938,3.39,6.07,0.3612072807425014,7709.0
2025-03-01,SE,ETANOL,4.332876066457118,3.25,5.99,0.3542083545839902,8908.0
2025-04-01,SE,ETANOL,4.279753144469261,3.38,6.27,0.3676915106158993,8507.0
2025-05-01,SE,ETANOL,4.248036404438349,3.35,5.99,0.3740028427102536,8021.0
2025-06-01,SE,ETANOL,4.166890209071176,3.19,5.99,0.3913968199811735,8753.0
2025-07-01,SE,ETANOL,4.119043335022808,3.09,5.99,0.40091134256537253,7892.0
2026-01-01,SE,ETANOL,4.546329773378484,3.69,6.39,0.3199353468403405,7678.0
2026-02-01,SE,ETANOL,4.612460030943785,3.59,5.99,0.31831055125750385,7756.0
2026-03-01,SE,ETANOL,4.66079470922606,3.69,5.99,0.3426867206762105,9148.0
2026-05-01,SE,ETANOL,4.295607358870968,2.95,6.29,0.5076199542593093,7936.0
2026-06-01,SE,ETANOL,4.124951949033582,2.89,6.59,0.5286210006967925,9261.0
2026-07-01,SE,ETANOL,4.028832617028691,2.8,6.19,0.531150987690044,8609.0
2020-07-01,BR,GASOLINA,4.166270376725684,3.259,5.69,0.29414480786139174,25642.0
2020-08-01,BR,GASOLINA,4.262311762980347,3.37,5.69,0.2997920930688846,17045.0
2020-10-01,BR,GASOLINA,4.390951063829787,3.64,5.199,0.3080686961894658,2350.0
2020-11-01,BR,GASOLINA,4.403625727213963,3.59,5.499,0.3095573692659547,7735.0
2020-12-01,BR,GASOLINA,4.474170833333333,3.65,5.499,0.30342364890547435,10800.0
2021-01-01,BR,GASOLINA,4.585724786006699,3.099,5.95,0.293837750798411,10748.0
2021-02-01,BR,GASOLINA,4.912242029240796,3.89,6.35,0.34560207064790566,11354.0
2021-03-01,BR,GASOLINA,5.468559175445441,4.279,6.7,0.3575978767299749,15378.0
2021-04-01,BR,GASOLINA,5.454396201216798,3.899,6.89,0.3530101522136294,13478.0
2021-05-01,BR,GASOLINA,5.584161053039101,4.199,6.997,0.34063094496343865,15498.0
2021-06-01,BR,GASOLINA,5.671505743458839,4.398,6.89,0.33098800543932927,18804.0
2023-01-01,BR,GASOLINA,5.044546582449808,4.09,8.19,0.3236882487381214,17732.0
2023-02-01,BR,GASOLINA,5.101144694935365,4.09,7.0,0.3347575956912104,16013.0
2023-03-01,BR,GASOLINA,5.514038461538462,4.23,7.19,0.3554092434866522,18512.0
2023-04-01,BR,GASOLINA,5.506561666382882,4.34,7.35,0.3592668037362438,17619.0
2023-05-01,BR,GASOLINA,5.4023641182283715,4.09,7.35,0.385808146375966,22262.0
2023-06-01,BR,GASOLINA,5.392588568982126,4.43,7.0,0.3349637302919479,18686.0
2023-07-01,BR,GASOLINA,5.6091574386133844,4.58,7.39,0.35924580716094967,20770.0
2024-01-01,BR,GASOLINA,5.608682647899714,4.55,7.99,0.39537944739301606,22735.0
2024-02-01,BR,GASOLINA,5.77419694711415,4.59,7.97,0.37849881460476004,19457.0
2024-03-01,BR,GASOLINA,5.765256660511739,4.59,7.97,0.3749086925064888,18955.0
2024-04-01,BR,GASOLINA,5.822026798433048,4.69,7.97,0.3724455814794599,22464.0
2024-05-01,BR,GASOLINA,5.871874622964006,4.59,7.97,0.37642126192942477,19892.0
2024-06-01,BR,GASOLINA,5.863740931552939,4.59,7.97,0.3717050145037015,19022.0
2025-01-01,BR,GASOLINA,6.183838588208846,5.04,8.29,0.3705473530484921,17793.0
2025-02-01,BR,GASOLINA,6.367177196591244,5.19,8.79,0.3938506930890269,17015.0
2025-03-01,BR,GASOLINA,6.3499516226567225,5.19,8.79,0.39568559403789355,19844.0
2025-04-01,BR,GASOLINA,6.316235226138573,5.19,8.99,0.405074185227581,19037.0
2025-05-01,BR,GASOLINA,6.2836019325817745,5.15,8.99,0.41200808208729445,18007.0
2025-06-01,BR,GASOLINA,6.22632360631733,4.99,8.99,0.4194827074262031,19122.0
2025-07-01,BR,GASOLINA,6.211219243268338,4.99,8.99,0.42912241140845797,17232.0
2026-01-01,BR,GASOLINA,6.325559491318739,5.09,9.29,0.36196597769270367,17221.0
2026-02-01,BR,GASOLINA,6.311746226746227,5.28,9.29,0.36244497381473434,17094.0
2026-03-01,BR,GASOLINA,6.602841908693303,5.29,9.54,0.43390988024744104,20349.0
2026-05-01,BR,GASOLINA,6.67787346120813,5.49,9.69,0.4014943185587218,17465.0
2026-06-01,BR,GASOLINA,6.656689063266308,5.49,9.79,0.39720306776828845,20390.0
2026-07-01,BR,GASOLINA,6.617934943844035,5.39,9.79,0.41279652342798034,18876.0
2020-07-01,CO,GASOLINA,4.162105747126437,3.499,4.71,0.18778030342466615,2175.0
2020-08-01,CO,GASOLINA,4.342461133069828,3.799,4.807,0.19433585361235473,1518.0
2020-10-01,CO,GASOLINA,4.57364858490566,4.139,4.99,0.18016211926443101,424.0
2020-11-01,CO,GASOLINA,4.564748922413792,4.199,4.99,0.1575704787393336,928.0
2020-12-01,CO,GASOLINA,4.638960882647944,4.279,4.999,0.1500880045535506,997.0
2021-01-01,CO,GASOLINA,4.701492600422833,4.299,5.199,0.1599751053655621,946.0
2021-02-01,CO,GASOLINA,5.007823529411764,4.379,5.659,0.21650170707733682,935.0
2021-03-01,CO,GASOLINA,5.6119493957703925,4.8,6.299,0.2312627428770596,1324.0
2021-04-01,CO,GASOLINA,5.556448247758761,4.955,6.099,0.23249737402038062,1227.0
2021-05-01,CO,GASOLINA,5.744932926829268,5.075,6.249,0.21474029886219248,1312.0
2021-06-01,CO,GASOLINA,5.811424969249693,4.398,6.51,0.1940179426218868,1626.0
2023-01-01,CO,GASOLINA,4.949027882441597,4.32,6.29,0.24324578370107067,1327.0
2023-02-01,CO,GASOLINA,5.000073461891644,4.35,5.74,0.25014112583436704,1089.0
2023-03-01,CO,GASOLINA,5.463852961198094,4.29,6.59,0.287495281609923,1469.0
2023-04-01,CO,GASOLINA,5.496156202143951,4.44,6.25,0.28062232993347014,1306.0
2023-05-01,CO,GASOLINA,5.380091848450058,4.49,6.25,0.291717157932461,1742.0
2023-06-01,CO,GASOLINA,5.383645621181262,4.69,6.33,0.28722733172733933,1473.0
2023-07-01,CO,GASOLINA,5.555663449939687,4.79,6.69,0.2976434503555702,1658.0
2024-01-01,CO,GASOLINA,5.593327370304115,4.79,6.75,0.33967592416428777,1677.0
2024-02-01,CO,GASOLINA,5.843471234647706,4.99,6.84,0.26370391324654363,1547.0
2024-03-01,CO,GASOLINA,5.80833000665336,4.99,6.84,0.27911395416911244,1503.0
2024-04-01,CO,GASOLINA,5.870548476454294,5.25,6.94,0.25797797759221,1805.0
2024-05-01,CO,GASOLINA,5.804335154826958,5.19,6.94,0.2862819933301154,1647.0
2024-06-01,CO,GASOLINA,5.851817597944766,5.18,6.89,0.2654844194880077,1557.0
2025-01-01,CO,GASOLINA,6.2344990176817285,5.29,7.09,0.28696357643359377,1527.0
2025-02-01,CO,GASOLINA,6.392445095168375,5.49,7.19,0.2593215060564732,1366.0
2025-03-01,CO,GASOLINA,6.357899543378996,5.45,7.19,0.28970300418351,1533.0
2025-04-01,CO,GASOLINA,6.307939032471836,5.56,7.19,0.2910619110572424,1509.0
2025-05-01,CO,GASOLINA,6.321004098360656,5.19,7.19,0.3137914724114961,1464.0
2025-06-01,CO,GASOLINA,6.252691342534505,5.44,7.1,0.3090157655200482,1594.0
2025-07-01,CO,GASOLINA,6.203321428571428,5.44,6.99,0.2890613031794697,1400.0
2026-01-01,CO,GASOLINA,6.392898761835397,5.44,6.95,0.23605118615225903,1373.0
2026-02-01,CO,GASOLINA,6.3478776713338245,5.39,6.99,0.26009767806308154,1357.0
2026-03-01,CO,GASOLINA,6.450252525252526,5.39,7.26,0.28943199104712475,1584.0
2026-05-01,CO,GASOLINA,6.709203539823009,5.94,7.49,0.2822206875382197,1356.0
2026-06-01,CO,GASOLINA,6.709158476658477,5.89,7.55,0.2718076110986421,1628.0
2026-07-01,CO,GASOLINA,6.633871811641596,5.59,7.29,0.32393853934700056,1529.0
2020-07-01,N,GASOLINA,4.289354920634921,3.26,5.69,0.42661681740659546,1575.0
2020-08-01,N,GASOLINA,4.338585496866607,3.37,5.69,0.4522749020162092,1117.0
2020-10-01,N,GASOLINA,4.341021148036254,3.64,5.099,0.4447847925374893,331.0
2020-11-01,N,GASOLINA,4.302492307692308,3.59,5.19,0.45080321827534886,715.0
2020-12-01,N,GASOLINA,4.446944584382871,3.65,5.31,0.38938467570875634,794.0
2021-01-01,N,GASOLINA,4.620083660130719,3.82,5.95,0.37340165944267517,765.0
2021-02-01,N,GASOLINA,5.045808284023668,4.05,6.35,0.42160920976738375,845.0
2021-03-01,N,GASOLINA,5.550224975222993,4.48,6.7,0.4521733144275348,1009.0
2021-04-01,N,GASOLINA,5.611984478935699,4.68,6.89,0.4330122094880354,902.0
2021-05-01,N,GASOLINA,5.619990990990991,4.78,6.89,0.4987261095869015,999.0
2021-06-01,N,GASOLINA,5.727048517520216,4.85,6.89,0.46061791210642855,1113.0
2023-01-01,N,GASOLINA,5.158799699924981,4.44,6.37,0.35267987287714986,1333.0
2023-02-01,N,GASOLINA,5.284006436041834,4.37,6.76,0.3902415206035722,1243.0
2023-03-01,N,GASOLINA,5.824652677279305,4.82,6.99,0.460648712434178,1382.0
2023-04-01,N,GASOLINA,5.899226430298146,4.91,7.35,0.4668149261761842,1241.0
2023-05-01,N,GASOLINA,5.823767857142857,4.59,7.35,0.5126087673273341,1680.0
2023-06-01,N,GASOLINA,5.722750565184627,4.85,7.0,0.4349538042053052,1327.0
2023-07-01,N,GASOLINA,5.989887566137567,4.99,7.3,0.42257059050740353,1512.0
2024-01-01,N,GASOLINA,5.9900831485587585,4.79,7.7,0.5735189213522411,1804.0
2024-02-01,N,GASOLINA,6.1259777632439505,5.12,7.8,0.5398448264807004,1529.0
2024-03-01,N,GASOLINA,6.1370375620127575,5.22,7.7,0.5276800670842362,1411.0
2024-04-01,N,GASOLINA,6.1846768707483,5.32,7.7,0.4539387815179915,1764.0
2024-05-01,N,GASOLINA,6.2286019417475735,4.74,7.79,0.45319946382555565,1545.0
2024-06-01,N,GASOLINA,6.2443763518385005,5.35,7.79,0.4429254181893017,1387.0
2025-01-01,N,GASOLINA,6.709594936708861,5.67,7.99,0.5078319091464362,1185.0
2025-02-01,N,GASOLINA,6.857282608695653,5.76,8.39,0.5362022843733869,1288.0
2025-03-01,N,GASOLINA,6.818549828178694,5.69,8.39,0.5529324352475015,1455.0
2025-04-01,N,GASOLINA,6.774949784791966,5.65,8.71,0.5771409136699872,1394.0
2025-05-01,N,GASOLINA,6.736514329976762,5.41,8.39,0.5529292779573165,1291.0
2025-06-01,N,GASOLINA,6.698123620309051,5.37,8.39,0.5463034939797231,1359.0
2025-07-01,N,GASOLINA,6.70891830559758,5.58,8.39,0.5741862906972625,1322.0
2026-01-01,N,GASOLINA,6.747777777777777,5.45,8.29,0.4985398409365477,1071.0
2026-02-01,N,GASOLINA,6.7156769825918765,5.33,8.29,0.5210849283262157,1034.0
2026-03-01,N,GASOLINA,7.100382424735558,5.52,9.29,0.5356153575906397,1229.0
2026-05-01,N,GASOLINA,7.11810205908684,5.98,9.29,0.4959881852395185,1117.0
2026-06-01,N,GASOLINA,7.074753131908622,5.99,8.99,0.4751323696163205,1357.0
2026-07-01,N,GASOLINA,7.0660840336134445,5.97,8.99,0.4955098228309746,1190.0
2020-07-01,NE,GASOLINA,4.275089091269056,3.499,5.21,0.23561729916357083,5051.0
2020-08-01,NE,GASOLINA,4.390370521409846,3.699,5.11,0.21471322467663567,3433.0
2020-10-01,NE,GASOLINA,4.384558173784979,3.87,4.899,0.2479575370802227,679.0
2020-11-01,NE,GASOLINA,4.453400921658987,3.87,4.999,0.2240620989448867,1736.0
2020-12-01,NE,GASOLINA,4.606332512315271,3.99,5.107,0.19647755870310502,2436.0
2021-01-01,NE,GASOLINA,4.726613203554804,4.379,5.3,0.1517678221243439,2363.0
2021-02-01,NE,GASOLINA,5.066844660194175,3.99,5.899,0.22743545194961998,2472.0
2021-03-01,NE,GASOLINA,5.521014814814815,4.39,6.499,0.25624677299886184,2970.0
2021-04-01,NE,GASOLINA,5.434903675538656,4.85,6.299,0.23767048695851903,2367.0
2021-05-01,NE,GASOLINA,5.623701460634129,4.59,6.399,0.24101636022465575,2807.0
2021-06-01,NE,GASOLINA,5.782487256371814,4.59,6.399,0.21690809329836278,3335.0
2023-01-01,NE,GASOLINA,5.196524314214464,4.13,6.85,0.3569242661183894,3208.0
2023-02-01,NE,GASOLINA,5.2507373737373735,4.09,7.0,0.3612685282846701,2970.0
2023-03-01,NE,GASOLINA,5.664833863045363,4.27,6.99,0.3459553370348616,3461.0
2023-04-01,NE,GASOLINA,5.650601208459215,4.58,6.99,0.3233766690878541,3310.0
2023-05-01,NE,GASOLINA,5.4577130454649305,4.29,6.79,0.3575854072642932,4377.0
2023-06-01,NE,GASOLINA,5.449496422674739,4.62,6.51,0.29762505135752154,3634.0
2023-07-01,NE,GASOLINA,5.7636177972283,4.89,6.74,0.28340951828199346,4113.0
2024-01-01,NE,GASOLINA,5.657490347490348,4.75,6.69,0.36213988825099147,4662.0
2024-02-01,NE,GASOLINA,5.84890620940504,5.07,6.8,0.33734074364609334,3849.0
2024-03-01,NE,GASOLINA,5.824940414507772,5.03,6.91,0.2936608857270499,3860.0
2024-04-01,NE,GASOLINA,5.933410733844469,5.09,6.99,0.31565840199044337,4565.0
2024-05-01,NE,GASOLINA,6.024398682042834,5.07,6.99,0.29519555610608134,4249.0
2024-06-01,NE,GASOLINA,5.997852522639069,5.21,6.99,0.3033159460544855,3865.0
2025-01-01,NE,GASOLINA,6.280575498575499,5.49,7.49,0.3022460037178832,3510.0
2025-02-01,NE,GASOLINA,6.448001844451276,5.65,7.59,0.3143123519830922,3253.0
2025-03-01,NE,GASOLINA,6.41796232027764,5.46,7.59,0.3204314017563056,4034.0
2025-04-01,NE,GASOLINA,6.3613894523326575,5.19,7.59,0.34769819739251157,3944.0
2025-05-01,NE,GASOLINA,6.308517705188032,5.25,7.59,0.3575899389207654,3643.0
2025-06-01,NE,GASOLINA,6.301698801459094,5.39,7.59,0.3408031124917996,3838.0
2025-07-01,NE,GASOLINA,6.248499184339315,5.4,7.59,0.34224316485933975,3065.0
2026-01-01,NE,GASOLINA,6.340993471473176,5.09,7.69,0.3607074421804494,3523.0
2026-02-01,NE,GASOLINA,6.352397711015737,5.44,7.69,0.36093678090711123,3495.0
2026-03-01,NE,GASOLINA,6.840389221556887,5.39,8.88,0.47530589871621676,4342.0
2026-05-01,NE,GASOLINA,6.9508624965555255,5.74,7.99,0.40992288259664816,3629.0
2026-06-01,NE,GASOLINA,6.97284090909091,5.79,7.99,0.3397603249828472,4136.0
2026-07-01,NE,GASOLINA,6.950197638603696,6.24,7.99,0.3242024866162865,3896.0
2020-07-01,S,GASOLINA,4.100718784167942,3.35,5.099,0.21509471064778002,4573.0
2020-08-01,S,GASOLINA,4.169907854471268,3.456,5.104,0.2167641811134777,2941.0
2020-10-01,S,GASOLINA,4.228079681274901,3.849,4.699,0.1855720927981844,251.0
2020-11-01,S,GASOLINA,4.372035634743876,3.87,5.499,0.2728198773225776,898.0
2020-12-01,S,GASOLINA,4.418142069810165,3.879,5.499,0.2715295332037385,1633.0
2021-01-01,S,GASOLINA,4.563585698689956,3.999,5.659,0.2617039974377164,1832.0
2021-02-01,S,GASOLINA,4.8843139293139295,4.249,6.169,0.3035245244894706,1924.0
2021-03-01,S,GASOLINA,5.3997887733887735,4.29,6.699,0.2918772197996463,2405.0
2021-04-01,S,GASOLINA,5.358170513424399,4.64,6.663,0.3278126981493036,2123.0
2021-05-01,S,GASOLINA,5.552480825958702,4.38,6.839,0.30987603351290643,2373.0
2021-06-01,S,GASOLINA,5.646653181076672,5.099,6.839,0.2947766116246815,3065.0
2023-01-01,S,GASOLINA,5.0499815100154075,4.31,6.59,0.24183178805677133,3245.0
2023-02-01,S,GASOLINA,5.1191529576478825,4.09,6.19,0.2463195117644522,2857.0
2023-03-01,S,GASOLINA,5.554943502824859,4.89,6.49,0.2408403914178584,3186.0
2023-04-01,S,GASOLINA,5.506395422759058,4.57,6.34,0.28205803059181217,3146.0
2023-05-01,S,GASOLINA,5.400108937855905,4.65,6.34,0.31868086206158586,4039.0
2023-06-01,S,GASOLINA,5.46408215661104,4.58,6.49,0.2206162934743466,3116.0
2023-07-01,S,GASOLINA,5.678619281045751,4.79,6.71,0.2542692938786777,3672.0
2024-01-01,S,GASOLINA,5.6634960789273965,4.99,6.79,0.2675561749017247,3953.0
2024-02-01,S,GASOLINA,5.840685866983373,5.14,6.97,0.2627085369054723,3368.0
2024-03-01,S,GASOLINA,5.826731001206272,5.09,6.96,0.2869058758805822,3316.0
2024-04-01,S,GASOLINA,5.872066360938764,5.09,7.24,0.27462380276992704,3707.0
2024-05-01,S,GASOLINA,5.953309926587935,5.14,7.14,0.24444490773725025,3133.0
2024-06-01,S,GASOLINA,5.928366398016119,5.09,7.19,0.2197065632336025,3226.0
2025-01-01,S,GASOLINA,6.18886314488724,5.59,7.25,0.23938581303503056,3237.0
2025-02-01,S,GASOLINA,6.450083528232542,5.69,7.39,0.2704711421623893,2993.0
2025-03-01,S,GASOLINA,6.462846354923033,5.69,7.39,0.2675103682665131,3443.0
2025-04-01,S,GASOLINA,6.436972111553785,5.29,7.39,0.27343629581128986,3263.0
2025-05-01,S,GASOLINA,6.383149030823006,5.52,7.39,0.31557185959945283,3147.0
2025-06-01,S,GASOLINA,6.303060830383006,5.43,7.34,0.32284392628867353,3107.0
2025-07-01,S,GASOLINA,6.313583145706015,5.29,7.37,0.30300218309293503,3109.0
2026-01-01,S,GASOLINA,6.44370786516854,5.69,7.39,0.2662154625440235,3115.0
2026-02-01,S,GASOLINA,6.407035809018567,5.39,7.39,0.2974018506003385,3016.0
2026-03-01,S,GASOLINA,6.587621468926554,5.39,7.99,0.30446585265091863,3540.0
2026-05-01,S,GASOLINA,6.61752850435949,5.8,7.69,0.2722974212781492,2982.0
2026-06-01,S,GASOLINA,6.555063362433117,5.69,7.66,0.285338623019892,3551.0
2026-07-01,S,GASOLINA,6.48570803376055,5.39,7.63,0.335175913275968,3199.0
2020-07-01,SE,GASOLINA,4.13083868601239,3.259,5.549,0.31854169777154046,12268.0
2020-08-01,SE,GASOLINA,4.215680313588851,3.379,5.549,0.32232168892955454,8036.0
2020-10-01,SE,GASOLINA,4.367318796992481,3.649,5.199,0.3283544459746541,665.0
2020-11-01,SE,GASOLINA,4.364512434933488,3.679,5.349,0.33033804267321365,3458.0
2020-12-01,SE,GASOLINA,4.398638663967612,3.699,5.399,0.32872322537605503,4940.0
2021-01-01,SE,GASOLINA,4.497298223874433,3.099,5.579,0.3271572900807031,4842.0
2021-02-01,SE,GASOLINA,4.8097553109308615,3.89,6.099,0.37257730521827775,5178.0
2021-03-01,SE,GASOLINA,5.434315384615385,4.279,6.699,0.4000347188095628,7670.0
2021-04-01,SE,GASOLINA,5.451926957282403,3.899,6.599,0.3869375126933408,6859.0
2021-05-01,SE,GASOLINA,5.548874484825778,4.199,6.997,0.36158330539738626,8007.0
2021-06-01,SE,GASOLINA,5.6111562338334195,4.699,6.799,0.3562191339723353,9665.0
2023-01-01,SE,GASOLINA,4.982970182155703,4.09,8.19,0.31936064787129564,8619.0
2023-02-01,SE,GASOLINA,5.02309905780494,4.21,6.99,0.320850806294432,7854.0
2023-03-01,SE,GASOLINA,5.402237630352785,4.23,7.19,0.3316339034736707,9014.0
2023-04-01,SE,GASOLINA,5.39630687093779,4.34,7.19,0.33030092061367405,8616.0
2023-05-01,SE,GASOLINA,5.315802954719877,4.09,7.19,0.3617237399161158,10424.0
2023-06-01,SE,GASOLINA,5.299054290718039,4.43,6.99,0.33058850661882133,9136.0
2023-07-01,SE,GASOLINA,5.468828323993887,4.58,7.39,0.3442627866695776,9815.0
2024-01-01,SE,GASOLINA,5.504677131309334,4.55,7.99,0.3720347280488973,10639.0
2024-02-01,SE,GASOLINA,5.64799323439546,4.59,7.97,0.35965257156600877,9164.0
2024-03-01,SE,GASOLINA,5.649796954314721,4.59,7.97,0.3689411614457697,8865.0
2024-04-01,SE,GASOLINA,5.6882359032288425,4.69,7.97,0.3638297542528563,10623.0
2024-05-01,SE,GASOLINA,5.727732345996995,4.59,7.97,0.3723464210929539,9318.0
2024-06-01,SE,GASOLINA,5.72618671414265,4.59,7.97,0.37757614554082675,8987.0
2025-01-01,SE,GASOLINA,6.057105831533477,5.04,8.29,0.34774337108976805,8334.0
2025-02-01,SE,GASOLINA,6.222157732593962,5.19,8.79,0.3706096407341052,8115.0
2025-03-01,SE,GASOLINA,6.20526175498454,5.19,8.79,0.37156801355343416,9379.0
2025-04-01,SE,GASOLINA,6.181925618908928,5.19,8.99,0.3817960548433484,8927.0
2025-05-01,SE,GASOLINA,6.160284802647128,5.15,8.99,0.3934942836756104,8462.0
2025-06-01,SE,GASOLINA,6.095044449262793,4.99,8.99,0.4079817042390478,9224.0
2025-07-01,SE,GASOLINA,6.081731046065259,4.99,8.99,0.42027355918225917,8336.0
2026-01-01,SE,GASOLINA,6.20674161444895,5.09,9.29,0.3285487552000793,8139.0
2026-02-01,SE,GASOLINA,6.20235107421875,5.28,9.29,0.32207890483374074,8192.0
2026-03-01,SE,GASOLINA,6.463280505489952,5.29,9.54,0.3616361587590329,9654.0
2026-05-01,SE,GASOLINA,6.517397685240424,5.49,9.69,0.32535718274257147,8381.0
2026-06-01,SE,GASOLINA,6.492101255402346,5.49,9.79,0.33169954023443315,9718.0
2026-07-01,SE,GASOLINA,6.460225115868462,5.49,9.79,0.33952922554109827,9062.0
2019-01-01,BR,GLP,70.17593464261246,47.99,120.0,8.068252639113092,21895.0
2019-02-01,BR,GLP,69.96341893666838,47.99,115.0,8.037361929193537,17511.0
2019-03-01,BR,GLP,69.99839806824026,47.99,110.0,7.913472689961866,17497.0
2019-04-01,BR,GLP,70.00474961187658,50.0,115.0,7.887568392244785,20612.0
2019-05-01,BR,GLP,70.06195876068377,50.0,115.0,7.986786216894232,18720.0
2019-06-01,BR,GLP,70.12550171683644,50.0,115.0,7.929458285728836,17474.0
2019-07-01,BR,GLP,70.09829695153849,49.99,115.0,7.894642642685857,21027.0
2019-08-01,BR,GLP,69.56041615178523,49.5,115.0,7.8359876714740135,18289.0
2019-09-01,BR,GLP,69.76122451483381,49.5,115.0,7.843617119425889,17932.0
2019-10-01,BR,GLP,69.60199915919283,50.0,115.0,7.678387814460256,21408.0
2019-11-01,BR,GLP,69.8938528554279,50.0,115.0,7.707995915543138,17493.0
2019-12-01,BR,GLP,69.96132276501672,50.0,115.0,7.658801582684432,18546.0
2020-01-01,BR,GLP,70.62693642091088,50.0,115.0,8.021403279161726,20793.0
2020-02-01,BR,GLP,70.78962350517824,50.0,115.0,7.970336673739653,17477.0
2020-03-01,BR,GLP,70.84377077775498,50.0,115.0,7.901931704011242,19492.0
2020-04-01,BR,GLP,70.85566268191268,49.99,115.0,7.55125643544671,19240.0
2020-05-01,BR,GLP,70.47133413668445,49.99,115.0,7.42298037590309,17427.0
2020-06-01,BR,GLP,70.58133348475671,49.99,115.0,7.5895728914184595,19812.0
2020-07-01,BR,GLP,70.8055879863763,49.9,115.0,7.434778312557161,19378.0
2020-08-01,BR,GLP,71.04517114659392,49.9,115.0,7.6423077948606,12463.0
2020-10-01,BR,GLP,74.97138505747127,50.0,105.0,8.570576683539574,1392.0
2020-11-01,BR,GLP,75.24080233284732,53.0,110.0,8.290593346772265,4801.0
2020-12-01,BR,GLP,76.12109921387909,58.99,110.0,7.915293715857465,7378.0
2021-07-01,BR,GLP,92.76918319807635,64.99,130.0,8.469091562712011,13308.0
2021-08-01,BR,GLP,94.41954099880779,65.99,130.0,8.329502657066845,15098.0
2021-09-01,BR,GLP,98.72650945927815,70.0,135.0,8.5234962268639,14906.0
2021-10-01,BR,GLP,101.80654751712329,74.0,135.0,8.724940976095157,14016.0
2021-11-01,BR,GLP,103.53522636525585,75.0,140.0,8.712905889638844,16279.0
2021-12-01,BR,GLP,103.29313225499524,77.99,140.0,8.951108440846589,15765.0
2022-07-01,BR,GLP,112.90535153625314,81.99,160.0,10.440391701424035,16371.0
2022-08-01,BR,GLP,112.27779442705393,81.99,160.0,10.38056458941101,19487.0
2022-09-01,BR,GLP,113.16033529208434,81.99,160.0,10.176968221239171,8679.0
2022-10-01,BR,GLP,110.50114848630466,68.0,149.0,9.823206522105083,4162.0
2022-11-01,BR,GLP,110.46495444629797,79.99,150.0,9.894537586539418,7793.0
2022-12-01,BR,GLP,109.64746208291203,80.0,150.0,10.752685277260971,10879.0
2023-01-01,BR,GLP,109.10007056033204,77.99,150.0,11.142390717857422,16865.0
2023-02-01,BR,GLP,108.81309563329928,70.0,155.0,11.490000379769855,15664.0
2023-03-01,BR,GLP,108.22144434857636,70.0,155.0,11.58980551665847,17385.0
2023-04-01,BR,GLP,108.32744149471566,74.99,155.0,11.854826981379883,15896.0
2023-05-01,BR,GLP,108.42594919912804,70.0,155.0,11.884401363940484,21102.0
2023-06-01,BR,GLP,104.4753247598893,72.99,155.0,12.266491935655251,18429.0
2023-07-01,BR,GLP,103.1764460098427,69.99,155.0,12.240178613007034,20726.0
2023-08-01,BR,GLP,102.31497217768555,69.99,150.0,12.281835730838115,21206.0
2023-09-01,BR,GLP,102.32045276216732,69.99,150.0,11.949709374484312,18862.0
2023-10-01,BR,GLP,102.91042827822122,65.0,150.0,12.20023728439687,21925.0
2023-11-01,BR,GLP,102.33803992114342,67.0,155.0,12.643502884500846,20290.0
2023-12-01,BR,GLP,102.02277890574909,67.0,154.0,12.819177031642385,18716.0
2024-01-01,BR,GLP,101.97040433403805,67.0,154.0,12.94246742862104,22704.0
2024-02-01,BR,GLP,102.96883635076362,67.0,154.0,12.463351132610082,19774.0
2024-03-01,BR,GLP,103.10389287397246,69.99,154.0,12.70249391098182,19099.0
2024-04-01,BR,GLP,102.84085006662684,69.99,150.0,12.77986092477468,21763.0
2024-05-01,BR,GLP,102.55081722363755,69.99,154.0,12.782434176258764,20019.0
2024-06-01,BR,GLP,102.48144078666097,69.99,154.0,12.606943622472814,18712.0
2024-07-01,BR,GLP,103.89936647727274,70.0,148.0,12.238173454307834,7040.0
2024-08-01,BR,GLP,104.67814316921526,73.0,148.0,12.027059492269558,5951.0
2024-09-01,BR,GLP,107.41113026235509,73.99,150.0,11.64387109532867,6556.0
2024-10-01,BR,GLP,108.20440364141336,70.0,147.0,11.534671971394154,6481.0
2024-11-01,BR,GLP,108.2805967544931,74.99,160.0,11.986502222297732,5731.0
2024-12-01,BR,GLP,108.9297404740474,74.99,160.0,12.170567532624338,6666.0
2025-01-01,BR,GLP,107.67654674334626,74.99,160.0,12.264307637153488,7477.0
2025-02-01,BR,GLP,107.83206419753085,74.99,170.0,12.451038812433262,10125.0
2025-03-01,BR,GLP,108.38423230240551,74.99,155.0,12.583134596144086,14550.0
2025-04-01,BR,GLP,108.65167783380535,74.99,155.0,12.435215356310549,14477.0
2025-05-01,BR,GLP,109.62110437513695,74.99,155.0,12.162713401026853,13691.0
2025-06-01,BR,GLP,109.55819022687609,79.99,156.0,12.026415561939574,11460.0
2025-07-01,BR,GLP,109.98029596268296,75.0,156.0,11.966986126787484,6217.0
2025-08-01,BR,GLP,109.9365592807642,80.0,156.0,12.021180409447725,5339.0
2025-09-01,BR,GLP,110.53071323111868,79.99,156.0,12.165618570661644,8805.0
2025-10-01,BR,GLP,111.74882214621633,79.99,156.0,11.85857347110719,9356.0
2025-11-01,BR,GLP,111.66557637763371,79.99,156.0,11.780679752505902,9872.0
2025-12-01,BR,GLP,111.2794954460026,79.99,170.0,11.999129059089832,13834.0
2026-01-01,BR,GLP,111.3547456412706,79.9,170.0,12.015042447569787,12561.0
2026-02-01,BR,GLP,111.07366325640416,79.99,170.0,11.93979753747516,12609.0
2026-03-01,BR,GLP,111.13694903533641,79.99,156.0,12.081614413316188,14461.0
2026-04-01,BR,GLP,114.5613194653049,79.99,156.0,12.144074528746302,13316.0
2026-05-01,BR,GLP,115.53505435213839,79.99,156.0,12.073228135018587,12603.0
2026-06-01,BR,GLP,115.82563161850106,79.0,161.0,12.192193168627032,14637.0
2019-01-01,CO,GLP,77.06907511940946,50.0,120.0,12.371811973489855,2303.0
2019-02-01,CO,GLP,76.73263700488334,50.0,115.0,12.100738497939895,1843.0
2019-03-01,CO,GLP,76.41821824104235,55.0,110.0,11.912095191862926,1842.0
2019-04-01,CO,GLP,76.7186600271616,55.0,115.0,11.703657413174911,2209.0
2019-05-01,CO,GLP,77.03992776057792,53.0,115.0,11.749684994292124,1938.0
2019-06-01,CO,GLP,76.95487235198263,53.0,115.0,11.690288416380234,1841.0
2019-07-01,CO,GLP,76.52815538194444,55.0,115.0,11.552260849085048,2304.0
2019-08-01,CO,GLP,75.9674823657081,50.0,115.0,11.909843931579468,1843.0
2019-09-01,CO,GLP,75.80072977260708,50.0,115.0,11.925897244049008,1891.0
2019-10-01,CO,GLP,75.71531886625333,50.0,115.0,11.839739381891402,2258.0
2019-11-01,CO,GLP,75.92728308026031,55.0,115.0,11.675555440276728,1844.0
2019-12-01,CO,GLP,76.29116504854369,55.0,115.0,11.49122883047179,1854.0
2020-01-01,CO,GLP,76.47499563699826,55.0,115.0,11.416149016142716,2292.0
2020-02-01,CO,GLP,76.6045652173913,58.0,115.0,11.711718676239293,1840.0
2020-03-01,CO,GLP,76.45690332326284,58.0,115.0,11.580791602205865,1986.0
2020-04-01,CO,GLP,76.72014201762977,58.0,115.0,11.461529442342112,2042.0
2020-05-01,CO,GLP,75.84036085292509,58.0,115.0,11.31662558055826,1829.0
2020-06-01,CO,GLP,76.06341603053436,57.99,115.0,11.729941423354694,2096.0
2020-07-01,CO,GLP,75.982474022761,57.99,115.0,11.059168868156384,2021.0
2020-08-01,CO,GLP,76.02679231337768,58.0,115.0,11.37316547657572,1353.0
2020-10-01,CO,GLP,76.34502547770701,59.9,105.0,10.611397427914511,314.0
2020-11-01,CO,GLP,79.40212356321838,59.9,110.0,10.827258072649805,696.0
2020-12-01,CO,GLP,80.2532909930716,64.99,110.0,10.386963267473776,866.0
2021-07-01,CO,GLP,98.7445818815331,74.9,130.0,12.28700754464579,1148.0
2021-08-01,CO,GLP,100.7657516828721,79.9,130.0,11.777110292787118,1337.0
2021-09-01,CO,GLP,103.95528781793843,79.9,135.0,11.613420736794323,1494.0
2021-10-01,CO,GLP,106.4745260989011,85.0,135.0,11.771367827541381,1456.0
2021-11-01,CO,GLP,108.88868995633189,84.99,140.0,11.785915583775523,1603.0
2021-12-01,CO,GLP,108.27724097788125,84.99,140.0,11.528994067407208,1718.0
2022-07-01,CO,GLP,118.60641860465117,92.0,160.0,12.982397751938247,1720.0
2022-08-01,CO,GLP,117.59139438085327,94.99,160.0,13.188654559529896,1922.0
2022-09-01,CO,GLP,118.22503296703296,93.0,150.0,12.80671643562464,910.0
2022-10-01,CO,GLP,111.02332402234636,94.99,141.0,11.132094281562436,358.0
2022-11-01,CO,GLP,113.51490147783252,94.99,150.0,11.171530427778878,812.0
2022-12-01,CO,GLP,113.79290697674419,89.99,150.0,12.453386104674152,1118.0
2023-01-01,CO,GLP,113.39941950927587,84.99,150.0,11.956820696148073,1671.0
2023-02-01,CO,GLP,112.47254076086956,89.0,150.0,11.29513633795391,1472.0
2023-03-01,CO,GLP,111.97599465240641,84.99,150.0,11.587679669272925,1870.0
2023-04-01,CO,GLP,112.77690793650794,88.99,150.0,12.284450606765862,1575.0
2023-05-01,CO,GLP,112.1203137065637,79.99,150.0,11.848640110796552,2072.0
2023-06-01,CO,GLP,108.6534232250963,72.99,145.0,13.017198478421486,1817.0
2023-07-01,CO,GLP,106.11104697986578,72.99,145.0,12.872211284150373,2235.0
2023-08-01,CO,GLP,105.75232303090728,69.99,145.0,13.913440470387984,2006.0
2023-09-01,CO,GLP,104.93894736842105,69.99,145.0,12.809766293003692,1767.0
2023-10-01,CO,GLP,104.63694610778444,70.0,150.0,13.08784219171508,2004.0
2023-11-01,CO,GLP,104.84319487179488,77.99,145.0,13.105159986192424,1950.0
2023-12-01,CO,GLP,104.94596228508043,74.99,145.0,13.616879451488048,1803.0
2024-01-01,CO,GLP,105.482667631452,77.99,145.0,14.200341853585309,2073.0
2024-02-01,CO,GLP,106.5249007936508,74.99,145.0,13.622948500461735,2016.0
2024-03-01,CO,GLP,106.35234273318872,79.99,145.0,13.702833587762347,1844.0
2024-04-01,CO,GLP,106.30790307101728,79.99,145.0,13.681026794818708,2084.0
2024-05-01,CO,GLP,105.91234628627643,79.99,145.0,13.512981406420385,2033.0
2024-06-01,CO,GLP,105.57101871101871,77.99,145.0,13.35525677465882,1924.0
2024-07-01,CO,GLP,103.77105543710022,79.99,144.0,10.732349767980956,938.0
2024-08-01,CO,GLP,104.41114349775785,84.99,144.0,10.162945912602456,892.0
2024-09-01,CO,GLP,107.41145077720208,84.99,144.0,9.902391417070898,965.0
2024-10-01,CO,GLP,108.82533790401567,89.99,144.0,9.726529357463093,1021.0
2024-11-01,CO,GLP,108.3375138121547,89.99,144.0,9.825028817656698,905.0
2024-12-01,CO,GLP,108.3457527881041,84.99,144.0,9.647812008381072,1076.0
2025-01-01,CO,GLP,110.21684385382059,85.0,145.0,11.977674071772222,903.0
2025-02-01,CO,GLP,109.83765130984644,84.99,145.0,11.865319215446913,1107.0
2025-03-01,CO,GLP,110.37697112155809,84.99,145.0,12.073639564710685,1489.0
2025-04-01,CO,GLP,111.24310946944257,85.0,145.0,11.914933108637419,1489.0
2025-05-01,CO,GLP,111.69763957597173,85.0,140.0,11.651950183585246,1415.0
2025-06-01,CO,GLP,111.83473549488055,85.0,140.0,11.021536553106522,1172.0
2025-07-01,CO,GLP,110.29041526374859,89.99,140.0,9.315671979739514,891.0
2025-08-01,CO,GLP,109.9926042983565,89.99,140.0,9.50453843858627,791.0
2025-09-01,CO,GLP,112.01700984780662,85.0,145.0,11.676787384877034,1117.0
2025-10-01,CO,GLP,112.41951447245565,85.0,145.0,11.2557306836112,1071.0
2025-11-01,CO,GLP,113.75951243781094,85.0,150.0,11.844003494847128,1005.0
2025-12-01,CO,GLP,113.68029331514325,85.0,150.0,12.006559008779895,1466.0
2026-01-01,CO,GLP,113.59809778456838,85.0,150.0,11.946762710823306,1309.0
2026-02-01,CO,GLP,114.01069267515923,85.0,150.0,11.719867427060205,1256.0
2026-03-01,CO,GLP,113.82501349527666,85.0,145.0,11.869085891446515,1482.0
2026-04-01,CO,GLP,117.25745387453875,85.0,151.0,11.9035792724177,1355.0
2026-05-01,CO,GLP,118.95839966832503,90.0,151.0,11.767483921881974,1206.0
2026-06-01,CO,GLP,118.50007612456747,84.0,151.0,11.865554207716167,1445.0
2019-01-01,N,GLP,77.57977038425493,60.0,100.0,7.979058255571182,2134.0
2019-02-01,N,GLP,77.39362463343109,63.0,100.0,7.767251637777496,1705.0
2019-03-01,N,GLP,77.45170789163723,63.0,100.0,7.605833564548807,1698.0
2019-04-01,N,GLP,77.60454639709695,63.0,100.0,7.105890966329407,1929.0
2019-05-01,N,GLP,77.91233849439402,65.0,110.0,7.246241206483531,1873.0
2019-06-01,N,GLP,78.18136579572447,62.0,100.0,7.029046689350089,1684.0
2019-07-01,N,GLP,77.8020625,65.0,108.0,6.745458959282788,2080.0
2019-08-01,N,GLP,77.48788248981967,65.0,108.0,6.521263567517654,1719.0
2019-09-01,N,GLP,77.08627920227921,65.0,100.0,6.316811039772794,1755.0
2019-10-01,N,GLP,77.22666503428012,65.0,100.0,6.341656166514298,2042.0
2019-11-01,N,GLP,77.73278137890395,65.0,100.0,6.292719947275713,1697.0
2019-12-01,N,GLP,78.2633201626961,64.0,95.0,6.211002177615394,1721.0
2020-01-01,N,GLP,79.21989990467112,65.0,100.0,6.536968321035686,2098.0
2020-02-01,N,GLP,79.75218861209964,66.0,100.0,6.493067200944174,1686.0
2020-03-01,N,GLP,79.98709388185654,66.0,100.0,6.344712542679066,1896.0
2020-04-01,N,GLP,79.03752960172228,65.0,97.0,5.936833119236271,1858.0
2020-05-01,N,GLP,78.98170924574208,65.0,108.0,5.924475148086272,1644.0
2020-06-01,N,GLP,79.12481688708037,65.0,110.0,6.052063063133278,1966.0
2020-07-01,N,GLP,79.82098152424942,67.0,110.0,6.136122230856366,1732.0
2020-08-01,N,GLP,80.16168548387097,60.0,110.0,6.260842396997969,1240.0
2020-10-01,N,GLP,82.6291627218935,69.0,95.0,5.549878910660836,338.0
2020-11-01,N,GLP,83.64744377267232,70.0,99.0,5.940358181712648,827.0
2020-12-01,N,GLP,86.08456989247311,70.0,102.0,6.3057633417220025,930.0
2021-07-01,N,GLP,102.63286268425136,75.0,125.0,7.828864539759651,1289.0
2021-08-01,N,GLP,104.09117105263157,85.0,130.0,7.272974345920856,1520.0
2021-09-01,N,GLP,106.43268624641834,80.0,130.0,7.79209227066356,1396.0
2021-10-01,N,GLP,108.7618114874816,88.0,135.0,8.032698473318755,1358.0
2021-11-01,N,GLP,110.62212023270848,85.0,135.0,7.454761705543662,1547.0
2021-12-01,N,GLP,111.42243935309973,87.0,135.0,7.607144934798482,1484.0
2022-07-01,N,GLP,123.6697016780609,99.0,154.0,9.506179852263763,1609.0
2022-08-01,N,GLP,122.53971774193548,99.0,150.0,9.428253395979963,1984.0
2022-09-01,N,GLP,122.23166130760985,100.0,150.0,9.223674924022877,933.0
2022-10-01,N,GLP,116.62515775034294,70.0,144.0,7.2952881646324075,729.0
2022-11-01,N,GLP,118.18349322210636,95.0,150.0,7.721277315292552,959.0
2022-12-01,N,GLP,120.29670973298882,87.99,150.0,8.94429244089539,1161.0
2023-01-01,N,GLP,120.39973542116631,87.99,150.0,9.853587366671542,1852.0
2023-02-01,N,GLP,120.71599201824402,87.99,145.0,10.406848186413812,1754.0
2023-03-01,N,GLP,120.3728817204301,87.99,145.0,10.170079822208406,1860.0
2023-04-01,N,GLP,120.56254545454546,87.99,146.0,10.115831139536649,1705.0
2023-05-01,N,GLP,120.35464071856289,84.99,150.0,11.025908294646433,2338.0
2023-06-01,N,GLP,117.04967145790555,84.99,150.0,11.225600066887353,1948.0
2023-07-01,N,GLP,116.01578971962617,77.99,150.0,11.356948530644619,2140.0
2023-08-01,N,GLP,114.38055953446732,77.99,150.0,11.784594982754403,2234.0
2023-09-01,N,GLP,114.37744041450777,77.99,150.0,11.246027814512749,1930.0
2023-10-01,N,GLP,115.72444683598795,78.0,150.0,11.545380963998952,2323.0
2023-11-01,N,GLP,117.15351946721312,79.0,155.0,13.164169781202459,1952.0
2023-12-01,N,GLP,116.58912823112013,79.0,154.0,12.595804730367833,1973.0
2024-01-01,N,GLP,116.29872201872203,77.99,154.0,12.042316447354137,2457.0
2024-02-01,N,GLP,116.50243725868725,77.99,154.0,11.804958267060174,2072.0
2024-03-01,N,GLP,116.6878402366864,74.08,154.0,11.78132907697801,2028.0
2024-04-01,N,GLP,116.66796407185629,79.0,150.0,11.909522051442188,2338.0
2024-05-01,N,GLP,117.00414278776105,77.99,154.0,11.608777412109218,2059.0
2024-06-01,N,GLP,117.4735091615769,79.99,154.0,11.418672700209044,1801.0
2024-07-01,N,GLP,119.88444564047361,98.0,148.0,8.483640363318205,929.0
2024-08-01,N,GLP,120.278225,99.0,148.0,8.77216391057346,800.0
2024-09-01,N,GLP,120.66418181818182,99.0,148.0,9.024717934695062,880.0
2024-10-01,N,GLP,122.43087108013937,99.99,147.0,8.541353839007481,861.0
2024-11-01,N,GLP,123.49511873350924,99.99,160.0,9.386670609145133,758.0
2024-12-01,N,GLP,123.80366211962225,99.99,160.0,9.558170672037667,953.0
2025-01-01,N,GLP,119.9236859688196,84.99,160.0,12.64131318321142,898.0
2025-02-01,N,GLP,119.90886941279578,84.99,155.0,12.147228383662739,1141.0
2025-03-01,N,GLP,121.57023952095808,84.99,155.0,11.91696838525587,1503.0
2025-04-01,N,GLP,121.61161011310712,80.0,155.0,12.295778575375023,1503.0
2025-05-01,N,GLP,122.54673541963015,84.99,155.0,11.60756465565819,1406.0
2025-06-01,N,GLP,121.81278649921506,84.99,156.0,11.106905370233468,1274.0
2025-07-01,N,GLP,122.80655131264916,85.0,156.0,9.889015951015683,838.0
2025-08-01,N,GLP,123.18606602475928,104.0,156.0,8.978663424987936,727.0
2025-09-01,N,GLP,121.20674796747967,84.99,156.0,11.88894983704286,1230.0
2025-10-01,N,GLP,122.64577922077923,85.0,156.0,10.928587373287884,1232.0
2025-11-01,N,GLP,122.07417467248908,85.0,156.0,11.630720152388214,1145.0
2025-12-01,N,GLP,122.14012747875353,79.99,170.0,12.237270676310255,1412.0
2026-01-01,N,GLP,123.03603741496599,79.99,170.0,12.450832628206845,1176.0
2026-02-01,N,GLP,123.20462585034015,79.99,170.0,11.54549127933366,1176.0
2026-03-01,N,GLP,123.91192012288786,79.99,156.0,11.340340534713636,1302.0
2026-04-01,N,GLP,125.08728583545378,85.0,156.0,11.76222808846121,1179.0
2026-05-01,N,GLP,125.93951054852322,85.0,156.0,11.707083135318635,1185.0
2026-06-01,N,GLP,126.85761938202248,85.0,156.0,11.633180120313991,1424.0
2019-01-01,NE,GLP,67.04329842792433,50.0,85.0,6.035766999770828,3753.0
2019-02-01,NE,GLP,67.14043213572855,50.0,90.0,6.165947145374556,3006.0
2019-03-01,NE,GLP,67.2772176372712,50.0,90.0,6.217691965249016,3005.0
2019-04-01,NE,GLP,67.29187040229885,50.0,90.0,6.404571199739281,3480.0
2019-05-01,NE,GLP,67.68873182651191,50.0,90.0,6.243994227723141,3274.0
2019-06-01,NE,GLP,67.61446566666666,50.0,85.0,5.9173968776332515,3000.0
2019-07-01,NE,GLP,67.45852715304443,50.0,89.0,6.041070022835261,3646.0
2019-08-01,NE,GLP,66.74732471728595,50.0,87.0,6.233274692845158,3095.0
2019-09-01,NE,GLP,66.73960266840221,50.0,89.0,6.328290476124987,3073.0
2019-10-01,NE,GLP,66.65648599401686,50.0,85.0,6.140608342433198,3677.0
2019-11-01,NE,GLP,67.1301661107405,50.0,90.0,6.134887246011964,2998.0
2019-12-01,NE,GLP,67.311723183391,50.0,90.0,6.201633486332829,3179.0
2020-01-01,NE,GLP,68.1594139573991,50.0,90.0,6.475565948870253,3568.0
2020-02-01,NE,GLP,68.22857857857858,50.0,95.0,6.211975163248805,2997.0
2020-03-01,NE,GLP,68.18470926885435,50.0,90.0,6.0557123578773275,3474.0
2020-04-01,NE,GLP,67.93295968234575,50.0,90.0,5.726480377972388,3274.0
2020-05-01,NE,GLP,67.55552114552115,50.0,89.0,5.575436684570391,3003.0
2020-06-01,NE,GLP,67.67937799182721,50.0,85.0,5.4508456702895165,3426.0
2020-07-01,NE,GLP,68.50540605334133,50.0,85.0,5.874073988830778,3337.0
2020-08-01,NE,GLP,68.42683826247689,50.0,85.0,5.881823560775067,2164.0
2020-10-01,NE,GLP,71.7436005221932,50.0,88.0,6.18389633562351,383.0
2020-11-01,NE,GLP,73.56642586750789,57.49,88.0,5.812139556455016,951.0
2020-12-01,NE,GLP,74.43938137755102,59.49,90.0,5.838749795148662,1568.0
2021-07-01,NE,GLP,90.52502194907814,65.0,110.0,7.08054771076746,2278.0
2021-08-01,NE,GLP,91.74666947014298,74.0,110.0,6.916420439529496,2378.0
2021-09-01,NE,GLP,96.2042279108175,77.99,115.0,7.093350537865239,2422.0
2021-10-01,NE,GLP,98.8870847750865,76.0,120.0,7.4152439311146825,2312.0
2021-11-01,NE,GLP,100.15056766917293,77.0,120.0,7.282060996144438,2660.0
2021-12-01,NE,GLP,99.861503243037,77.99,120.0,7.593760146280978,2621.0
2022-07-01,NE,GLP,110.36647675637889,85.99,140.0,8.80549173614292,2861.0
2022-08-01,NE,GLP,110.67234464902187,89.99,145.0,9.018172808457235,3476.0
2022-09-01,NE,GLP,112.35257668711657,89.99,145.0,8.193825898283391,1467.0
2022-10-01,NE,GLP,111.63165554072096,89.99,130.0,7.527075827806754,749.0
2022-11-01,NE,GLP,110.53744696415508,80.0,147.0,8.20063210388673,1367.0
2022-12-01,NE,GLP,109.32375135135135,80.0,140.0,8.157589311004863,1850.0
2023-01-01,NE,GLP,107.84808538163,80.0,145.0,9.181850633881574,3092.0
2023-02-01,NE,GLP,107.10040042523033,80.0,140.0,9.506095524768625,2822.0
2023-03-01,NE,GLP,106.94095334004699,78.0,150.0,9.732394428253006,2979.0
2023-04-01,NE,GLP,106.96221980413493,79.99,144.0,10.080562573838792,2757.0
2023-05-01,NE,GLP,106.54747073791349,75.0,147.0,10.560509648035438,3930.0
2023-06-01,NE,GLP,102.72735249621786,74.99,147.0,11.336936759508145,3305.0
2023-07-01,NE,GLP,100.91643520908622,74.99,147.0,11.41756441825887,3874.0
2023-08-01,NE,GLP,99.67447335185653,69.99,150.0,11.532077148304912,3959.0
2023-09-01,NE,GLP,99.5628606624692,70.0,147.0,11.139985623151842,3653.0
2023-10-01,NE,GLP,100.14366535706033,65.0,147.0,11.143687129715747,4327.0
2023-11-01,NE,GLP,99.67111334506157,71.0,147.0,11.008589691712233,3979.0
2023-12-01,NE,GLP,99.34525135135135,73.0,147.0,11.389967482400195,3700.0
2024-01-01,NE,GLP,99.56029815016322,74.99,150.0,11.641263357471878,4595.0
2024-02-01,NE,GLP,101.14296812215376,76.99,150.0,10.976766786587923,3733.0
2024-03-01,NE,GLP,101.78132277971558,73.99,150.0,11.645552358819288,3727.0
2024-04-01,NE,GLP,101.087037299339,70.0,150.0,11.82578994386773,4236.0
2024-05-01,NE,GLP,101.05249750747757,74.99,150.0,11.570614439943105,4012.0
2024-06-01,NE,GLP,100.67705528188287,70.0,150.0,11.403019501023216,3654.0
2024-07-01,NE,GLP,98.8596153846154,75.0,145.0,9.50939467749036,1196.0
2024-08-01,NE,GLP,98.9034222737819,79.99,133.0,9.232807509081875,862.0
2024-09-01,NE,GLP,103.1849592760181,80.0,150.0,10.188227044527412,1105.0
2024-10-01,NE,GLP,103.44801661474558,80.0,135.0,8.96296867073935,963.0
2024-11-01,NE,GLP,104.45868085106383,74.99,140.0,10.0275846255747,940.0
2024-12-01,NE,GLP,104.79094634146341,74.99,148.5,11.217746698784678,1025.0
2025-01-01,NE,GLP,104.78105617977528,74.99,148.5,11.230228029621262,1335.0
2025-02-01,NE,GLP,107.4823746701847,74.99,170.0,12.841929479361555,1895.0
2025-03-01,NE,GLP,107.94912747102931,74.99,153.0,12.580278053252425,2934.0
2025-04-01,NE,GLP,108.84352591036414,80.0,153.0,12.097404576025221,2856.0
2025-05-01,NE,GLP,109.52492915734526,80.0,153.0,11.678547796751406,2682.0
2025-06-01,NE,GLP,108.54036666666666,80.0,153.0,11.536488840123658,2100.0
2025-07-01,NE,GLP,107.49536562203228,75.0,148.0,11.30397059956427,1053.0
2025-08-01,NE,GLP,107.09202964652225,80.0,148.0,10.862920078589514,877.0
2025-09-01,NE,GLP,107.6934227330779,80.0,153.0,11.430672453983448,1566.0
2025-10-01,NE,GLP,110.1907678676905,80.0,153.0,11.723555247320714,1693.0
2025-11-01,NE,GLP,110.1761783756851,87.0,150.0,11.089720528034105,2007.0
2025-12-01,NE,GLP,109.73369914147071,80.0,150.0,10.971971488415823,2679.0
2026-01-01,NE,GLP,110.25572368421052,84.99,150.0,11.125060509475722,2432.0
2026-02-01,NE,GLP,109.74543735224586,84.99,150.0,10.851911931807015,2538.0
2026-03-01,NE,GLP,109.9158214876033,84.99,150.0,11.002332655861625,3025.0
2026-04-01,NE,GLP,113.30786687427013,88.0,150.0,11.036343595120636,2569.0
2026-05-01,NE,GLP,114.09668406262546,89.9,150.0,11.166251531161722,2491.0
2026-06-01,NE,GLP,114.45638644067797,86.99,150.0,11.401124251933343,2950.0
2019-01-01,S,GLP,70.32334242837653,47.99,89.0,5.872129759024695,4398.0
2019-02-01,S,GLP,70.00871940808196,47.99,90.0,5.900486150884234,3514.0
2019-03-01,S,GLP,70.23790432801822,47.99,90.0,5.86281396873311,3512.0
2019-04-01,S,GLP,70.0138882475179,55.0,90.0,5.752699238357628,4331.0
2019-05-01,S,GLP,70.51615254237288,55.0,90.0,5.832946553677484,3540.0
2019-06-01,S,GLP,70.29326390870186,55.0,90.0,5.982797305763462,3505.0
2019-07-01,S,GLP,70.42478777985075,50.0,90.0,5.85675473467448,4288.0
2019-08-01,S,GLP,70.24648565859093,55.0,90.0,5.851266092761808,3591.0
2019-09-01,S,GLP,70.72433960674158,50.0,90.0,5.837734747232299,3560.0
2019-10-01,S,GLP,70.07073097386075,55.0,90.0,5.484499947891151,4323.0
2019-11-01,S,GLP,70.36220034246575,54.0,90.0,5.754711456673956,3504.0
2019-12-01,S,GLP,70.49065582104728,54.0,90.0,5.695270543346238,3934.0
2020-01-01,S,GLP,71.22894457099468,54.0,95.0,6.651175537078239,3951.0
2020-02-01,S,GLP,71.36028824200913,54.0,95.0,6.486483797486905,3504.0
2020-03-01,S,GLP,71.29816356513223,58.0,95.0,6.452980090749826,4084.0
2020-04-01,S,GLP,70.9646454183267,55.0,94.8,6.168247577330849,3765.0
2020-05-01,S,GLP,70.58700571428571,58.0,94.8,6.090576349461153,3500.0
2020-06-01,S,GLP,70.92927692307693,57.0,95.0,6.30388368918654,3900.0
2020-07-01,S,GLP,71.10901109989909,57.0,95.9,6.22970560104797,3964.0
2020-08-01,S,GLP,71.50387070037297,57.0,95.0,6.3550001026750165,2413.0
2020-10-01,S,GLP,71.18333620689656,63.0,85.0,4.2455309412296725,116.0
2020-11-01,S,GLP,74.39717504655493,54.0,89.0,5.544636110010814,537.0
2020-12-01,S,GLP,75.44398108340499,63.0,90.0,4.9245899265384905,1163.0
2021-07-01,S,GLP,92.81118984463812,65.0,118.0,6.779320137399885,2639.0
2021-08-01,S,GLP,94.4812232204561,65.99,118.0,6.784927396461248,2894.0
2021-09-01,S,GLP,99.26980616130147,80.0,135.0,7.508095319222066,2889.0
2021-10-01,S,GLP,103.0016213235294,78.99,135.0,7.864344314256774,2720.0
2021-11-01,S,GLP,105.1327408993576,85.0,139.0,7.944609741310158,3269.0
2021-12-01,S,GLP,104.38580507079355,81.9,139.0,8.108289512166547,3037.0
2022-07-01,S,GLP,113.42565813528337,93.0,160.0,8.63499687279156,3282.0
2022-08-01,S,GLP,113.36181912412542,88.0,160.0,8.626963692278256,3859.0
2022-09-01,S,GLP,113.90027538726333,93.0,160.0,8.868505119069713,1743.0
2022-10-01,S,GLP,109.41996923076923,80.0,145.0,9.231480624130109,650.0
2022-11-01,S,GLP,110.88740408163265,88.9,135.0,9.473430817730012,1225.0
2022-12-01,S,GLP,109.32827268067658,87.9,138.0,10.428268796485861,1951.0
2023-01-01,S,GLP,109.18720447810338,84.99,139.0,10.74694822886323,3037.0
2023-02-01,S,GLP,109.59158273381294,84.9,155.0,11.4558306208086,2780.0
2023-03-01,S,GLP,109.12625456962446,84.0,155.0,11.306525763032573,3009.0
2023-04-01,S,GLP,109.41159207379569,78.9,155.0,11.207874812821073,2927.0
2023-05-01,S,GLP,109.28405910583481,79.9,155.0,11.341224015525416,3959.0
2023-06-01,S,GLP,106.07707879165369,75.0,155.0,11.373267692529692,3211.0
2023-07-01,S,GLP,104.81924771628157,70.0,155.0,11.191952531903379,3722.0
2023-08-01,S,GLP,104.19556166535742,70.0,138.0,11.233334397883123,3819.0
2023-09-01,S,GLP,104.34299587992938,70.0,145.0,10.858974717305538,3398.0
2023-10-01,S,GLP,105.3888503418587,70.0,139.9,11.392461361865497,3949.0
2023-11-01,S,GLP,104.34553120665743,67.0,139.9,12.028638829192952,3605.0
2023-12-01,S,GLP,103.46635889570553,67.0,135.0,11.829003780229183,3260.0
2024-01-01,S,GLP,103.44581449126413,67.0,135.0,12.24463099098489,3892.0
2024-02-01,S,GLP,104.63429187015225,67.0,150.0,11.756429198276901,3481.0
2024-03-01,S,GLP,104.71659224441834,75.0,150.0,11.809071253743967,3404.0
2024-04-01,S,GLP,104.96647043224608,75.0,140.0,11.530079947103241,3771.0
2024-05-01,S,GLP,104.26403335392217,75.0,150.0,11.823844884567311,3238.0
2024-06-01,S,GLP,104.66513385826771,74.95,140.0,11.370306456261297,3175.0
2024-07-01,S,GLP,103.964234006734,78.9,132.0,9.930104662288219,1188.0
2024-08-01,S,GLP,104.57572427572428,83.0,132.0,9.703958115114686,1001.0
2024-09-01,S,GLP,108.09755898366606,83.0,133.0,9.332307333009075,1102.0
2024-10-01,S,GLP,108.21938832252086,89.9,133.0,8.864824601193133,1079.0
2024-11-01,S,GLP,108.51079999999999,87.9,135.9,9.401334478733999,950.0
2024-12-01,S,GLP,108.64554867256638,84.9,148.0,9.498090718111731,1130.0
2025-01-01,S,GLP,108.26699554896143,79.99,148.0,10.318108224683584,1348.0
2025-02-01,S,GLP,108.66633949191686,84.9,146.0,10.557388414755907,1732.0
2025-03-01,S,GLP,109.08031297709923,79.99,146.0,10.767277257649313,2620.0
2025-04-01,S,GLP,109.45145679969005,79.99,148.0,10.552406689787857,2581.0
2025-05-01,S,GLP,110.65984304006608,79.99,148.0,10.325868489284478,2421.0
2025-06-01,S,GLP,111.1519481180061,88.9,148.0,10.367718362303984,1966.0
2025-07-01,S,GLP,110.45730846774192,88.9,140.0,9.731396104614848,992.0
2025-08-01,S,GLP,110.95570388349515,91.9,135.0,9.522860324648017,824.0
2025-09-01,S,GLP,112.29172367538564,88.9,143.99,10.007299988869004,1491.0
2025-10-01,S,GLP,113.781833030853,79.99,150.0,9.356368418968712,1653.0
2025-11-01,S,GLP,113.36276517473944,89.59,147.0,9.930051564161646,1631.0
2025-12-01,S,GLP,113.06310303514377,80.0,150.0,9.727486462817906,2504.0
2026-01-01,S,GLP,112.70992700729927,79.9,150.0,9.75694080482756,2466.0
2026-02-01,S,GLP,112.51766936514699,84.9,150.0,10.016042097419692,2347.0
2026-03-01,S,GLP,112.00087481146305,85.0,150.0,10.480552804506848,2652.0
2026-04-01,S,GLP,116.35810418445773,92.0,150.0,10.176640999584336,2342.0
2026-05-01,S,GLP,116.5282987012987,94.9,150.0,9.828631710735843,2310.0
2026-06-01,S,GLP,116.83288937409026,94.9,161.0,10.132041266812326,2748.0
2019-01-01,SE,GLP,67.96617814548189,49.9,93.0,6.044449558562324,9307.0
2019-02-01,SE,GLP,67.70391911863496,49.99,95.0,6.150409723869958,7443.0
2019-03-01,SE,GLP,67.69395887096775,50.0,95.0,5.993538812069917,7440.0
2019-04-01,SE,GLP,67.68571511023895,50.0,95.0,6.014168220851229,8663.0
2019-05-01,SE,GLP,67.3362063001853,50.0,95.0,5.998420463733166,8095.0
2019-06-01,SE,GLP,67.54707012358946,50.0,95.0,6.0222172498602,7444.0
2019-07-01,SE,GLP,67.50171661499597,49.99,95.0,6.110645471971855,8709.0
2019-08-01,SE,GLP,67.17356187041413,49.5,95.0,6.003626116228962,8041.0
2019-09-01,SE,GLP,67.35440088854044,49.5,95.0,6.062195128198762,7653.0
2019-10-01,SE,GLP,67.34364174352217,50.0,95.0,5.85895293407404,9108.0
2019-11-01,SE,GLP,67.50675704697987,50.0,94.0,5.845518020702741,7450.0
2019-12-01,SE,GLP,67.45653983201832,50.0,91.0,5.767348296988363,7858.0
2020-01-01,SE,GLP,67.81219045475011,50.0,93.0,5.796546155656507,8884.0
2020-02-01,SE,GLP,68.08700134228188,50.0,95.0,5.805251678836704,7450.0
2020-03-01,SE,GLP,68.22310730253352,50.0,95.0,5.848239723989175,8052.0
2020-04-01,SE,GLP,68.68501264907843,49.99,95.0,5.501285386749761,8301.0
2020-05-01,SE,GLP,68.3964890618709,49.99,95.0,5.382657550182011,7451.0
2020-06-01,SE,GLP,68.24256172839506,49.99,95.0,5.363657582868168,8424.0
2020-07-01,SE,GLP,68.45044497837577,49.9,95.0,5.26612568606328,8324.0
2020-08-01,SE,GLP,68.49739467220859,49.9,95.0,5.249230839753501,5293.0
2020-10-01,SE,GLP,69.39463485477178,58.99,82.9,5.12641863937324,241.0
2020-11-01,SE,GLP,70.88146592178771,53.0,90.0,5.942123629220617,1790.0
2020-12-01,SE,GLP,72.81696597685023,58.99,90.0,6.130644362564624,2851.0
2021-07-01,SE,GLP,90.32163587504199,64.99,115.0,6.524390982023168,5954.0
2021-08-01,SE,GLP,91.97899268187687,69.0,120.0,6.343139872319891,6969.0
2021-09-01,SE,GLP,96.63400596569724,70.0,125.9,7.15080724826745,6705.0
2021-10-01,SE,GLP,99.74129173419773,74.0,130.0,7.370760089465882,6170.0
2021-11-01,SE,GLP,101.34576666666666,75.0,130.0,7.294497051195041,7200.0
2021-12-01,SE,GLP,101.12792758870383,78.0,130.0,7.522812211500113,6905.0
2022-07-01,SE,GLP,109.77886940136253,81.99,144.9,8.960295983639671,6899.0
2022-08-01,SE,GLP,108.73970288624787,81.99,144.99,8.8080856740272,8246.0
2022-09-01,SE,GLP,109.52626034197462,81.99,149.0,8.86772755698398,3626.0
2022-10-01,SE,GLP,107.63997613365156,68.0,149.0,10.307779870087272,1676.0
2022-11-01,SE,GLP,107.4051195335277,79.99,150.0,9.44327938211984,3430.0
2022-12-01,SE,GLP,106.35994790581371,80.0,149.0,9.721464141024363,4799.0
2023-01-01,SE,GLP,105.70277693054207,77.99,149.0,9.911756387281775,7213.0
2023-02-01,SE,GLP,105.36146430661205,70.0,149.0,10.199595455367419,6836.0
2023-03-01,SE,GLP,104.50021390374332,70.0,150.0,10.283704577604642,7667.0
2023-04-01,SE,GLP,104.39233554529717,74.99,150.0,10.553745477289636,6932.0
2023-05-01,SE,GLP,104.8409394524594,70.0,149.0,10.482947437260266,8803.0
2023-06-01,SE,GLP,100.61516077565047,74.99,150.0,10.512784593196786,8148.0
2023-07-01,SE,GLP,99.59058023986294,69.99,149.0,10.545987784766872,8755.0
2023-08-01,SE,GLP,98.98692642577275,69.99,139.9,10.435367659189621,9188.0
2023-09-01,SE,GLP,99.27682647276313,69.99,131.5,10.510311640500273,8114.0
2023-10-01,SE,GLP,99.58041192877064,69.99,131.5,10.424480353798561,9322.0
2023-11-01,SE,GLP,98.88163675601999,69.99,150.0,10.54182981133984,8804.0
2023-12-01,SE,GLP,98.41261278195489,67.99,132.0,10.744997480289255,7980.0
2024-01-01,SE,GLP,98.13501083926913,69.99,135.0,10.73072501852868,9687.0
2024-02-01,SE,GLP,98.93293791312558,69.99,150.0,10.382461608477541,8472.0
2024-03-01,SE,GLP,98.89208498023714,69.99,150.0,10.669858954348294,8096.0
2024-04-01,SE,GLP,98.54047568030856,69.99,150.0,10.680964446597532,9334.0
2024-05-01,SE,GLP,98.38699089547079,69.99,150.0,10.793709537291292,8677.0
2024-06-01,SE,GLP,98.4013888207894,69.99,150.0,10.647773184911019,8158.0
2024-07-01,SE,GLP,100.75153460021512,70.0,130.0,11.347700555725277,2789.0
2024-08-01,SE,GLP,101.68917362270452,73.0,130.0,11.09231584095777,2396.0
2024-09-01,SE,GLP,104.31627396166134,73.99,133.0,11.188267985966114,2504.0
2024-10-01,SE,GLP,104.95108721157607,70.0,133.0,11.1438271645015,2557.0
2024-11-01,SE,GLP,104.51098714416896,75.0,133.0,11.153276696316773,2178.0
2024-12-01,SE,GLP,105.31045124899275,74.99,139.0,11.144319680560303,2482.0
2025-01-01,SE,GLP,104.26115603073839,78.0,139.0,10.861884700088325,2993.0
2025-02-01,SE,GLP,103.8833294117647,74.99,139.0,10.866541285424843,4250.0
2025-03-01,SE,GLP,104.49800799467023,74.99,140.0,11.146534051081826,6004.0
2025-04-01,SE,GLP,104.36107473544973,74.99,141.99,10.908102572801097,6048.0
2025-05-01,SE,GLP,105.56898387376451,74.99,141.99,10.874714400510213,5767.0
2025-06-01,SE,GLP,105.66240097008892,79.99,141.99,10.900838495375435,4948.0
2025-07-01,SE,GLP,106.34489562013917,79.99,150.0,11.551668801877277,2443.0
2025-08-01,SE,GLP,106.15266981132076,80.0,142.0,11.850049258640958,2120.0
2025-09-01,SE,GLP,106.71589826521611,79.99,142.0,11.03533215578357,3401.0
2025-10-01,SE,GLP,107.73853250606959,80.0,150.0,10.877169106698856,3707.0
2025-11-01,SE,GLP,108.28625612144955,79.99,150.0,10.872694457003325,4084.0
2025-12-01,SE,GLP,107.95717651134592,79.99,146.99,11.450977018004364,5773.0
2026-01-01,SE,GLP,108.00542101197372,79.99,150.0,11.428669375887129,5178.0
2026-02-01,SE,GLP,107.6774111866969,79.99,150.0,11.33622936212399,5292.0
2026-03-01,SE,GLP,107.934625,79.99,150.0,11.44827014185617,6000.0
2026-04-01,SE,GLP,111.6569885879748,79.99,150.0,12.047740824351227,5871.0
2026-05-01,SE,GLP,112.73164479763446,79.99,151.99,12.021831966783557,5411.0
2026-06-01,SE,GLP,112.81034431630972,79.0,151.99,11.954192366667614,6070.0
