ano_mes,periodo,regiao,produto,preco_nominal,preco_real,preco_simples_coletas,cambio_usd_brl,brent_usd_bbl,brent_brl_bbl,selic_meta_aa,ipca_indice
2019-01-01,Bolsonaro,BR,DIESEL,3.437,5.127178114611691,3.454028720123361,3.7416818181818186,59.40954545454545,222.29161605371903,6.5,5116.93
2019-02-01,Bolsonaro,BR,DIESEL,3.453,5.1289943996123695,3.4657352917569626,3.723625,63.9605,238.16491681250002,6.5,5138.93
2019-03-01,Bolsonaro,BR,DIESEL,3.53,5.204337620498042,3.540462307067425,3.846484210526316,66.13857142857144,254.40097070676697,6.5,5177.47
2019-04-01,Bolsonaro,BR,DIESEL,3.573,5.237878922139129,3.5806796628751543,3.896157142857143,71.23333333333333,277.5362604761905,6.5,5206.98
2019-05-01,Bolsonaro,BR,DIESEL,3.649,5.342345964037401,3.655956048935206,4.001518181818182,71.31772727272727,285.3791823677686,6.5,5213.75
2019-06-01,Bolsonaro,BR,DIESEL,3.608,5.281792818553699,3.622074638844302,3.8588263157894738,64.2205,247.81575541315792,6.5,5214.27
2019-07-01,Bolsonaro,BR,DIESEL,3.543,5.176799782932441,3.558053234998324,3.779339130434783,63.9191304347826,241.57207083553877,6.5,5224.18
2019-08-01,Bolsonaro,BR,DIESEL,3.524,5.143377161835818,3.539792401310657,4.019981818181818,59.041818181818186,237.34703560330578,6.0,5229.93
2019-09-01,Bolsonaro,BR,DIESEL,3.592,5.24472098610516,3.606748273044641,4.1215,62.82666666666668,258.94010666666674,5.8,5227.84
2019-10-01,Bolsonaro,BR,DIESEL,3.705,5.404307060673754,3.714139244915018,4.086986956521739,59.71304347826087,244.04642982986766,5.483870967741935,5233.07
2019-11-01,Bolsonaro,BR,DIESEL,3.713,5.38849357955496,3.7248601993678574,4.155345,63.21190476190476,262.6672723928571,5.0,5259.76
2019-12-01,Bolsonaro,BR,DIESEL,3.737,5.361661671913914,3.746211744160664,4.109590476190476,67.21714285714286,276.234930122449,4.67741935483871,5320.25
2020-01-01,Bolsonaro,BR,DIESEL,3.788,5.423447269207827,3.7965213805079223,4.149463636363636,63.64545454545455,264.09449925619833,4.5,5331.42
2020-02-01,Bolsonaro,BR,DIESEL,3.714,5.304236160718462,3.731290993636809,4.341011111111111,55.657,241.6076554111111,4.293103448275862,5344.75
2020-03-01,Bolsonaro,BR,DIESEL,3.574,5.100722637604258,3.600220591489048,4.883854545454546,32.01136363636363,156.3388438016529,4.040322580645161,5348.49
2020-04-01,Bolsonaro,BR,DIESEL,3.293,4.714300577091511,3.31674005092761,5.32558,18.3785,97.87617203,3.75,5331.91
2020-05-01,Bolsonaro,BR,DIESEL,3.037,4.364391386857191,3.0620164043082023,5.643445,29.378947368421056,165.79847363157896,3.1451612903225805,5311.65
2020-06-01,Bolsonaro,BR,DIESEL,3.064,4.391773991354738,3.081141717881182,5.1966,40.26681818181818,209.25054736363637,2.675,5325.46
2020-07-01,Bolsonaro,BR,DIESEL,3.249,4.640239692925422,3.2565520910299983,5.280191304347826,43.24217391304348,228.3269506767486,2.25,5344.63
2020-08-01,Bolsonaro,BR,DIESEL,3.358,4.784428878610386,3.370708365910868,5.461233333333333,44.736,244.3137344,2.040322580645161,5357.46
2020-10-01,Bolsonaro,BR,DIESEL,3.454,4.8482152692474605,3.582640234948605,5.625790476190476,40.18954545454546,226.09796206060608,2.0,5438.12
2020-11-01,Bolsonaro,BR,DIESEL,3.514,4.888922344218192,3.556102850539291,5.417835,42.69238095238095,231.30027575714286,2.0,5486.52
2020-12-01,Bolsonaro,BR,DIESEL,3.606,4.950091155794619,3.6428802069857698,5.145586363636364,49.99363636363637,257.2465735413224,2.0,5560.59
2021-01-01,Bolsonaro,BR,DIESEL,3.696,5.0609864005496465,3.711450073063809,5.356245,54.774,293.38296363,2.0,5574.49
2021-02-01,Bolsonaro,BR,DIESEL,3.951,5.364031518400407,3.9473681294326246,5.416494444444444,62.2765,337.3203162694444,2.0,5622.43
2021-03-01,Bolsonaro,BR,DIESEL,4.252,5.719488179152451,4.270842130829016,5.646147826086957,65.41,369.31452930434784,2.338709677419355,5674.72
2021-04-01,Bolsonaro,BR,DIESEL,4.202,5.6347655802301695,4.2336200108361925,5.562135,64.8065,360.46250187749996,2.75,5692.31
2021-05-01,Bolsonaro,BR,DIESEL,4.47,5.944800315703641,4.489857939162287,5.291057142857143,68.53421052631579,362.6184241353384,3.379032258064516,5739.56
2021-06-01,Bolsonaro,BR,DIESEL,4.505,5.959760891718862,4.525495217391305,5.031904761904762,73.1640909090909,368.15473744588746,3.85,5769.98
2021-07-01,Bolsonaro,BR,DIESEL,4.589,6.013161819764238,4.60315209078574,5.156704545454546,75.1659090909091,387.6083850723141,4.25,5825.37
2021-08-01,Bolsonaro,BR,DIESEL,4.611,5.989878154542592,4.639209093926319,5.251718181818182,70.74714285714286,371.5440564545455,5.120967741935484,5876.05
2021-09-01,Bolsonaro,BR,DIESEL,4.728,6.071439508361918,4.746373112128146,5.279690476190477,74.48863636363636,393.2769439935065,5.516666666666667,5944.21
2021-10-01,Bolsonaro,BR,DIESEL,5.033,6.383315237492336,5.058461153188371,5.53998,83.53809523809524,462.7993768571429,6.443548387096774,6018.51
2021-11-01,Bolsonaro,BR,DIESEL,5.359,6.732812169481985,5.384707641196013,5.55686,81.05,450.383503,7.75,6075.69
2021-12-01,Bolsonaro,BR,DIESEL,5.347,6.669054582976583,5.366307626938602,5.651391304347826,74.1704761904762,419.16638418219463,8.862903225806452,6120.04
2022-01-01,Bolsonaro,BR,DIESEL,5.497,6.819316036332964,5.512184072536597,5.534104761904762,86.50523809523808,478.7290500725623,9.25,6153.09
2022-02-01,Bolsonaro,BR,DIESEL,5.592,6.86779949929528,5.61443029373082,5.196578947368421,97.129,504.7385165789474,10.642857142857142,6215.24
2022-03-01,Bolsonaro,BR,DIESEL,6.288,7.599474699687931,6.296275528758732,4.968381818181818,117.24521739130434,582.5190063557312,11.233870967741936,6315.93
2022-04-01,Bolsonaro,BR,DIESEL,6.602,7.895273678966235,6.622083255957908,4.758015789473684,104.57526315789474,497.5707532936288,11.75,6382.88
2022-05-01,Bolsonaro,BR,DIESEL,6.84,8.141629533064707,6.868951640296773,4.95505,113.33761904761906,561.5935692619048,12.620967741935484,6412.88
2022-06-01,Bolsonaro,BR,DIESEL,7.2,8.513093705708776,7.232184551674469,5.049209523809524,122.71095238095238,619.5933094376418,13.0,6455.85
2022-07-01,Bolsonaro,BR,DIESEL,7.46,8.880901410647308,7.48985494197679,5.368071428571429,111.92571428571428,600.8252289795918,13.25,6411.95
2022-08-01,Bolsonaro,BR,DIESEL,7.1,8.482866766736526,7.133782699540326,5.143286956521739,100.44636363636364,516.6244719209486,13.701612903225806,6388.87
2022-09-01,Bolsonaro,BR,DIESEL,6.85,8.207980343278379,6.883995175357209,5.236957142857143,89.7647619047619,470.0942110340136,13.75,6370.34
2022-10-01,Bolsonaro,BR,DIESEL,6.56,7.814378246953384,6.545630769230769,5.2503,93.33190476190477,490.0204995714286,13.75,6407.93
2022-11-01,Bolsonaro,BR,DIESEL,6.58,7.80620021137049,6.575848540145985,5.274649999999999,91.41545454545457,482.1845273181819,13.75,6434.2
2022-12-01,Bolsonaro,BR,DIESEL,6.36,7.498712992868496,6.393673002463921,5.242431818181818,80.924,424.23855245454547,13.75,6474.09
2023-01-01,Lula,BR,DIESEL,6.33,7.423997587732776,6.3401613749672,5.200681818181819,82.50142857142858,429.0636795454546,13.75,6508.4
2023-02-01,Lula,BR,DIESEL,6.06,7.048130493808538,6.082204812534974,5.171688888888889,82.58500000000001,427.10392688888896,13.75,6563.07
2023-03-01,Lula,BR,DIESEL,5.88,6.790564793703769,5.889252213448193,5.211460869565218,78.43434782608696,408.75753452551993,13.75,6609.67
2023-04-01,Lula,BR,DIESEL,5.76,6.61164976187934,5.761937237459847,5.019733333333333,84.63833333333334,424.86186311111106,13.75,6649.99
2023-05-01,Lula,BR,DIESEL,5.37,6.1498459329540545,5.392226980728052,4.982836363636364,75.466,376.03472901818185,13.75,6665.28
2023-06-01,Lula,BR,DIESEL,5.02,5.753618961103311,5.045791194674764,4.851566666666667,74.83909090909091,363.08683881818183,13.75,6659.95
2023-07-01,Lula,BR,DIESEL,4.94,5.655143297630152,4.984057154776805,4.800833333333333,80.10809523809523,384.5856138888889,13.75,6667.94
2023-08-01,Lula,BR,DIESEL,5.51,6.293181985492153,5.526577889447236,4.903543478260869,86.14772727272727,422.4291262351778,13.28225806451613,6683.28
2023-09-01,Lula,BR,DIESEL,6.08,6.926189121668611,6.099149134023016,4.93699,93.72238095238096,462.70645753809526,13.083333333333334,6700.66
2023-10-01,Lula,BR,DIESEL,6.08,6.909607696590905,6.115927743962301,5.064842857142857,90.59590909090907,458.85404304545443,12.75,6716.74
2023-11-01,Lula,BR,DIESEL,6.08,6.890311615235578,6.117511998254799,4.89834,82.94,406.2683196,12.266666666666667,6735.55
2023-12-01,Lula,BR,DIESEL,5.92,6.67162561067254,5.971656956420415,4.897245,77.63105263157895,380.1782843447369,11.959677419354838,6773.27
2024-01-01,Lula,BR,DIESEL,5.86,6.576384767382367,5.915922339405561,4.914395454545455,80.12409090909091,393.7614681632232,11.75,6801.72
2024-02-01,Lula,BR,DIESEL,5.9,6.566774664378398,5.96091861761427,4.964389473684211,83.47809523809524,414.417777283208,11.25,6858.17
2024-03-01,Lula,BR,DIESEL,5.86,6.5118381340313345,5.923591444584239,4.980135,85.4085,425.3458601475,11.07258064516129,6869.14
2024-04-01,Lula,BR,DIESEL,5.88,6.509329972560781,5.941382999607381,5.129095454545455,89.93809523809524,461.30107547619053,10.75,6895.24
2024-05-01,Lula,BR,DIESEL,5.88,6.479522387887327,5.942508301970334,5.133047619047619,81.74619047619048,419.6070883900227,10.564516129032258,6926.96
2024-06-01,Lula,BR,DIESEL,5.87,6.454944255644666,5.9333317881562175,5.388975,82.24600000000001,443.2216378500001,10.5,6941.51
2024-07-01,Lula,BR,DIESEL,5.94,6.507190297206184,5.9935101994040805,5.542047826086956,85.15304347826087,471.9222394933837,10.5,6967.89
2024-08-01,Lula,BR,DIESEL,5.95,6.51944570444269,6.000903962390867,5.5526136363636365,80.3552380952381,446.1815908008658,10.5,6966.5
2024-09-01,Lula,BR,DIESEL,5.94,6.479979162944914,5.991617058529265,5.541566666666666,74.01666666666667,410.16829277777776,10.6,6997.15
2024-10-01,Lula,BR,DIESEL,5.95,6.454745371521802,6.001702825428859,5.624108695652174,75.63260869565217,425.3660122400756,10.75,7036.33
2024-11-01,Lula,BR,DIESEL,5.98,6.462089705638773,6.023443816884662,5.807057894736842,74.3452380952381,431.72710181704264,11.15,7063.77
2024-12-01,Lula,BR,DIESEL,6.03,6.48241347792409,6.084988408037094,6.097028571428571,73.8595,450.32348177142853,11.89516129032258,7100.5
2025-01-01,Lula,BR,DIESEL,6.08,6.525724409648109,6.131172450757068,6.021772727272727,79.27045454545454,477.3486612603305,12.314516129032258,7111.86
2025-02-01,Lula,BR,DIESEL,6.38,6.759167886879028,6.42893626062323,5.765645,75.438,434.94872751,13.25,7205.03
2025-03-01,Lula,BR,DIESEL,6.35,6.689919714355906,6.403531648675172,5.74681052631579,72.73285714285714,417.981949037594,13.637096774193548,7245.38
2025-04-01,Lula,BR,DIESEL,6.22,6.524899279052956,6.291439336850038,5.783675000000001,68.1345,394.06780428750005,14.25,7276.54
2025-05-01,Lula,BR,DIESEL,6.06,6.340569861256178,6.13709966555184,5.6673857142857145,64.453,365.2800114428572,14.637096774193548,7295.46
2025-06-01,Lula,BR,DIESEL,5.97,6.2314467446194906,6.041165948557253,5.547055,71.4447619047619,396.3080237476191,14.85,7312.97
2025-07-01,Lula,BR,DIESEL,5.97,6.215290153546517,6.049529735204747,5.528491304347826,71.04130434782608,392.7512333364839,15.0,7331.98
2025-08-01,Lula,BR,DIESEL,6.0,6.253405626229705,6.066649408284024,5.44692380952381,67.87,369.682718952381,15.0,7323.91
2025-09-01,Lula,BR,DIESEL,5.99,6.213164140528817,6.062363494539782,5.367409090909091,67.98545454545454,364.90574677685953,15.0,7359.06
2025-10-01,Lula,BR,DIESEL,5.98,6.197216740341692,6.047574973359719,5.385526086956522,64.54347826086956,347.6005859168242,15.0,7365.68
2025-11-01,Lula,BR,DIESEL,6.0,6.206769536003817,6.058447535888708,5.340852631578947,63.797,340.7303753368421,15.0,7378.94
2025-12-01,Lula,BR,DIESEL,6.01,6.196665577061009,6.062130926062393,5.45309090909091,62.54428571428572,341.0596758441559,15.0,7403.29
2026-01-01,Lula,BR,DIESEL,6.05,6.2173912721535,6.106040202417768,5.3380238095238095,66.60238095238095,355.5250952947846,15.0,7427.72
2026-02-01,Lula,BR,DIESEL,6.04,6.16397015392308,6.095396315936366,5.200616666666666,70.887,368.65611364999995,15.0,7479.71
2026-03-01,Lula,BR,DIESEL,6.97,7.051010744109426,7.009128367670364,5.231586363636364,103.13454545454546,539.5572816198347,14.89516129032258,7545.53
2026-04-01,Lula,BR,DIESEL,7.28,7.315594522971686,7.339091029548165,5.033075,117.2875,590.3167840625,14.741666666666667,7596.09
2026-05-01,Lula,BR,DIESEL,6.97,6.96368698258542,7.038822082536212,4.983700000000001,107.13947368421051,533.950995,14.5,7640.15
2026-06-01,Lula,BR,DIESEL,6.78,6.763041959549787,6.873945192534845,5.127571428571429,85.3990909090909,437.88993857142856,14.391666666666667,7652.37
2026-07-01,Lula,BR,DIESEL,6.61,6.588852088020863,6.699372060505911,5.113947826086957,83.75869565217391,428.3375995463138,14.25,7657.73
2026-08-01,Lula,BR,DIESEL,6.5,6.5,6.598472004816375,5.153161904761905,91.076,469.32937363809526,14.040322580645162,7633.23
2019-01-01,Bolsonaro,CO,DIESEL,3.591333940497875,5.3574072685431675,3.591333940497875,3.7416818181818186,59.40954545454545,222.29161605371903,6.5,5116.93
2019-02-01,Bolsonaro,CO,DIESEL,3.600076619273302,5.347458099747524,3.600076619273302,3.723625,63.9605,238.16491681250002,6.5,5138.93
2019-03-01,Bolsonaro,CO,DIESEL,3.672702211690363,5.414725860959354,3.672702211690363,3.846484210526316,66.13857142857144,254.40097070676697,6.5,5177.47
2019-04-01,Bolsonaro,CO,DIESEL,3.7097771392081738,5.438388884212732,3.7097771392081738,3.896157142857143,71.23333333333333,277.5362604761905,6.5,5206.98
2019-05-01,Bolsonaro,CO,DIESEL,3.776816933638444,5.5294773094906695,3.776816933638444,4.001518181818182,71.31772727272727,285.3791823677686,6.5,5213.75
2019-06-01,Bolsonaro,CO,DIESEL,3.741157654226961,5.47672384456019,3.741157654226961,3.8588263157894738,64.2205,247.81575541315792,6.5,5214.27
2019-07-01,Bolsonaro,CO,DIESEL,3.660075805432722,5.347863289607788,3.660075805432722,3.779339130434783,63.9191304347826,241.57207083553877,6.5,5224.18
2019-08-01,Bolsonaro,CO,DIESEL,3.656552592592593,5.336841400622102,3.656552592592593,4.019981818181818,59.041818181818186,237.34703560330578,6.0,5229.93
2019-09-01,Bolsonaro,CO,DIESEL,3.739960517358748,5.460759858740572,3.739960517358748,4.1215,62.82666666666668,258.94010666666674,5.8,5227.84
2019-10-01,Bolsonaro,CO,DIESEL,3.847909090909091,5.612761745973205,3.847909090909091,4.086986956521739,59.71304347826087,244.04642982986766,5.483870967741935,5233.07
2019-11-01,Bolsonaro,CO,DIESEL,3.86389593114241,5.607481394298253,3.86389593114241,4.155345,63.21190476190476,262.6672723928571,5.0,5259.76
2019-12-01,Bolsonaro,CO,DIESEL,3.884880597014925,5.573833394963063,3.884880597014925,4.109590476190476,67.21714285714286,276.234930122449,4.67741935483871,5320.25
2020-01-01,Bolsonaro,CO,DIESEL,3.928420329670329,5.624493270657618,3.928420329670329,4.149463636363636,63.64545454545455,264.09449925619833,4.5,5331.42
2020-02-01,Bolsonaro,CO,DIESEL,3.870152439024391,5.5272489269159735,3.870152439024391,4.341011111111111,55.657,241.6076554111111,4.293103448275862,5344.75
2020-03-01,Bolsonaro,CO,DIESEL,3.7144399460188935,5.301154985640769,3.7144399460188935,4.883854545454546,32.01136363636363,156.3388438016529,4.040322580645161,5348.49
2020-04-01,Bolsonaro,CO,DIESEL,3.410798252002913,4.882942049122396,3.410798252002913,5.32558,18.3785,97.87617203,3.75,5331.91
2020-05-01,Bolsonaro,CO,DIESEL,3.1188552950687147,4.482023439793164,3.1188552950687147,5.643445,29.378947368421056,165.79847363157896,3.1451612903225805,5311.65
2020-06-01,Bolsonaro,CO,DIESEL,3.139047233468286,4.499342688505242,3.139047233468286,5.1966,40.26681818181818,209.25054736363637,2.675,5325.46
2020-07-01,Bolsonaro,CO,DIESEL,3.3325864432597103,4.759618311517039,3.3325864432597103,5.280191304347826,43.24217391304348,228.3269506767486,2.25,5344.63
2020-08-01,Bolsonaro,CO,DIESEL,3.483393513513513,4.963087707450312,3.483393513513513,5.461233333333333,44.736,244.3137344,2.040322580645161,5357.46
2020-10-01,Bolsonaro,CO,DIESEL,3.573469387755102,5.015908757933602,3.573469387755102,5.625790476190476,40.18954545454546,226.09796206060608,2.0,5438.12
2020-11-01,Bolsonaro,CO,DIESEL,3.627906403940887,5.0473968927031505,3.627906403940887,5.417835,42.69238095238095,231.30027575714286,2.0,5486.52
2020-12-01,Bolsonaro,CO,DIESEL,3.713347619047619,5.09745124998298,3.713347619047619,5.145586363636364,49.99363636363637,257.2465735413224,2.0,5560.59
2021-01-01,Bolsonaro,CO,DIESEL,3.784407673860912,5.18204431048317,3.784407673860912,5.356245,54.774,293.38296363,2.0,5574.49
2021-02-01,Bolsonaro,CO,DIESEL,4.015258992805755,5.451272030359591,4.015258992805755,5.416494444444444,62.2765,337.3203162694444,2.0,5622.43
2021-03-01,Bolsonaro,CO,DIESEL,4.384416801292407,5.897605848417057,4.384416801292407,5.646147826086957,65.41,369.31452930434784,2.338709677419355,5674.72
2021-04-01,Bolsonaro,CO,DIESEL,4.3423815126050425,5.823013299251479,4.3423815126050425,5.562135,64.8065,360.46250187749996,2.75,5692.31
2021-05-01,Bolsonaro,CO,DIESEL,4.639070866141732,6.169653232575153,4.639070866141732,5.291057142857143,68.53421052631579,362.6184241353384,3.379032258064516,5739.56
2021-06-01,Bolsonaro,CO,DIESEL,4.646116279069767,6.146446636709958,4.646116279069767,5.031904761904762,73.1640909090909,368.15473744588746,3.85,5769.98
2021-07-01,Bolsonaro,CO,DIESEL,4.756544871794872,6.232702989120136,4.756544871794872,5.156704545454546,75.1659090909091,387.6083850723141,4.25,5825.37
2021-08-01,Bolsonaro,CO,DIESEL,4.798127462340672,6.232964404551133,4.798127462340672,5.251718181818182,70.74714285714286,371.5440564545455,5.120967741935484,5876.05
2021-09-01,Bolsonaro,CO,DIESEL,4.912703539823009,6.308625711622433,4.912703539823009,5.279690476190477,74.48863636363636,393.2769439935065,5.516666666666667,5944.21
2021-10-01,Bolsonaro,CO,DIESEL,5.210103521878335,6.607934273816503,5.210103521878335,5.53998,83.53809523809524,462.7993768571429,6.443548387096774,6018.51
2021-11-01,Bolsonaro,CO,DIESEL,5.560506126295947,6.985975614033306,5.560506126295947,5.55686,81.05,450.383503,7.75,6075.69
2021-12-01,Bolsonaro,CO,DIESEL,5.489495013599274,6.846781724082913,5.489495013599274,5.651391304347826,74.1704761904762,419.16638418219463,8.862903225806452,6120.04
2022-01-01,Bolsonaro,CO,DIESEL,5.623957099080695,6.9768129585973435,5.623957099080695,5.534104761904762,86.50523809523808,478.7290500725623,9.25,6153.09
2022-02-01,Bolsonaro,CO,DIESEL,5.721639800995025,7.02701626616981,5.721639800995025,5.196578947368421,97.129,504.7385165789474,10.642857142857142,6215.24
2022-03-01,Bolsonaro,CO,DIESEL,6.395627563576703,7.729549913808511,6.395627563576703,4.968381818181818,117.24521739130434,582.5190063557312,11.233870967741936,6315.93
2022-04-01,Bolsonaro,CO,DIESEL,6.745144578313253,8.066459019990674,6.745144578313253,4.758015789473684,104.57526315789474,497.5707532936288,11.75,6382.88
2022-05-01,Bolsonaro,CO,DIESEL,6.919732006125575,8.236534278065069,6.919732006125575,4.95505,113.33761904761906,561.5935692619048,12.620967741935484,6412.88
2022-06-01,Bolsonaro,CO,DIESEL,7.235545871559633,8.555122224519643,7.235545871559633,5.049209523809524,122.71095238095238,619.5933094376418,13.0,6455.85
2022-07-01,Bolsonaro,CO,DIESEL,7.511167690956979,8.94181497885098,7.511167690956979,5.368071428571429,111.92571428571428,600.8252289795918,13.25,6411.95
2022-08-01,Bolsonaro,CO,DIESEL,7.173178061607814,8.570297716999502,7.173178061607814,5.143286956521739,100.44636363636364,516.6244719209486,13.701612903225806,6388.87
2022-09-01,Bolsonaro,CO,DIESEL,6.872598425196851,8.23505880018419,6.872598425196851,5.236957142857143,89.7647619047619,470.0942110340136,13.75,6370.34
2022-10-01,Bolsonaro,CO,DIESEL,6.545371287128713,7.796952287251813,6.545371287128713,5.2503,93.33190476190477,490.0204995714286,13.75,6407.93
2022-11-01,Bolsonaro,CO,DIESEL,6.600071428571429,7.830012003157236,6.600071428571429,5.274649999999999,91.41545454545457,482.1845273181819,13.75,6434.2
2022-12-01,Bolsonaro,CO,DIESEL,6.39855500821018,7.544171002460607,6.39855500821018,5.242431818181818,80.924,424.23855245454547,13.75,6474.09
2023-01-01,Lula,CO,DIESEL,6.32824358974359,7.42193762161798,6.32824358974359,5.200681818181819,82.50142857142858,429.0636795454546,13.75,6508.4
2023-02-01,Lula,CO,DIESEL,6.096395173453997,7.0904601855327245,6.096395173453997,5.171688888888889,82.58500000000001,427.10392688888896,13.75,6563.07
2023-03-01,Lula,CO,DIESEL,5.9045432977461445,6.818908816424238,5.9045432977461445,5.211460869565218,78.43434782608696,408.75753452551993,13.75,6609.67
2023-04-01,Lula,CO,DIESEL,5.785435323383084,6.640845846912169,5.785435323383084,5.019733333333333,84.63833333333334,424.86186311111106,13.75,6649.99
2023-05-01,Lula,CO,DIESEL,5.35312077294686,6.1305154588676185,5.35312077294686,4.982836363636364,75.466,376.03472901818185,13.75,6665.28
2023-06-01,Lula,CO,DIESEL,5.002920673076924,5.7340436744046075,5.002920673076924,4.851566666666667,74.83909090909091,363.08683881818183,13.75,6659.95
2023-07-01,Lula,CO,DIESEL,4.921232876712328,5.63365933579289,4.921232876712328,4.800833333333333,80.10809523809523,384.5856138888889,13.75,6667.94
2023-08-01,Lula,CO,DIESEL,5.5862581344902384,6.3802793209225,5.5862581344902384,4.903543478260869,86.14772727272727,422.4291262351778,13.28225806451613,6683.28
2023-09-01,Lula,CO,DIESEL,6.248725617685306,7.118397269326306,6.248725617685306,4.93699,93.72238095238096,462.70645753809526,13.083333333333334,6700.66
2023-10-01,Lula,CO,DIESEL,6.174811428571428,7.017356015107668,6.174811428571428,5.064842857142857,90.59590909090907,458.85404304545443,12.75,6716.74
2023-11-01,Lula,CO,DIESEL,6.133577430972389,6.951029574930238,6.133577430972389,4.89834,82.94,406.2683196,12.266666666666667,6735.55
2023-12-01,Lula,CO,DIESEL,5.9469923857868014,6.702045051940847,5.9469923857868014,4.897245,77.63105263157895,380.1782843447369,11.959677419354838,6773.27
2024-01-01,Lula,CO,DIESEL,5.853119469026549,6.56866309177054,5.853119469026549,4.914395454545455,80.12409090909091,393.7614681632232,11.75,6801.72
2024-02-01,Lula,CO,DIESEL,5.921162790697674,6.590329118239589,5.921162790697674,4.964389473684211,83.47809523809524,414.417777283208,11.25,6858.17
2024-03-01,Lula,CO,DIESEL,5.894653110047847,6.550345888890098,5.894653110047847,4.980135,85.4085,425.3458601475,11.07258064516129,6869.14
2024-04-01,Lula,CO,DIESEL,5.904792531120332,6.53677602118616,5.904792531120332,5.129095454545455,89.93809523809524,461.30107547619053,10.75,6895.24
2024-05-01,Lula,CO,DIESEL,5.914015069967707,6.517005620435169,5.914015069967707,5.133047619047619,81.74619047619048,419.6070883900227,10.564516129032258,6926.96
2024-06-01,Lula,CO,DIESEL,5.899683840749415,6.4875860848322136,5.899683840749415,5.388975,82.24600000000001,443.2216378500001,10.5,6941.51
2024-07-01,Lula,CO,DIESEL,5.949777530589544,6.517901450772331,5.949777530589544,5.542047826086956,85.15304347826087,471.9222394933837,10.5,6967.89
2024-08-01,Lula,CO,DIESEL,5.971074380165289,6.542537011542251,5.971074380165289,5.5526136363636365,80.3552380952381,446.1815908008658,10.5,6966.5
2024-09-01,Lula,CO,DIESEL,5.95744578313253,6.499010865163777,5.95744578313253,5.541566666666666,74.01666666666667,410.16829277777776,10.6,6997.15
2024-10-01,Lula,CO,DIESEL,5.9584,6.463857953222774,5.9584,5.624108695652174,75.63260869565217,425.3660122400756,10.75,7036.33
2024-11-01,Lula,CO,DIESEL,5.95930576070901,6.439727158700924,5.95930576070901,5.807057894736842,74.3452380952381,431.72710181704264,11.15,7063.77
2024-12-01,Lula,CO,DIESEL,6.024251497005988,6.4762336813592025,6.024251497005988,6.097028571428571,73.8595,450.32348177142853,11.89516129032258,7100.5
2025-01-01,Lula,CO,DIESEL,6.094962216624685,6.541783505412936,6.094962216624685,6.021772727272727,79.27045454545454,477.3486612603305,12.314516129032258,7111.86
2025-02-01,Lula,CO,DIESEL,6.436411347517731,6.818931800452291,6.436411347517731,5.765645,75.438,434.94872751,13.25,7205.03
2025-03-01,Lula,CO,DIESEL,6.4175682382134,6.761104925204429,6.4175682382134,5.74681052631579,72.73285714285714,417.981949037594,13.637096774193548,7245.38
2025-04-01,Lula,CO,DIESEL,6.277027707808564,6.584722438147192,6.277027707808564,5.783675000000001,68.1345,394.06780428750005,14.25,7276.54
2025-05-01,Lula,CO,DIESEL,6.079511568123393,6.36098478877912,6.079511568123393,5.6673857142857145,64.453,365.2800114428572,14.637096774193548,7295.46
2025-06-01,Lula,CO,DIESEL,5.984589774078478,6.246675454868414,5.984589774078478,5.547055,71.4447619047619,396.3080237476191,14.85,7312.97
2025-07-01,Lula,CO,DIESEL,6.013211875843455,6.260277481259432,6.013211875843455,5.528491304347826,71.04130434782608,392.7512333364839,15.0,7331.98
2025-08-01,Lula,CO,DIESEL,6.084013050570962,6.340966906749234,6.084013050570962,5.44692380952381,67.87,369.682718952381,15.0,7323.91
2025-09-01,Lula,CO,DIESEL,6.084846796657382,6.311544560534772,6.084846796657382,5.367409090909091,67.98545454545454,364.90574677685953,15.0,7359.06
2025-10-01,Lula,CO,DIESEL,6.030110344827586,6.249147286801525,6.030110344827586,5.385526086956522,64.54347826086956,347.6005859168242,15.0,7365.68
2025-11-01,Lula,CO,DIESEL,6.049846860643186,6.258334198688075,6.049846860643186,5.340852631578947,63.797,340.7303753368421,15.0,7378.94
2025-12-01,Lula,CO,DIESEL,6.050802469135802,6.238735336786953,6.050802469135802,5.45309090909091,62.54428571428572,341.0596758441559,15.0,7403.29
2026-01-01,Lula,CO,DIESEL,6.056610169491526,6.2241843316748335,6.056610169491526,5.3380238095238095,66.60238095238095,355.5250952947846,15.0,7427.72
2026-02-01,Lula,CO,DIESEL,6.05378640776699,6.178039525778301,6.05378640776699,5.200616666666666,70.887,368.65611364999995,15.0,7479.71
2026-03-01,Lula,CO,DIESEL,7.071800766283525,7.153994717828753,7.071800766283525,5.231586363636364,103.13454545454546,539.5572816198347,14.89516129032258,7545.53
2026-04-01,Lula,CO,DIESEL,7.277361647361648,7.312943270483939,7.277361647361648,5.033075,117.2875,590.3167840625,14.741666666666667,7596.09
2026-05-01,Lula,CO,DIESEL,6.902705718270571,6.8964536520715525,6.902705718270571,4.983700000000001,107.13947368421051,533.950995,14.5,7640.15
2026-06-01,Lula,CO,DIESEL,6.673957597173144,6.6572647884864375,6.673957597173144,5.127571428571429,85.3990909090909,437.88993857142856,14.391666666666667,7652.37
2026-07-01,Lula,CO,DIESEL,6.5109046454767725,6.490073777345593,6.5109046454767725,5.113947826086957,83.75869565217391,428.3375995463138,14.25,7657.73
2026-08-01,Lula,CO,DIESEL,6.455289351851852,6.455289351851852,6.455289351851852,5.153161904761905,91.076,469.32937363809526,14.040322580645162,7633.23
2019-01-01,Bolsonaro,N,DIESEL,3.804634897360704,5.675601041558248,3.804634897360704,3.7416818181818186,59.40954545454545,222.29161605371903,6.5,5116.93
2019-02-01,Bolsonaro,N,DIESEL,3.7859529085872574,5.623553798245064,3.7859529085872574,3.723625,63.9605,238.16491681250002,6.5,5138.93
2019-03-01,Bolsonaro,N,DIESEL,3.8625305343511447,5.69459290941815,3.8625305343511447,3.846484210526316,66.13857142857144,254.40097070676697,6.5,5177.47
2019-04-01,Bolsonaro,N,DIESEL,3.893758250825082,5.7080980324382935,3.893758250825082,3.896157142857143,71.23333333333333,277.5362604761905,6.5,5206.98
2019-05-01,Bolsonaro,N,DIESEL,3.963109909909909,5.802220946079427,3.963109909909909,4.001518181818182,71.31772727272727,285.3791823677686,6.5,5213.75
2019-06-01,Bolsonaro,N,DIESEL,3.951961876832845,5.785322577675642,3.951961876832845,3.8588263157894738,64.2205,247.81575541315792,6.5,5214.27
2019-07-01,Bolsonaro,N,DIESEL,3.8972766295707473,5.694445613883579,3.8972766295707473,3.779339130434783,63.9191304347826,241.57207083553877,6.5,5224.18
2019-08-01,Bolsonaro,N,DIESEL,3.8690416263310743,5.646975124592326,3.8690416263310743,4.019981818181818,59.041818181818186,237.34703560330578,6.0,5229.93
2019-09-01,Bolsonaro,N,DIESEL,3.924596858638744,5.730349528537029,3.924596858638744,4.1215,62.82666666666668,258.94010666666674,5.8,5227.84
2019-10-01,Bolsonaro,N,DIESEL,4.036316666666667,5.887582904394553,4.036316666666667,4.086986956521739,59.71304347826087,244.04642982986766,5.483870967741935,5233.07
2019-11-01,Bolsonaro,N,DIESEL,4.045016361886429,5.870332533051383,4.045016361886429,4.155345,63.21190476190476,262.6672723928571,5.0,5259.76
2019-12-01,Bolsonaro,N,DIESEL,4.051066725197542,5.812268983371013,4.051066725197542,4.109590476190476,67.21714285714286,276.234930122449,4.67741935483871,5320.25
2020-01-01,Bolsonaro,N,DIESEL,4.100100250626566,5.870295012602687,4.100100250626566,4.149463636363636,63.64545454545455,264.09449925619833,4.5,5331.42
2020-02-01,Bolsonaro,N,DIESEL,4.030497584541062,5.756249605172622,4.030497584541062,4.341011111111111,55.657,241.6076554111111,4.293103448275862,5344.75
2020-03-01,Bolsonaro,N,DIESEL,3.907197994987469,5.576254410362213,3.907197994987469,4.883854545454546,32.01136363636363,156.3388438016529,4.040322580645161,5348.49
2020-04-01,Bolsonaro,N,DIESEL,3.65263436928702,5.229157702713054,3.65263436928702,5.32558,18.3785,97.87617203,3.75,5331.91
2020-05-01,Bolsonaro,N,DIESEL,3.396805383022774,4.881458069310088,3.396805383022774,5.643445,29.378947368421056,165.79847363157896,3.1451612903225805,5311.65
2020-06-01,Bolsonaro,N,DIESEL,3.379356271777004,4.843788832216631,3.379356271777004,5.1966,40.26681818181818,209.25054736363637,2.675,5325.46
2020-07-01,Bolsonaro,N,DIESEL,3.541448443579766,5.0579161706210485,3.541448443579766,5.280191304347826,43.24217391304348,228.3269506767486,2.25,5344.63
2020-08-01,Bolsonaro,N,DIESEL,3.66256648199446,5.218370710626784,3.66256648199446,5.461233333333333,44.736,244.3137344,2.040322580645161,5357.46
2020-10-01,Bolsonaro,N,DIESEL,3.775177419354839,5.299036713559454,3.775177419354839,5.625790476190476,40.18954545454546,226.09796206060608,2.0,5438.12
2020-11-01,Bolsonaro,N,DIESEL,3.780275401069519,5.259383288442561,3.780275401069519,5.417835,42.69238095238095,231.30027575714286,2.0,5486.52
2020-12-01,Bolsonaro,N,DIESEL,3.931400452488688,5.3967805351500875,3.931400452488688,5.145586363636364,49.99363636363637,257.2465735413224,2.0,5560.59
2021-01-01,Bolsonaro,N,DIESEL,4.014202830188679,5.496706150604114,4.014202830188679,5.356245,54.774,293.38296363,2.0,5574.49
2021-02-01,Bolsonaro,N,DIESEL,4.29811216730038,5.835284519114027,4.29811216730038,5.416494444444444,62.2765,337.3203162694444,2.0,5622.43
2021-03-01,Bolsonaro,N,DIESEL,4.691068493150684,6.310091908318401,4.691068493150684,5.646147826086957,65.41,369.31452930434784,2.338709677419355,5674.72
2021-04-01,Bolsonaro,N,DIESEL,4.667944444444444,6.259584170866777,4.667944444444444,5.562135,64.8065,360.46250187749996,2.75,5692.31
2021-05-01,Bolsonaro,N,DIESEL,4.827450495049505,6.420185509399105,4.827450495049505,5.291057142857143,68.53421052631579,362.6184241353384,3.379032258064516,5739.56
2021-06-01,Bolsonaro,N,DIESEL,4.920465667915106,6.509389313359773,4.920465667915106,5.031904761904762,73.1640909090909,368.15473744588746,3.85,5769.98
2021-07-01,Bolsonaro,N,DIESEL,4.959368073878628,6.498470854653449,4.959368073878628,5.156704545454546,75.1659090909091,387.6083850723141,4.25,5825.37
2021-08-01,Bolsonaro,N,DIESEL,4.977344951923077,6.465775275460179,4.977344951923077,5.251718181818182,70.74714285714286,371.5440564545455,5.120967741935484,5876.05
2021-09-01,Bolsonaro,N,DIESEL,5.090027093596059,6.536334939655604,5.090027093596059,5.279690476190477,74.48863636363636,393.2769439935065,5.516666666666667,5944.21
2021-10-01,Bolsonaro,N,DIESEL,5.37444049247606,6.816361591221586,5.37444049247606,5.53998,83.53809523809524,462.7993768571429,6.443548387096774,6018.51
2021-11-01,Bolsonaro,N,DIESEL,5.706710234278668,7.169660032293115,5.706710234278668,5.55686,81.05,450.383503,7.75,6075.69
2021-12-01,Bolsonaro,N,DIESEL,5.7362986536107705,7.154607971794521,5.7362986536107705,5.651391304347826,74.1704761904762,419.16638418219463,8.862903225806452,6120.04
2022-01-01,Bolsonaro,N,DIESEL,5.844106455266139,7.249919750488153,5.844106455266139,5.534104761904762,86.50523809523808,478.7290500725623,9.25,6153.09
2022-02-01,Bolsonaro,N,DIESEL,5.928187709497207,7.28068751484502,5.928187709497207,5.196578947368421,97.129,504.7385165789474,10.642857142857142,6215.24
2022-03-01,Bolsonaro,N,DIESEL,6.614584210526315,7.994173879906171,6.614584210526315,4.968381818181818,117.24521739130434,582.5190063557312,11.233870967741936,6315.93
2022-04-01,Bolsonaro,N,DIESEL,6.9425219298245615,8.302500857041764,6.9425219298245615,4.758015789473684,104.57526315789474,497.5707532936288,11.75,6382.88
2022-05-01,Bolsonaro,N,DIESEL,7.169570135746606,8.533915783124753,7.169570135746606,4.95505,113.33761904761906,561.5935692619048,12.620967741935484,6412.88
2022-06-01,Bolsonaro,N,DIESEL,7.570044545454547,8.95062480164502,7.570044545454547,5.049209523809524,122.71095238095238,619.5933094376418,13.0,6455.85
2022-07-01,Bolsonaro,N,DIESEL,7.815667330677291,9.304312469458717,7.815667330677291,5.368071428571429,111.92571428571428,600.8252289795918,13.25,6411.95
2022-08-01,Bolsonaro,N,DIESEL,7.525746753246753,8.991536201125662,7.525746753246753,5.143286956521739,100.44636363636364,516.6244719209486,13.701612903225806,6388.87
2022-09-01,Bolsonaro,N,DIESEL,7.241706093189964,8.677340330613502,7.241706093189964,5.236957142857143,89.7647619047619,470.0942110340136,13.75,6370.34
2022-10-01,Bolsonaro,N,DIESEL,6.859442970822282,8.171079563629716,6.859442970822282,5.2503,93.33190476190477,490.0204995714286,13.75,6407.93
2022-11-01,Bolsonaro,N,DIESEL,6.932656546489564,8.224575227745568,6.932656546489564,5.274649999999999,91.41545454545457,482.1845273181819,13.75,6434.2
2022-12-01,Bolsonaro,N,DIESEL,6.814683333333333,8.034804159426265,6.814683333333333,5.242431818181818,80.924,424.23855245454547,13.75,6474.09
2023-01-01,Lula,N,DIESEL,6.733373349339735,7.897084913554875,6.733373349339735,5.200681818181819,82.50142857142858,429.0636795454546,13.75,6508.4
2023-02-01,Lula,N,DIESEL,6.510326633165829,7.571886413839926,6.510326633165829,5.171688888888889,82.58500000000001,427.10392688888896,13.75,6563.07
2023-03-01,Lula,N,DIESEL,6.384341351660939,7.373007417274814,6.384341351660939,5.211460869565218,78.43434782608696,408.75753452551993,13.75,6609.67
2023-04-01,Lula,N,DIESEL,6.294519621109608,7.225201242023295,6.294519621109608,5.019733333333333,84.63833333333334,424.86186311111106,13.75,6649.99
2023-05-01,Lula,N,DIESEL,5.833626482213439,6.680801507637502,5.833626482213439,4.982836363636364,75.466,376.03472901818185,13.75,6665.28
2023-06-01,Lula,N,DIESEL,5.416079182630907,6.207580852594045,5.416079182630907,4.851566666666667,74.83909090909091,363.08683881818183,13.75,6659.95
2023-07-01,Lula,N,DIESEL,5.378495670995672,6.15711816703724,5.378495670995672,4.800833333333333,80.10809523809523,384.5856138888889,13.75,6667.94
2023-08-01,Lula,N,DIESEL,5.863395445134575,6.696808455378885,5.863395445134575,4.903543478260869,86.14772727272727,422.4291262351778,13.28225806451613,6683.28
2023-09-01,Lula,N,DIESEL,6.4368803945746,7.332738645786933,6.4368803945746,4.93699,93.72238095238096,462.70645753809526,13.083333333333334,6700.66
2023-10-01,Lula,N,DIESEL,6.519762419006479,7.409375097090676,6.519762419006479,5.064842857142857,90.59590909090907,458.85404304545443,12.75,6716.74
2023-11-01,Lula,N,DIESEL,6.555,7.428617210175857,6.555,4.89834,82.94,406.2683196,12.266666666666667,6735.55
2023-12-01,Lula,N,DIESEL,6.443950310559006,7.262098636119381,6.443950310559006,4.897245,77.63105263157895,380.1782843447369,11.959677419354838,6773.27
2024-01-01,Lula,N,DIESEL,6.399932885906041,7.182324427157331,6.399932885906041,4.914395454545455,80.12409090909091,393.7614681632232,11.75,6801.72
2024-02-01,Lula,N,DIESEL,6.425970982142857,7.152187023655337,6.425970982142857,4.964389473684211,83.47809523809524,414.417777283208,11.25,6858.17
2024-03-01,Lula,N,DIESEL,6.396698450536353,7.108236331416684,6.396698450536353,4.980135,85.4085,425.3458601475,11.07258064516129,6869.14
2024-04-01,Lula,N,DIESEL,6.362817836812144,7.04382327467783,6.362817836812144,5.129095454545455,89.93809523809524,461.30107547619053,10.75,6895.24
2024-05-01,Lula,N,DIESEL,6.333675847457627,6.979454838643355,6.333675847457627,5.133047619047619,81.74619047619048,419.6070883900227,10.564516129032258,6926.96
2024-06-01,Lula,N,DIESEL,6.313216783216783,6.942327497353435,6.313216783216783,5.388975,82.24600000000001,443.2216378500001,10.5,6941.51
2024-07-01,Lula,N,DIESEL,6.4403137254901965,7.055277270281753,6.4403137254901965,5.542047826086956,85.15304347826087,471.9222394933837,10.5,6967.89
2024-08-01,Lula,N,DIESEL,6.490151515151515,7.111292506997775,6.490151515151515,5.5526136363636365,80.3552380952381,446.1815908008658,10.5,6966.5
2024-09-01,Lula,N,DIESEL,6.460539772727273,7.047838907180066,6.460539772727273,5.541566666666666,74.01666666666667,410.16829277777776,10.6,6997.15
2024-10-01,Lula,N,DIESEL,6.559471428571428,7.1159189652438535,6.559471428571428,5.624108695652174,75.63260869565217,425.3660122400756,10.75,7036.33
2024-11-01,Lula,N,DIESEL,6.551326530612244,7.079474871529692,6.551326530612244,5.807057894736842,74.3452380952381,431.72710181704264,11.15,7063.77
2024-12-01,Lula,N,DIESEL,6.657206537890045,7.156677510206102,6.657206537890045,6.097028571428571,73.8595,450.32348177142853,11.89516129032258,7100.5
2025-01-01,Lula,N,DIESEL,6.665662100456621,7.154321361088167,6.665662100456621,6.021772727272727,79.27045454545454,477.3486612603305,12.314516129032258,7111.86
2025-02-01,Lula,N,DIESEL,6.882983193277311,7.292043725067095,6.882983193277311,5.765645,75.438,434.94872751,13.25,7205.03
2025-03-01,Lula,N,DIESEL,6.8521181001283695,7.218916529628932,6.8521181001283695,5.74681052631579,72.73285714285714,417.981949037594,13.637096774193548,7245.38
2025-04-01,Lula,N,DIESEL,6.7468934531450575,7.077620615478022,6.7468934531450575,5.783675000000001,68.1345,394.06780428750005,14.25,7276.54
2025-05-01,Lula,N,DIESEL,6.662492625368731,6.9709570860155985,6.662492625368731,5.6673857142857145,64.453,365.2800114428572,14.637096774193548,7295.46
2025-06-01,Lula,N,DIESEL,6.554166666666666,6.841196070132928,6.554166666666666,5.547055,71.4447619047619,396.3080237476191,14.85,7312.97
2025-07-01,Lula,N,DIESEL,6.559732540861813,6.8292531107398835,6.559732540861813,5.528491304347826,71.04130434782608,392.7512333364839,15.0,7331.98
2025-08-01,Lula,N,DIESEL,6.531051625239005,6.806885829744376,6.531051625239005,5.44692380952381,67.87,369.682718952381,15.0,7323.91
2025-09-01,Lula,N,DIESEL,6.502998522895125,6.7452749963879555,6.502998522895125,5.367409090909091,67.98545454545454,364.90574677685953,15.0,7359.06
2025-10-01,Lula,N,DIESEL,6.488885793871867,6.724587235442829,6.488885793871867,5.385526086956522,64.54347826086956,347.6005859168242,15.0,7365.68
2025-11-01,Lula,N,DIESEL,6.501184615384616,6.725225769784321,6.501184615384616,5.340852631578947,63.797,340.7303753368421,15.0,7378.94
2025-12-01,Lula,N,DIESEL,6.491570605187319,6.693193362766284,6.491570605187319,5.45309090909091,62.54428571428572,341.0596758441559,15.0,7403.29
2026-01-01,Lula,N,DIESEL,6.552016806722689,6.733297869276147,6.552016806722689,5.3380238095238095,66.60238095238095,355.5250952947846,15.0,7427.72
2026-02-01,Lula,N,DIESEL,6.523797909407666,6.65769794765143,6.523797909407666,5.200616666666666,70.887,368.65611364999995,15.0,7479.71
2026-03-01,Lula,N,DIESEL,7.22564945226917,7.309631552527734,7.22564945226917,5.231586363636364,103.13454545454546,539.5572816198347,14.89516129032258,7545.53
2026-04-01,Lula,N,DIESEL,7.593040540540541,7.630165630642905,7.593040540540541,5.033075,117.2875,590.3167840625,14.741666666666667,7596.09
2026-05-01,Lula,N,DIESEL,7.41637037037037,7.409653056840797,7.41637037037037,4.983700000000001,107.13947368421051,533.950995,14.5,7640.15
2026-06-01,Lula,N,DIESEL,7.28039705882353,7.262187432301827,7.28039705882353,5.127571428571429,85.3990909090909,437.88993857142856,14.391666666666667,7652.37
2026-07-01,Lula,N,DIESEL,7.182438596491228,7.159459235033716,7.182438596491228,5.113947826086957,83.75869565217391,428.3375995463138,14.25,7657.73
2026-08-01,Lula,N,DIESEL,7.13919696969697,7.13919696969697,7.13919696969697,5.153161904761905,91.076,469.32937363809526,14.040322580645162,7633.23
2019-01-01,Bolsonaro,NE,DIESEL,3.552917967186875,5.300099867434158,3.552917967186875,3.7416818181818186,59.40954545454545,222.29161605371903,6.5,5116.93
2019-02-01,Bolsonaro,NE,DIESEL,3.5486699653636813,5.271100022711539,3.5486699653636813,3.723625,63.9605,238.16491681250002,6.5,5138.93
2019-03-01,Bolsonaro,NE,DIESEL,3.600645337301587,5.308491214444621,3.600645337301587,3.846484210526316,66.13857142857144,254.40097070676697,6.5,5177.47
2019-04-01,Bolsonaro,NE,DIESEL,3.6482454736842103,5.348185857654634,3.6482454736842103,3.896157142857143,71.23333333333333,277.5362604761905,6.5,5206.98
2019-05-01,Bolsonaro,NE,DIESEL,3.734676470588235,5.467781246816251,3.734676470588235,4.001518181818182,71.31772727272727,285.3791823677686,6.5,5213.75
2019-06-01,Bolsonaro,NE,DIESEL,3.710949504950495,5.432501786381078,3.710949504950495,3.8588263157894738,64.2205,247.81575541315792,6.5,5214.27
2019-07-01,Bolsonaro,NE,DIESEL,3.637946361746362,5.3155291944138945,3.637946361746362,3.779339130434783,63.9191304347826,241.57207083553877,6.5,5224.18
2019-08-01,Bolsonaro,NE,DIESEL,3.610764395393474,5.2700122383759105,3.610764395393474,4.019981818181818,59.041818181818186,237.34703560330578,6.0,5229.93
2019-09-01,Bolsonaro,NE,DIESEL,3.672792119565217,5.362686499745363,3.672792119565217,4.1215,62.82666666666668,258.94010666666674,5.8,5227.84
2019-10-01,Bolsonaro,NE,DIESEL,3.77165279529214,5.501530319030286,3.77165279529214,4.086986956521739,59.71304347826087,244.04642982986766,5.483870967741935,5233.07
2019-11-01,Bolsonaro,NE,DIESEL,3.7821398283695102,5.488832798854889,3.7821398283695102,4.155345,63.21190476190476,262.6672723928571,5.0,5259.76
2019-12-01,Bolsonaro,NE,DIESEL,3.799901978417266,5.451910300965937,3.799901978417266,4.109590476190476,67.21714285714286,276.234930122449,4.67741935483871,5320.25
2020-01-01,Bolsonaro,NE,DIESEL,3.838960036330608,5.4964090088794135,3.838960036330608,4.149463636363636,63.64545454545455,264.09449925619833,4.5,5331.42
2020-02-01,Bolsonaro,NE,DIESEL,3.781779134860051,5.401036520994955,3.781779134860051,4.341011111111111,55.657,241.6076554111111,4.293103448275862,5344.75
2020-03-01,Bolsonaro,NE,DIESEL,3.6527741935483866,5.213147179375739,3.6527741935483866,4.883854545454546,32.01136363636363,156.3388438016529,4.040322580645161,5348.49
2020-04-01,Bolsonaro,NE,DIESEL,3.3824512750455376,4.842360157282447,3.3824512750455376,5.32558,18.3785,97.87617203,3.75,5331.91
2020-05-01,Bolsonaro,NE,DIESEL,3.1082722165474976,4.4668147810034275,3.1082722165474976,5.643445,29.378947368421056,165.79847363157896,3.1451612903225805,5311.65
2020-06-01,Bolsonaro,NE,DIESEL,3.114641382405745,4.464360644793314,3.114641382405745,5.1966,40.26681818181818,209.25054736363637,2.675,5325.46
2020-07-01,Bolsonaro,NE,DIESEL,3.326111407012872,4.750370629089921,3.326111407012872,5.280191304347826,43.24217391304348,228.3269506767486,2.25,5344.63
2020-08-01,Bolsonaro,NE,DIESEL,3.436816494845361,4.89672545813659,3.436816494845361,5.461233333333333,44.736,244.3137344,2.040322580645161,5357.46
2020-10-01,Bolsonaro,NE,DIESEL,3.5082042253521126,4.924299158364381,3.5082042253521126,5.625790476190476,40.18954545454546,226.09796206060608,2.0,5438.12
2020-11-01,Bolsonaro,NE,DIESEL,3.547392694063927,4.935380593547382,3.547392694063927,5.417835,42.69238095238095,231.30027575714286,2.0,5486.52
2020-12-01,Bolsonaro,NE,DIESEL,3.695224719101124,5.07257326697064,3.695224719101124,5.145586363636364,49.99363636363637,257.2465735413224,2.0,5560.59
2021-01-01,Bolsonaro,NE,DIESEL,3.77537481910275,5.16967549146553,3.77537481910275,5.356245,54.774,293.38296363,2.0,5574.49
2021-02-01,Bolsonaro,NE,DIESEL,4.00703453038674,5.440106179780623,4.00703453038674,5.416494444444444,62.2765,337.3203162694444,2.0,5622.43
2021-03-01,Bolsonaro,NE,DIESEL,4.362612403100775,5.868276121768286,4.362612403100775,5.646147826086957,65.41,369.31452930434784,2.338709677419355,5674.72
2021-04-01,Bolsonaro,NE,DIESEL,4.280383879781421,5.7398761913289915,4.280383879781421,5.562135,64.8065,360.46250187749996,2.75,5692.31
2021-05-01,Bolsonaro,NE,DIESEL,4.51101606922126,5.9993489379084455,4.51101606922126,5.291057142857143,68.53421052631579,362.6184241353384,3.379032258064516,5739.56
2021-06-01,Bolsonaro,NE,DIESEL,4.619449438202247,6.111168502346375,4.619449438202247,5.031904761904762,73.1640909090909,368.15473744588746,3.85,5769.98
2021-07-01,Bolsonaro,NE,DIESEL,4.711840152235966,6.174124494281417,4.711840152235966,5.156704545454546,75.1659090909091,387.6083850723141,4.25,5825.37
2021-08-01,Bolsonaro,NE,DIESEL,4.763704013377927,6.188246932214122,4.763704013377927,5.251718181818182,70.74714285714286,371.5440564545455,5.120967741935484,5876.05
2021-09-01,Bolsonaro,NE,DIESEL,4.86434705882353,6.246528958402131,4.86434705882353,5.279690476190477,74.48863636363636,393.2769439935065,5.516666666666667,5944.21
2021-10-01,Bolsonaro,NE,DIESEL,5.202027145359019,6.597691067518176,5.202027145359019,5.53998,83.53809523809524,462.7993768571429,6.443548387096774,6018.51
2021-11-01,Bolsonaro,NE,DIESEL,5.542157099697885,6.962922703121273,5.542157099697885,5.55686,81.05,450.383503,7.75,6075.69
2021-12-01,Bolsonaro,NE,DIESEL,5.523846282372598,6.8896264008070185,5.523846282372598,5.651391304347826,74.1704761904762,419.16638418219463,8.862903225806452,6120.04
2022-01-01,Bolsonaro,NE,DIESEL,5.666109308283518,7.029104979005508,5.666109308283518,5.534104761904762,86.50523809523808,478.7290500725623,9.25,6153.09
2022-02-01,Bolsonaro,NE,DIESEL,5.777748085106383,7.095925501778949,5.777748085106383,5.196578947368421,97.129,504.7385165789474,10.642857142857142,6215.24
2022-03-01,Bolsonaro,NE,DIESEL,6.547791014295439,7.913449769717265,6.547791014295439,4.968381818181818,117.24521739130434,582.5190063557312,11.233870967741936,6315.93
2022-04-01,Bolsonaro,NE,DIESEL,6.81941329856584,8.155276328712388,6.81941329856584,4.758015789473684,104.57526315789474,497.5707532936288,11.75,6382.88
2022-05-01,Bolsonaro,NE,DIESEL,7.210140166204986,8.58220615712143,7.210140166204986,4.95505,113.33761904761906,561.5935692619048,12.620967741935484,6412.88
2022-06-01,Bolsonaro,NE,DIESEL,7.55973409461664,8.93843399134902,7.55973409461664,5.049209523809524,122.71095238095238,619.5933094376418,13.0,6455.85
2022-07-01,Bolsonaro,NE,DIESEL,7.579493201483313,9.023154405501987,7.579493201483313,5.368071428571429,111.92571428571428,600.8252289795918,13.25,6411.95
2022-08-01,Bolsonaro,NE,DIESEL,7.127703398558188,8.515965955321725,7.127703398558188,5.143286956521739,100.44636363636364,516.6244719209486,13.701612903225806,6388.87
2022-09-01,Bolsonaro,NE,DIESEL,6.967405764966741,8.348661249998756,6.967405764966741,5.236957142857143,89.7647619047619,470.0942110340136,13.75,6370.34
2022-10-01,Bolsonaro,NE,DIESEL,6.702680115273775,7.984341111140608,6.702680115273775,5.2503,93.33190476190477,490.0204995714286,13.75,6407.93
2022-11-01,Bolsonaro,NE,DIESEL,6.816486042692939,8.086756046698117,6.816486042692939,5.274649999999999,91.41545454545457,482.1845273181819,13.75,6434.2
2022-12-01,Bolsonaro,NE,DIESEL,6.537732283464567,7.708266983948358,6.537732283464567,5.242431818181818,80.924,424.23855245454547,13.75,6474.09
2023-01-01,Lula,NE,DIESEL,6.485609037328095,7.606500133981306,6.485609037328095,5.200681818181819,82.50142857142858,429.0636795454546,13.75,6508.4
2023-02-01,Lula,NE,DIESEL,6.191630218687872,7.2012240512739965,6.191630218687872,5.171688888888889,82.58500000000001,427.10392688888896,13.75,6563.07
2023-03-01,Lula,NE,DIESEL,5.969584372402327,6.894022019095145,5.969584372402327,5.211460869565218,78.43434782608696,408.75753452551993,13.75,6609.67
2023-04-01,Lula,NE,DIESEL,5.839572506286672,6.70298752962976,5.839572506286672,5.019733333333333,84.63833333333334,424.86186311111106,13.75,6649.99
2023-05-01,Lula,NE,DIESEL,5.32385975609756,6.097005077961703,5.32385975609756,4.982836363636364,75.466,376.03472901818185,13.75,6665.28
2023-06-01,Lula,NE,DIESEL,5.007109867039888,5.738845073969757,5.007109867039888,4.851566666666667,74.83909090909091,363.08683881818183,13.75,6659.95
2023-07-01,Lula,NE,DIESEL,4.988653610771114,5.710840289706624,4.988653610771114,4.800833333333333,80.10809523809523,384.5856138888889,13.75,6667.94
2023-08-01,Lula,NE,DIESEL,5.605080789946141,6.401777396464099,5.605080789946141,4.903543478260869,86.14772727272727,422.4291262351778,13.28225806451613,6683.28
2023-09-01,Lula,NE,DIESEL,6.16041802743305,7.01779939581217,6.16041802743305,4.93699,93.72238095238096,462.70645753809526,13.083333333333334,6700.66
2023-10-01,Lula,NE,DIESEL,6.173691971600219,7.016083809761571,6.173691971600219,5.064842857142857,90.59590909090907,458.85404304545443,12.75,6716.74
2023-11-01,Lula,NE,DIESEL,6.060297951582867,6.867983777562468,6.060297951582867,4.89834,82.94,406.2683196,12.266666666666667,6735.55
2023-12-01,Lula,NE,DIESEL,5.89498369210698,6.643433137628023,5.89498369210698,4.897245,77.63105263157895,380.1782843447369,11.959677419354838,6773.27
2024-01-01,Lula,NE,DIESEL,5.897344332091539,6.618294442589682,5.897344332091539,4.914395454545455,80.12409090909091,393.7614681632232,11.75,6801.72
2024-02-01,Lula,NE,DIESEL,5.995896103896104,6.673508241577981,5.995896103896104,4.964389473684211,83.47809523809524,414.417777283208,11.25,6858.17
2024-03-01,Lula,NE,DIESEL,5.887903549899531,6.542845540227684,5.887903549899531,4.980135,85.4085,425.3458601475,11.07258064516129,6869.14
2024-04-01,Lula,NE,DIESEL,5.95349855907781,6.5906950020752735,5.95349855907781,5.129095454545455,89.93809523809524,461.30107547619053,10.75,6895.24
2024-05-01,Lula,NE,DIESEL,5.954030487804879,6.561100993859764,5.954030487804879,5.133047619047619,81.74619047619048,419.6070883900227,10.564516129032258,6926.96
2024-06-01,Lula,NE,DIESEL,5.922271487039563,6.512424585286919,5.922271487039563,5.388975,82.24600000000001,443.2216378500001,10.5,6941.51
2024-07-01,Lula,NE,DIESEL,6.056093257718967,6.634368903300445,6.056093257718967,5.542047826086956,85.15304347826087,471.9222394933837,10.5,6967.89
2024-08-01,Lula,NE,DIESEL,6.035149884704074,6.612744872521306,6.035149884704074,5.5526136363636365,80.3552380952381,446.1815908008658,10.5,6966.5
2024-09-01,Lula,NE,DIESEL,6.004071376547706,6.54987498533049,6.004071376547706,5.541566666666666,74.01666666666667,410.16829277777776,10.6,6997.15
2024-10-01,Lula,NE,DIESEL,6.0131518404907975,6.52325445557408,6.0131518404907975,5.624108695652174,75.63260869565217,425.3660122400756,10.75,7036.33
2024-11-01,Lula,NE,DIESEL,6.02603550295858,6.5118364530907025,6.02603550295858,5.807057894736842,74.3452380952381,431.72710181704264,11.15,7063.77
2024-12-01,Lula,NE,DIESEL,6.122092307692308,6.581415205386404,6.122092307692308,6.097028571428571,73.8595,450.32348177142853,11.89516129032258,7100.5
2025-01-01,Lula,NE,DIESEL,6.2200329218107,6.676023135966272,6.2200329218107,6.021772727272727,79.27045454545454,477.3486612603305,12.314516129032258,7111.86
2025-02-01,Lula,NE,DIESEL,6.429141274238227,6.811229661604943,6.429141274238227,5.765645,75.438,434.94872751,13.25,7205.03
2025-03-01,Lula,NE,DIESEL,6.376841715976331,6.71819828520271,6.376841715976331,5.74681052631579,72.73285714285714,417.981949037594,13.637096774193548,7245.38
2025-04-01,Lula,NE,DIESEL,6.246691957511381,6.552899654345966,6.246691957511381,5.783675000000001,68.1345,394.06780428750005,14.25,7276.54
2025-05-01,Lula,NE,DIESEL,6.081467741935485,6.363031530811518,6.081467741935485,5.6673857142857145,64.453,365.2800114428572,14.637096774193548,7295.46
2025-06-01,Lula,NE,DIESEL,5.981944,6.243913813282429,5.981944,5.547055,71.4447619047619,396.3080237476191,14.85,7312.97
2025-07-01,Lula,NE,DIESEL,5.983095238095238,6.2289234373642195,5.983095238095238,5.528491304347826,71.04130434782608,392.7512333364839,15.0,7331.98
2025-08-01,Lula,NE,DIESEL,5.999936102236422,6.253339029790661,5.999936102236422,5.44692380952381,67.87,369.682718952381,15.0,7323.91
2025-09-01,Lula,NE,DIESEL,5.975484727755644,6.198108085604168,5.975484727755644,5.367409090909091,67.98545454545454,364.90574677685953,15.0,7359.06
2025-10-01,Lula,NE,DIESEL,5.955261932479627,6.171580090481999,5.955261932479627,5.385526086956522,64.54347826086956,347.6005859168242,15.0,7365.68
2025-11-01,Lula,NE,DIESEL,6.025942583732057,6.23360614240271,6.025942583732057,5.340852631578947,63.797,340.7303753368421,15.0,7378.94
2025-12-01,Lula,NE,DIESEL,6.056255442670538,6.244357675122281,6.056255442670538,5.45309090909091,62.54428571428572,341.0596758441559,15.0,7403.29
2026-01-01,Lula,NE,DIESEL,6.107371575342466,6.276350203030185,6.107371575342466,5.3380238095238095,66.60238095238095,355.5250952947846,15.0,7427.72
2026-02-01,Lula,NE,DIESEL,6.0867328370554175,6.211662175912773,6.0867328370554175,5.200616666666666,70.887,368.65611364999995,15.0,7479.71
2026-03-01,Lula,NE,DIESEL,7.175350877192983,7.258748368413589,7.175350877192983,5.231586363636364,103.13454545454546,539.5572816198347,14.89516129032258,7545.53
2026-04-01,Lula,NE,DIESEL,7.66395613322502,7.701427955015964,7.66395613322502,5.033075,117.2875,590.3167840625,14.741666666666667,7596.09
2026-05-01,Lula,NE,DIESEL,7.40096926713948,7.394265903026392,7.40096926713948,4.983700000000001,107.13947368421051,533.950995,14.5,7640.15
2026-06-01,Lula,NE,DIESEL,7.264881944444444,7.246711124108174,7.264881944444444,5.127571428571429,85.3990909090909,437.88993857142856,14.391666666666667,7652.37
2026-07-01,Lula,NE,DIESEL,7.141028867505552,7.118181991570531,7.141028867505552,5.113947826086957,83.75869565217391,428.3375995463138,14.25,7657.73
2026-08-01,Lula,NE,DIESEL,6.959566101694915,6.959566101694915,6.959566101694915,5.153161904761905,91.076,469.32937363809526,14.040322580645162,7633.23
2019-01-01,Bolsonaro,S,DIESEL,3.303427177177177,4.927919559510125,3.303427177177177,3.7416818181818186,59.40954545454545,222.29161605371903,6.5,5116.93
2019-02-01,Bolsonaro,S,DIESEL,3.310081167350661,4.916706565190824,3.310081167350661,3.723625,63.9605,238.16491681250002,6.5,5138.93
2019-03-01,Bolsonaro,S,DIESEL,3.3872233502538074,4.993839634774874,3.3872233502538074,3.846484210526316,66.13857142857144,254.40097070676697,6.5,5177.47
2019-04-01,Bolsonaro,S,DIESEL,3.444194137799771,5.049054541879813,3.444194137799771,3.896157142857143,71.23333333333333,277.5362604761905,6.5,5206.98
2019-05-01,Bolsonaro,S,DIESEL,3.514642245072836,5.1456384798575545,3.514642245072836,4.001518181818182,71.31772727272727,285.3791823677686,6.5,5213.75
2019-06-01,Bolsonaro,S,DIESEL,3.484273146015661,5.100667649807378,3.484273146015661,3.8588263157894738,64.2205,247.81575541315792,6.5,5214.27
2019-07-01,Bolsonaro,S,DIESEL,3.4221326885880075,5.000196375796897,3.4221326885880075,3.779339130434783,63.9191304347826,241.57207083553877,6.5,5224.18
2019-08-01,Bolsonaro,S,DIESEL,3.39237941976428,4.9512732213102835,3.39237941976428,4.019981818181818,59.041818181818186,237.34703560330578,6.0,5229.93
2019-09-01,Bolsonaro,S,DIESEL,3.434103404791929,5.014174330614536,3.434103404791929,4.1215,62.82666666666668,258.94010666666674,5.8,5227.84
2019-10-01,Bolsonaro,S,DIESEL,3.548794975688817,5.176458230498952,3.548794975688817,4.086986956521739,59.71304347826087,244.04642982986766,5.483870967741935,5233.07
2019-11-01,Bolsonaro,S,DIESEL,3.576558534405719,5.190482817007195,3.576558534405719,4.155345,63.21190476190476,262.6672723928571,5.0,5259.76
2019-12-01,Bolsonaro,S,DIESEL,3.5940828377230245,5.1566112380795115,3.5940828377230245,4.109590476190476,67.21714285714286,276.234930122449,4.67741935483871,5320.25
2020-01-01,Bolsonaro,S,DIESEL,3.650772675086108,5.226972834000609,3.650772675086108,4.149463636363636,63.64545454545455,264.09449925619833,4.5,5331.42
2020-02-01,Bolsonaro,S,DIESEL,3.5945400633770936,5.1336266519429214,3.5945400633770936,4.341011111111111,55.657,241.6076554111111,4.293103448275862,5344.75
2020-03-01,Bolsonaro,S,DIESEL,3.484097859327217,4.972416570424978,3.484097859327217,4.883854545454546,32.01136363636363,156.3388438016529,4.040322580645161,5348.49
2020-04-01,Bolsonaro,S,DIESEL,3.176824120603015,4.547981714265723,3.176824120603015,5.32558,18.3785,97.87617203,3.75,5331.91
2020-05-01,Bolsonaro,S,DIESEL,2.9105304579813254,4.182645394138693,2.9105304579813254,5.643445,29.378947368421056,165.79847363157896,3.1451612903225805,5311.65
2020-06-01,Bolsonaro,S,DIESEL,2.9444675270607825,4.220442527328377,2.9444675270607825,5.1966,40.26681818181818,209.25054736363637,2.675,5325.46
2020-07-01,Bolsonaro,S,DIESEL,3.132505126182965,4.4738610725781935,3.132505126182965,5.280191304347826,43.24217391304348,228.3269506767486,2.25,5344.63
2020-08-01,Bolsonaro,S,DIESEL,3.241921052631579,4.619041306249407,3.241921052631579,5.461233333333333,44.736,244.3137344,2.040322580645161,5357.46
2020-10-01,Bolsonaro,S,DIESEL,3.329833333333333,4.673928433907306,3.329833333333333,5.625790476190476,40.18954545454546,226.09796206060608,2.0,5438.12
2020-11-01,Bolsonaro,S,DIESEL,3.4748821428571426,4.834498847962173,3.4748821428571426,5.417835,42.69238095238095,231.30027575714286,2.0,5486.52
2020-12-01,Bolsonaro,S,DIESEL,3.536772511848341,4.855059991946198,3.536772511848341,5.145586363636364,49.99363636363637,257.2465735413224,2.0,5560.59
2021-01-01,Bolsonaro,S,DIESEL,3.580411192214112,4.902708969743335,3.580411192214112,5.356245,54.774,293.38296363,2.0,5574.49
2021-02-01,Bolsonaro,S,DIESEL,3.790437360178971,5.1460454235693325,3.790437360178971,5.416494444444444,62.2765,337.3203162694444,2.0,5622.43
2021-03-01,Bolsonaro,S,DIESEL,4.080232888888888,5.488439270035055,4.080232888888888,5.646147826086957,65.41,369.31452930434784,2.338709677419355,5674.72
2021-04-01,Bolsonaro,S,DIESEL,4.074315377081293,5.463544038500755,4.074315377081293,5.562135,64.8065,360.46250187749996,2.75,5692.31
2021-05-01,Bolsonaro,S,DIESEL,4.349663652802893,5.784761041697381,4.349663652802893,5.291057142857143,68.53421052631579,362.6184241353384,3.379032258064516,5739.56
2021-06-01,Bolsonaro,S,DIESEL,4.363742504409171,5.772888328370499,4.363742504409171,5.031904761904762,73.1640909090909,368.15473744588746,3.85,5769.98
2021-07-01,Bolsonaro,S,DIESEL,4.438761570005858,5.816298016952711,4.438761570005858,5.156704545454546,75.1659090909091,387.6083850723141,4.25,5825.37
2021-08-01,Bolsonaro,S,DIESEL,4.468811128945961,5.805168978106751,4.468811128945961,5.251718181818182,70.74714285714286,371.5440564545455,5.120967741935484,5876.05
2021-09-01,Bolsonaro,S,DIESEL,4.551784110535405,5.845152682368585,4.551784110535405,5.279690476190477,74.48863636363636,393.2769439935065,5.516666666666667,5944.21
2021-10-01,Bolsonaro,S,DIESEL,4.862852849092048,6.167518913032444,4.862852849092048,5.53998,83.53809523809524,462.7993768571429,6.443548387096774,6018.51
2021-11-01,Bolsonaro,S,DIESEL,5.228106957424715,6.568363901157409,5.228106957424715,5.55686,81.05,450.383503,7.75,6075.69
2021-12-01,Bolsonaro,S,DIESEL,5.209307329842932,6.497317172661774,5.209307329842932,5.651391304347826,74.1704761904762,419.16638418219463,8.862903225806452,6120.04
2022-01-01,Bolsonaro,S,DIESEL,5.355550987720235,6.643841137704102,5.355550987720235,5.534104761904762,86.50523809523808,478.7290500725623,9.25,6153.09
2022-02-01,Bolsonaro,S,DIESEL,5.45591829393628,6.700671124336829,5.45591829393628,5.196578947368421,97.129,504.7385165789474,10.642857142857142,6215.24
2022-03-01,Bolsonaro,S,DIESEL,6.147617456359102,7.429812869427619,6.147617456359102,4.968381818181818,117.24521739130434,582.5190063557312,11.233870967741936,6315.93
2022-04-01,Bolsonaro,S,DIESEL,6.449053552492047,7.712366368863094,6.449053552492047,4.758015789473684,104.57526315789474,497.5707532936288,11.75,6382.88
2022-05-01,Bolsonaro,S,DIESEL,6.671251869158878,7.940769187201322,6.671251869158878,4.95505,113.33761904761906,561.5935692619048,12.620967741935484,6412.88
2022-06-01,Bolsonaro,S,DIESEL,7.035121786197564,8.318145971801828,7.035121786197564,5.049209523809524,122.71095238095238,619.5933094376418,13.0,6455.85
2022-07-01,Bolsonaro,S,DIESEL,7.353146639511202,8.753695759186533,7.353146639511202,5.368071428571429,111.92571428571428,600.8252289795918,13.25,6411.95
2022-08-01,Bolsonaro,S,DIESEL,6.977204255319149,8.33615409889852,6.977204255319149,5.143286956521739,100.44636363636364,516.6244719209486,13.701612903225806,6388.87
2022-09-01,Bolsonaro,S,DIESEL,6.724496774193548,8.057596692119636,6.724496774193548,5.236957142857143,89.7647619047619,470.0942110340136,13.75,6370.34
2022-10-01,Bolsonaro,S,DIESEL,6.380209677419355,7.600209102778548,6.380209677419355,5.2503,93.33190476190477,490.0204995714286,13.75,6407.93
2022-11-01,Bolsonaro,S,DIESEL,6.423241267262388,7.62022907875187,6.423241267262388,5.274649999999999,91.41545454545457,482.1845273181819,13.75,6434.2
2022-12-01,Bolsonaro,S,DIESEL,6.274097834803529,7.397430652888257,6.274097834803529,5.242431818181818,80.924,424.23855245454547,13.75,6474.09
2023-01-01,Lula,S,DIESEL,6.23003003003003,7.3067500654732545,6.23003003003003,5.200681818181819,82.50142857142858,429.0636795454546,13.75,6508.4
2023-02-01,Lula,S,DIESEL,5.958833223467369,6.930467681491715,5.958833223467369,5.171688888888889,82.58500000000001,427.10392688888896,13.75,6563.07
2023-03-01,Lula,S,DIESEL,5.716844311377245,6.602143148286393,5.716844311377245,5.211460869565218,78.43434782608696,408.75753452551993,13.75,6609.67
2023-04-01,Lula,S,DIESEL,5.627744982290436,6.4598400645969125,5.627744982290436,5.019733333333333,84.63833333333334,424.86186311111106,13.75,6649.99
2023-05-01,Lula,S,DIESEL,5.328793342579751,6.102655133224716,5.328793342579751,4.982836363636364,75.466,376.03472901818185,13.75,6665.28
2023-06-01,Lula,S,DIESEL,5.018187721369539,5.751541837459682,5.018187721369539,4.851566666666667,74.83909090909091,363.08683881818183,13.75,6659.95
2023-07-01,Lula,S,DIESEL,4.938379189594797,5.653287849229401,4.938379189594797,4.800833333333333,80.10809523809523,384.5856138888889,13.75,6667.94
2023-08-01,Lula,S,DIESEL,5.46573028464769,6.242619848439881,5.46573028464769,4.903543478260869,86.14772727272727,422.4291262351778,13.28225806451613,6683.28
2023-09-01,Lula,S,DIESEL,5.998772406300923,6.833656609191989,5.998772406300923,4.93699,93.72238095238096,462.70645753809526,13.083333333333334,6700.66
2023-10-01,Lula,S,DIESEL,6.0137505773672055,6.834318630716192,6.0137505773672055,5.064842857142857,90.59590909090907,458.85404304545443,12.75,6716.74
2023-11-01,Lula,S,DIESEL,6.03570987654321,6.840118728377924,6.03570987654321,4.89834,82.94,406.2683196,12.266666666666667,6735.55
2023-12-01,Lula,S,DIESEL,5.900182219768084,6.649291690040457,5.900182219768084,4.897245,77.63105263157895,380.1782843447369,11.959677419354838,6773.27
2024-01-01,Lula,S,DIESEL,5.858667262969588,6.574889103302891,5.858667262969588,4.914395454545455,80.12409090909091,393.7614681632232,11.75,6801.72
2024-02-01,Lula,S,DIESEL,5.911033934252385,6.579055572835514,5.911033934252385,4.964389473684211,83.47809523809524,414.417777283208,11.25,6858.17
2024-03-01,Lula,S,DIESEL,5.884847348687734,6.5394493819348085,5.884847348687734,4.980135,85.4085,425.3458601475,11.07258064516129,6869.14
2024-04-01,Lula,S,DIESEL,5.912192771084337,6.544968300744295,5.912192771084337,5.129095454545455,89.93809523809524,461.30107547619053,10.75,6895.24
2024-05-01,Lula,S,DIESEL,5.920919881305638,6.524614443504601,5.920919881305638,5.133047619047619,81.74619047619048,419.6070883900227,10.564516129032258,6926.96
2024-06-01,Lula,S,DIESEL,5.916790780141843,6.506397727108673,5.916790780141843,5.388975,82.24600000000001,443.2216378500001,10.5,6941.51
2024-07-01,Lula,S,DIESEL,5.962174955062912,6.531482662934527,5.962174955062912,5.542047826086956,85.15304347826087,471.9222394933837,10.5,6967.89
2024-08-01,Lula,S,DIESEL,5.96342175066313,6.534151985906025,5.96342175066313,5.5526136363636365,80.3552380952381,446.1815908008658,10.5,6966.5
2024-09-01,Lula,S,DIESEL,5.973624118024374,6.516659901020729,5.973624118024374,5.541566666666666,74.01666666666667,410.16829277777776,10.6,6997.15
2024-10-01,Lula,S,DIESEL,5.968101796407185,6.474382764223568,5.968101796407185,5.624108695652174,75.63260869565217,425.3660122400756,10.75,7036.33
2024-11-01,Lula,S,DIESEL,6.0086921965317925,6.493094981197344,6.0086921965317925,5.807057894736842,74.3452380952381,431.72710181704264,11.15,7063.77
2024-12-01,Lula,S,DIESEL,6.040139416983523,6.493313626068748,6.040139416983523,6.097028571428571,73.8595,450.32348177142853,11.89516129032258,7100.5
2025-01-01,Lula,S,DIESEL,6.071241711874624,6.516324051982567,6.071241711874624,6.021772727272727,79.27045454545454,477.3486612603305,12.314516129032258,7111.86
2025-02-01,Lula,S,DIESEL,6.4022214809873255,6.7827100061091885,6.4022214809873255,5.765645,75.438,434.94872751,13.25,7205.03
2025-03-01,Lula,S,DIESEL,6.379211594202898,6.720695024583581,6.379211594202898,5.74681052631579,72.73285714285714,417.981949037594,13.637096774193548,7245.38
2025-04-01,Lula,S,DIESEL,6.274257907542578,6.581816864552553,6.274257907542578,5.783675000000001,68.1345,394.06780428750005,14.25,7276.54
2025-05-01,Lula,S,DIESEL,6.121690140845071,6.405116172770849,6.121690140845071,5.6673857142857145,64.453,365.2800114428572,14.637096774193548,7295.46
2025-06-01,Lula,S,DIESEL,6.023924477410654,6.287732759563533,6.023924477410654,5.547055,71.4447619047619,396.3080237476191,14.85,7312.97
2025-07-01,Lula,S,DIESEL,6.025052562417871,6.2726046676375224,6.025052562417871,5.528491304347826,71.04130434782608,392.7512333364839,15.0,7331.98
2025-08-01,Lula,S,DIESEL,6.02905750798722,6.2836903568849545,6.02905750798722,5.44692380952381,67.87,369.682718952381,15.0,7323.91
2025-09-01,Lula,S,DIESEL,6.032853315472203,6.257614004133935,6.032853315472203,5.367409090909091,67.98545454545454,364.90574677685953,15.0,7359.06
2025-10-01,Lula,S,DIESEL,6.024794173527549,6.243638011588296,6.024794173527549,5.385526086956522,64.54347826086956,347.6005859168242,15.0,7365.68
2025-11-01,Lula,S,DIESEL,6.032431529726119,6.24031870778883,6.032431529726119,5.340852631578947,63.797,340.7303753368421,15.0,7378.94
2025-12-01,Lula,S,DIESEL,6.0278253424657535,6.215044559765977,6.0278253424657535,5.45309090909091,62.54428571428572,341.0596758441559,15.0,7403.29
2026-01-01,Lula,S,DIESEL,6.076500615006149,6.244625105615638,6.076500615006149,5.3380238095238095,66.60238095238095,355.5250952947846,15.0,7427.72
2026-02-01,Lula,S,DIESEL,6.058356254092994,6.182703167560007,6.058356254092994,5.200616666666666,70.887,368.65611364999995,15.0,7479.71
2026-03-01,Lula,S,DIESEL,6.9490526315789465,7.029819909131282,6.9490526315789465,5.231586363636364,103.13454545454546,539.5572816198347,14.89516129032258,7545.53
2026-04-01,Lula,S,DIESEL,7.232344251766217,7.267705768745425,7.232344251766217,5.033075,117.2875,590.3167840625,14.741666666666667,7596.09
2026-05-01,Lula,S,DIESEL,6.900807327001357,6.894556980253864,6.900807327001357,4.983700000000001,107.13947368421051,533.950995,14.5,7640.15
2026-06-01,Lula,S,DIESEL,6.671483979763912,6.654797358054209,6.671483979763912,5.127571428571429,85.3990909090909,437.88993857142856,14.391666666666667,7652.37
2026-07-01,Lula,S,DIESEL,6.40799623115578,6.387494606305685,6.40799623115578,5.113947826086957,83.75869565217391,428.3375995463138,14.25,7657.73
2026-08-01,Lula,S,DIESEL,6.310739842328684,6.310739842328684,6.310739842328684,5.153161904761905,91.076,469.32937363809526,14.040322580645162,7633.23
2019-01-01,Bolsonaro,SE,DIESEL,3.379564546684709,5.0414982195750415,3.379564546684709,3.7416818181818186,59.40954545454545,222.29161605371903,6.5,5116.93
2019-02-01,Bolsonaro,SE,DIESEL,3.407537652645862,5.061465837500407,3.407537652645862,3.723625,63.9605,238.16491681250002,6.5,5138.93
2019-03-01,Bolsonaro,SE,DIESEL,3.4898510235678653,5.145145317815253,3.4898510235678653,3.846484210526316,66.13857142857144,254.40097070676697,6.5,5177.47
2019-04-01,Bolsonaro,SE,DIESEL,3.5243927208687995,5.1666225429552926,3.5243927208687995,3.896157142857143,71.23333333333333,277.5362604761905,6.5,5206.98
2019-05-01,Bolsonaro,SE,DIESEL,3.6026570527974786,5.2744972227523945,3.6026570527974786,4.001518181818182,71.31772727272727,285.3791823677686,6.5,5213.75
2019-06-01,Bolsonaro,SE,DIESEL,3.5590052250126414,5.210068802291259,3.5590052250126414,3.8588263157894738,64.2205,247.81575541315792,6.5,5214.27
2019-07-01,Bolsonaro,SE,DIESEL,3.4974895539243365,5.110302896856896,3.4974895539243365,3.779339130434783,63.9191304347826,241.57207083553877,6.5,5224.18
2019-08-01,Bolsonaro,SE,DIESEL,3.4876437754271765,5.0903142290439805,3.4876437754271765,4.019981818181818,59.041818181818186,237.34703560330578,6.0,5229.93
2019-09-01,Bolsonaro,SE,DIESEL,3.559623862002875,5.197448210380617,3.559623862002875,4.1215,62.82666666666668,258.94010666666674,5.8,5227.84
2019-10-01,Bolsonaro,SE,DIESEL,3.668412143379664,5.350938096606763,3.668412143379664,4.086986956521739,59.71304347826087,244.04642982986766,5.483870967741935,5233.07
2019-11-01,Bolsonaro,SE,DIESEL,3.6745583318972943,5.332705084602411,3.6745583318972943,4.155345,63.21190476190476,262.6672723928571,5.0,5259.76
2019-12-01,Bolsonaro,SE,DIESEL,3.700338872941532,5.309062110822516,3.700338872941532,4.109590476190476,67.21714285714286,276.234930122449,4.67741935483871,5320.25
2020-01-01,Bolsonaro,SE,DIESEL,3.754330709900834,5.375241456260497,3.754330709900834,4.149463636363636,63.64545454545455,264.09449925619833,4.5,5331.42
2020-02-01,Bolsonaro,SE,DIESEL,3.680917727035036,5.256988937094466,3.680917727035036,4.341011111111111,55.657,241.6076554111111,4.293103448275862,5344.75
2020-03-01,Bolsonaro,SE,DIESEL,3.538613621997472,5.0502200916220765,3.538613621997472,4.883854545454546,32.01136363636363,156.3388438016529,4.040322580645161,5348.49
2020-04-01,Bolsonaro,SE,DIESEL,3.2737916859122405,4.68680171095459,3.2737916859122405,5.32558,18.3785,97.87617203,3.75,5331.91
2020-05-01,Bolsonaro,SE,DIESEL,3.036646643109541,4.363883587130748,3.036646643109541,5.643445,29.378947368421056,165.79847363157896,3.1451612903225805,5311.65
2020-06-01,Bolsonaro,SE,DIESEL,3.0539082397003745,4.37730900101176,3.0539082397003745,5.1966,40.26681818181818,209.25054736363637,2.675,5325.46
2020-07-01,Bolsonaro,SE,DIESEL,3.2198811680199872,4.598652016728043,3.2198811680199872,5.280191304347826,43.24217391304348,228.3269506767486,2.25,5344.63
2020-08-01,Bolsonaro,SE,DIESEL,3.3231142992648803,4.734724246672427,3.3231142992648803,5.461233333333333,44.736,244.3137344,2.040322580645161,5357.46
2020-10-01,Bolsonaro,SE,DIESEL,3.4467122302158275,4.837985773953197,3.4467122302158275,5.625790476190476,40.18954545454546,226.09796206060608,2.0,5438.12
2020-11-01,Bolsonaro,SE,DIESEL,3.47738160291439,4.8379762714460535,3.47738160291439,5.417835,42.69238095238095,231.30027575714286,2.0,5486.52
2020-12-01,Bolsonaro,SE,DIESEL,3.572721808815112,4.904408937307331,3.572721808815112,5.145586363636364,49.99363636363637,257.2465735413224,2.0,5560.59
2021-01-01,Bolsonaro,SE,DIESEL,3.657084474885845,5.0076988076457,3.657084474885845,5.356245,54.774,293.38296363,2.0,5574.49
2021-02-01,Bolsonaro,SE,DIESEL,3.8880630445925166,5.278585855915491,3.8880630445925166,5.416494444444444,62.2765,337.3203162694444,2.0,5622.43
2021-03-01,Bolsonaro,SE,DIESEL,4.208313073005093,5.660723630109444,4.208313073005093,5.646147826086957,65.41,369.31452930434784,2.338709677419355,5674.72
2021-04-01,Bolsonaro,SE,DIESEL,4.172498312710911,5.595204634943338,4.172498312710911,5.562135,64.8065,360.46250187749996,2.75,5692.31
2021-05-01,Bolsonaro,SE,DIESEL,4.438178994556517,5.902480511854329,4.438178994556517,5.291057142857143,68.53421052631579,362.6184241353384,3.379032258064516,5739.56
2021-06-01,Bolsonaro,SE,DIESEL,4.468032208922742,5.910855409917425,4.468032208922742,5.031904761904762,73.1640909090909,368.15473744588746,3.85,5769.98
2021-07-01,Bolsonaro,SE,DIESEL,4.544565205982682,5.9549370198396305,4.544565205982682,5.156704545454546,75.1659090909091,387.6083850723141,4.25,5825.37
2021-08-01,Bolsonaro,SE,DIESEL,4.581041832203786,5.9509612656177024,4.581041832203786,5.251718181818182,70.74714285714286,371.5440564545455,5.120967741935484,5876.05
2021-09-01,Bolsonaro,SE,DIESEL,4.689795704173786,6.022379637154553,4.689795704173786,5.279690476190477,74.48863636363636,393.2769439935065,5.516666666666667,5944.21
2021-10-01,Bolsonaro,SE,DIESEL,4.999017994178354,6.34021612055177,4.999017994178354,5.53998,83.53809523809524,462.7993768571429,6.443548387096774,6018.51
2021-11-01,Bolsonaro,SE,DIESEL,5.30610088691796,6.666352047758984,5.30610088691796,5.55686,81.05,450.383503,7.75,6075.69
2021-12-01,Bolsonaro,SE,DIESEL,5.291800775017096,6.600207258430296,5.291800775017096,5.651391304347826,74.1704761904762,419.16638418219463,8.862903225806452,6120.04
2022-01-01,Bolsonaro,SE,DIESEL,5.444061205273069,6.753642692358888,5.444061205273069,5.534104761904762,86.50523809523808,478.7290500725623,9.25,6153.09
2022-02-01,Bolsonaro,SE,DIESEL,5.548139166463563,6.813931936598532,5.548139166463563,5.196578947368421,97.129,504.7385165789474,10.642857142857142,6215.24
2022-03-01,Bolsonaro,SE,DIESEL,6.193295880149813,7.485018344287532,6.193295880149813,4.968381818181818,117.24521739130434,582.5190063557312,11.233870967741936,6315.93
2022-04-01,Bolsonaro,SE,DIESEL,6.528343531060252,7.807188556199559,6.528343531060252,4.758015789473684,104.57526315789474,497.5707532936288,11.75,6382.88
2022-05-01,Bolsonaro,SE,DIESEL,6.746560753467191,8.03040910483096,6.746560753467191,4.95505,113.33761904761906,561.5935692619048,12.620967741935484,6412.88
2022-06-01,Bolsonaro,SE,DIESEL,7.115578596037899,8.413276022000879,7.115578596037899,5.049209523809524,122.71095238095238,619.5933094376418,13.0,6455.85
2022-07-01,Bolsonaro,SE,DIESEL,7.436487941933974,8.85291102597629,7.436487941933974,5.368071428571429,111.92571428571428,600.8252289795918,13.25,6411.95
2022-08-01,Bolsonaro,SE,DIESEL,7.1033385518591,8.486855568231539,7.1033385518591,5.143286956521739,100.44636363636364,516.6244719209486,13.701612903225806,6388.87
2022-09-01,Bolsonaro,SE,DIESEL,6.841194658216388,8.197429383822067,6.841194658216388,5.236957142857143,89.7647619047619,470.0942110340136,13.75,6370.34
2022-10-01,Bolsonaro,SE,DIESEL,6.498934753661784,7.741636336491463,6.498934753661784,5.2503,93.33190476190477,490.0204995714286,13.75,6407.93
2022-11-01,Bolsonaro,SE,DIESEL,6.513063063063062,7.726789401147751,6.513063063063062,5.274649999999999,91.41545454545457,482.1845273181819,13.75,6434.2
2022-12-01,Bolsonaro,SE,DIESEL,6.317275183326901,7.448338600116217,6.317275183326901,5.242431818181818,80.924,424.23855245454547,13.75,6474.09
2023-01-01,Lula,SE,DIESEL,6.2550901984365606,7.336141318205996,6.2550901984365606,5.200681818181819,82.50142857142858,429.0636795454546,13.75,6508.4
2023-02-01,Lula,SE,DIESEL,5.995938092229943,6.973622789906608,5.995938092229943,5.171688888888889,82.58500000000001,427.10392688888896,13.75,6563.07
2023-03-01,Lula,SE,DIESEL,5.821907667816397,6.723476401576199,5.821907667816397,5.211460869565218,78.43434782608696,408.75753452551993,13.75,6609.67
2023-04-01,Lula,SE,DIESEL,5.686127183406114,6.52685441635116,5.686127183406114,5.019733333333333,84.63833333333334,424.86186311111106,13.75,6649.99
2023-05-01,Lula,SE,DIESEL,5.356763110307414,6.134686746317013,5.356763110307414,4.982836363636364,75.466,376.03472901818185,13.75,6665.28
2023-06-01,Lula,SE,DIESEL,5.005992156862746,5.737564022482063,5.005992156862746,4.851566666666667,74.83909090909091,363.08683881818183,13.75,6659.95
2023-07-01,Lula,SE,DIESEL,4.929906908378246,5.643589071023446,4.929906908378246,4.800833333333333,80.10809523809523,384.5856138888889,13.75,6667.94
2023-08-01,Lula,SE,DIESEL,5.436847928436912,6.209632203466335,5.436847928436912,4.903543478260869,86.14772727272727,422.4291262351778,13.28225806451613,6683.28
2023-09-01,Lula,SE,DIESEL,6.017545877841688,6.8550428944488315,6.017545877841688,4.93699,93.72238095238096,462.70645753809526,13.083333333333334,6700.66
2023-10-01,Lula,SE,DIESEL,6.045290498974709,6.8701621315532115,6.045290498974709,5.064842857142857,90.59590909090907,458.85404304545443,12.75,6716.74
2023-11-01,Lula,SE,DIESEL,6.089092508798391,6.900615927568667,6.089092508798391,4.89834,82.94,406.2683196,12.266666666666667,6735.55
2023-12-01,Lula,SE,DIESEL,5.94044170096022,6.6946626673704985,5.94044170096022,4.897245,77.63105263157895,380.1782843447369,11.959677419354838,6773.27
2024-01-01,Lula,SE,DIESEL,5.850647893772894,6.565889366540238,5.850647893772894,4.914395454545455,80.12409090909091,393.7614681632232,11.75,6801.72
2024-02-01,Lula,SE,DIESEL,5.870559662090813,6.534007195718604,5.870559662090813,4.964389473684211,83.47809523809524,414.417777283208,11.25,6858.17
2024-03-01,Lula,SE,DIESEL,5.856944444444444,6.508442693214385,5.856944444444444,4.980135,85.4085,425.3458601475,11.07258064516129,6869.14
2024-04-01,Lula,SE,DIESEL,5.856665137614679,6.483497605361743,5.856665137614679,5.129095454545455,89.93809523809524,461.30107547619053,10.75,6895.24
2024-05-01,Lula,SE,DIESEL,5.857703336809177,6.454952366064177,5.857703336809177,5.133047619047619,81.74619047619048,419.6070883900227,10.564516129032258,6926.96
2024-06-01,Lula,SE,DIESEL,5.866025538707103,6.45057374012646,5.866025538707103,5.388975,82.24600000000001,443.2216378500001,10.5,6941.51
2024-07-01,Lula,SE,DIESEL,5.901678928008408,6.465210077030724,5.901678928008408,5.542047826086956,85.15304347826087,471.9222394933837,10.5,6967.89
2024-08-01,Lula,SE,DIESEL,5.911895384615384,6.477694280730308,5.911895384615384,5.5526136363636365,80.3552380952381,446.1815908008658,10.5,6966.5
2024-09-01,Lula,SE,DIESEL,5.909235127478754,6.446417591751591,5.909235127478754,5.541566666666666,74.01666666666667,410.16829277777776,10.6,6997.15
2024-10-01,Lula,SE,DIESEL,5.910616676317313,6.412021115008194,5.910616676317313,5.624108695652174,75.63260869565217,425.3660122400756,10.75,7036.33
2024-11-01,Lula,SE,DIESEL,5.937247928176796,6.415891089715117,5.937247928176796,5.807057894736842,74.3452380952381,431.72710181704264,11.15,7063.77
2024-12-01,Lula,SE,DIESEL,5.992670219064536,6.442282951379479,5.992670219064536,6.097028571428571,73.8595,450.32348177142853,11.89516129032258,7100.5
2025-01-01,Lula,SE,DIESEL,6.025707456978967,6.467451683783927,6.025707456978967,6.021772727272727,79.27045454545454,477.3486612603305,12.314516129032258,7111.86
2025-02-01,Lula,SE,DIESEL,6.334253023864008,6.71070213577868,6.334253023864008,5.765645,75.438,434.94872751,13.25,7205.03
2025-03-01,Lula,SE,DIESEL,6.322521489971346,6.660970261448533,6.322521489971346,5.74681052631579,72.73285714285714,417.981949037594,13.637096774193548,7245.38
2025-04-01,Lula,SE,DIESEL,6.216699737379632,6.521437240276056,6.216699737379632,5.783675000000001,68.1345,394.06780428750005,14.25,7276.54
2025-05-01,Lula,SE,DIESEL,6.069222878458191,6.350219746600408,6.069222878458191,5.6673857142857145,64.453,365.2800114428572,14.637096774193548,7295.46
2025-06-01,Lula,SE,DIESEL,5.9832815704658655,6.245309960539584,5.9832815704658655,5.547055,71.4447619047619,396.3080237476191,14.85,7312.97
2025-07-01,Lula,SE,DIESEL,5.978069125955466,6.223690816712135,5.978069125955466,5.528491304347826,71.04130434782608,392.7512333364839,15.0,7331.98
2025-08-01,Lula,SE,DIESEL,5.997852965747703,6.2511679135508675,5.997852965747703,5.44692380952381,67.87,369.682718952381,15.0,7323.91
2025-09-01,Lula,SE,DIESEL,5.988338750451426,6.211440999272779,5.988338750451426,5.367409090909091,67.98545454545454,364.90574677685953,15.0,7359.06
2025-10-01,Lula,SE,DIESEL,5.977287946428572,6.194406174489926,5.977287946428572,5.385526086956522,64.54347826086956,347.6005859168242,15.0,7365.68
2025-11-01,Lula,SE,DIESEL,5.986589972527473,6.192897377671574,5.986589972527473,5.340852631578947,63.797,340.7303753368421,15.0,7378.94
2025-12-01,Lula,SE,DIESEL,5.999230330672748,6.18556141080535,5.999230330672748,5.45309090909091,62.54428571428572,341.0596758441559,15.0,7403.29
2026-01-01,Lula,SE,DIESEL,6.045091150149155,6.212346604348713,6.045091150149155,5.3380238095238095,66.60238095238095,355.5250952947846,15.0,7427.72
2026-02-01,Lula,SE,DIESEL,6.047910685805423,6.172043205446538,6.047910685805423,5.200616666666666,70.887,368.65611364999995,15.0,7479.71
2026-03-01,Lula,SE,DIESEL,6.916890498746169,6.997283963054182,6.916890498746169,5.231586363636364,103.13454545454546,539.5572816198347,14.89516129032258,7545.53
2026-04-01,Lula,SE,DIESEL,7.239952802359881,7.275351520263388,7.239952802359881,5.033075,117.2875,590.3167840625,14.741666666666667,7596.09
2026-05-01,Lula,SE,DIESEL,6.92959614225437,6.9233197202856385,6.92959614225437,4.983700000000001,107.13947368421051,533.950995,14.5,7640.15
2026-06-01,Lula,SE,DIESEL,6.790736955352339,6.773752059780714,6.790736955352339,5.127571428571429,85.3990909090909,437.88993857142856,14.391666666666667,7652.37
2026-07-01,Lula,SE,DIESEL,6.62754242081448,6.606338383938023,6.62754242081448,5.113947826086957,83.75869565217391,428.3375995463138,14.25,7657.73
2026-08-01,Lula,SE,DIESEL,6.518813234891987,6.518813234891987,6.518813234891987,5.153161904761905,91.076,469.32937363809526,14.040322580645162,7633.23
2019-01-01,Bolsonaro,BR,DIESEL S10,3.543,5.285304643604661,3.5585700827009976,3.7416818181818186,59.40954545454545,222.29161605371903,6.5,5116.93
2019-02-01,Bolsonaro,BR,DIESEL S10,3.549,5.271590247386128,3.566269336432798,3.723625,63.9605,238.16491681250002,6.5,5138.93
2019-03-01,Bolsonaro,BR,DIESEL S10,3.619,5.335551798465273,3.636133174224344,3.846484210526316,66.13857142857144,254.40097070676697,6.5,5177.47
2019-04-01,Bolsonaro,BR,DIESEL S10,3.66,5.365417535692475,3.6770761675149566,3.896157142857143,71.23333333333333,277.5362604761905,6.5,5206.98
2019-05-01,Bolsonaro,BR,DIESEL S10,3.73,5.460934624790218,3.746469949669397,4.001518181818182,71.31772727272727,285.3791823677686,6.5,5213.75
2019-06-01,Bolsonaro,BR,DIESEL S10,3.692,5.404761387500072,3.7109339548111855,3.8588263157894738,64.2205,247.81575541315792,6.5,5214.27
2019-07-01,Bolsonaro,BR,DIESEL S10,3.631,5.30537962512777,3.648813325199355,3.779339130434783,63.9191304347826,241.57207083553877,6.5,5224.18
2019-08-01,Bolsonaro,BR,DIESEL S10,3.612,5.271815638067813,3.6304900050479554,4.019981818181818,59.041818181818186,237.34703560330578,6.0,5229.93
2019-09-01,Bolsonaro,BR,DIESEL S10,3.671,5.360069805120279,3.6894352946902234,4.1215,62.82666666666668,258.94010666666674,5.8,5227.84
2019-10-01,Bolsonaro,BR,DIESEL S10,3.777,5.509330031893325,3.794146440708281,4.086986956521739,59.71304347826087,244.04642982986766,5.483870967741935,5233.07
2019-11-01,Bolsonaro,BR,DIESEL S10,3.786,5.4944348753555285,3.8057777314211214,4.155345,63.21190476190476,262.6672723928571,5.0,5259.76
2019-12-01,Bolsonaro,BR,DIESEL S10,3.811,5.467833190169634,3.828153358448957,4.109590476190476,67.21714285714286,276.234930122449,4.67741935483871,5320.25
2020-01-01,Bolsonaro,BR,DIESEL S10,3.856,5.52080587910913,3.872634361030463,4.149463636363636,63.64545454545455,264.09449925619833,4.5,5331.42
2020-02-01,Bolsonaro,BR,DIESEL S10,3.795,5.419918209457879,3.813774338569657,4.341011111111111,55.657,241.6076554111111,4.293103448275862,5344.75
2020-03-01,Bolsonaro,BR,DIESEL S10,3.665,5.230595541919308,3.688314512408894,4.883854545454546,32.01136363636363,156.3388438016529,4.040322580645161,5348.49
2020-04-01,Bolsonaro,BR,DIESEL S10,3.392,4.85603023306845,3.413906777700671,5.32558,18.3785,97.87617203,3.75,5331.91
2020-05-01,Bolsonaro,BR,DIESEL S10,3.14,4.51240992911807,3.165462065031375,5.643445,29.378947368421056,165.79847363157896,3.1451612903225805,5311.65
2020-06-01,Bolsonaro,BR,DIESEL S10,3.152,4.517908492411923,3.1766685092969067,5.1966,40.26681818181818,209.25054736363637,2.675,5325.46
2020-07-01,Bolsonaro,BR,DIESEL S10,3.327,4.751639722487805,3.3418139718886715,5.280191304347826,43.24217391304348,228.3269506767486,2.25,5344.63
2020-08-01,Bolsonaro,BR,DIESEL S10,3.431,4.888438202058438,3.446859702736491,5.461233333333333,44.736,244.3137344,2.040322580645161,5357.46
2020-10-01,Bolsonaro,BR,DIESEL S10,3.582,5.027882771987378,3.6254049586776858,5.625790476190476,40.18954545454546,226.09796206060608,2.0,5438.12
2020-11-01,Bolsonaro,BR,DIESEL S10,3.605,5.015527902933006,3.6244091503267977,5.417835,42.69238095238095,231.30027575714286,2.0,5486.52
2020-12-01,Bolsonaro,BR,DIESEL S10,3.683,5.055791937546195,3.7055670150987225,5.145586363636364,49.99363636363637,257.2465735413224,2.0,5560.59
2021-01-01,Bolsonaro,BR,DIESEL S10,3.778,5.1732701897393305,3.787372455507736,5.356245,54.774,293.38296363,2.0,5574.49
2021-02-01,Bolsonaro,BR,DIESEL S10,4.007,5.440059299982392,4.010615358857016,5.416494444444444,62.2765,337.3203162694444,2.0,5622.43
2021-03-01,Bolsonaro,BR,DIESEL S10,4.313,5.801541043434741,4.33737787261983,5.646147826086957,65.41,369.31452930434784,2.338709677419355,5674.72
2021-04-01,Bolsonaro,BR,DIESEL S10,4.263,5.716564890176396,4.294391757416447,5.562135,64.8065,360.46250187749996,2.75,5692.31
2021-05-01,Bolsonaro,BR,DIESEL S10,4.526,6.019276561269503,4.545960482804233,5.291057142857143,68.53421052631579,362.6184241353384,3.379032258064516,5739.56
2021-06-01,Bolsonaro,BR,DIESEL S10,4.569,6.044427861101771,4.584090187248163,5.031904761904762,73.1640909090909,368.15473744588746,3.85,5769.98
2021-07-01,Bolsonaro,BR,DIESEL S10,4.646,6.087851343348148,4.658487924348595,5.156704545454546,75.1659090909091,387.6083850723141,4.25,5825.37
2021-08-01,Bolsonaro,BR,DIESEL S10,4.67,6.06652157486747,4.689786880308415,5.251718181818182,70.74714285714286,371.5440564545455,5.120967741935484,5876.05
2021-09-01,Bolsonaro,BR,DIESEL S10,4.773,6.129226051905971,4.788340964995269,5.279690476190477,74.48863636363636,393.2769439935065,5.516666666666667,5944.21
2021-10-01,Bolsonaro,BR,DIESEL S10,5.096,6.463217653538832,5.109168196939455,5.53998,83.53809523809524,462.7993768571429,6.443548387096774,6018.51
2021-11-01,Bolsonaro,BR,DIESEL S10,5.444,6.839602435278956,5.463972891566264,5.55686,81.05,450.383503,7.75,6075.69
2021-12-01,Bolsonaro,BR,DIESEL S10,5.424,6.765092960176731,5.445503440634477,5.651391304347826,74.1704761904762,419.16638418219463,8.862903225806452,6120.04
2022-01-01,Bolsonaro,BR,DIESEL S10,5.562,6.899951936344178,5.575194573972022,5.534104761904762,86.50523809523808,478.7290500725623,9.25,6153.09
2022-02-01,Bolsonaro,BR,DIESEL S10,5.655,6.945172776916097,5.674553821216306,5.196578947368421,97.129,504.7385165789474,10.642857142857142,6215.24
2022-03-01,Bolsonaro,BR,DIESEL S10,6.382,7.713080078468253,6.389543959486269,4.968381818181818,117.24521739130434,582.5190063557312,11.233870967741936,6315.93
2022-04-01,Bolsonaro,BR,DIESEL S10,6.733,8.05193542570125,6.751870499452734,4.758015789473684,104.57526315789474,497.5707532936288,11.75,6382.88
2022-05-01,Bolsonaro,BR,DIESEL S10,6.97,8.29636810606155,6.990121350094031,4.95505,113.33761904761906,561.5935692619048,12.620967741935484,6412.88
2022-06-01,Bolsonaro,BR,DIESEL S10,7.32,8.654978600803922,7.337612301449849,5.049209523809524,122.71095238095238,619.5933094376418,13.0,6455.85
2022-07-01,Bolsonaro,BR,DIESEL S10,7.57,9.011853040026825,7.598850132042254,5.368071428571429,111.92571428571428,600.8252289795918,13.25,6411.95
2022-08-01,Bolsonaro,BR,DIESEL S10,7.19,8.590396063779666,7.230780896333183,5.143286956521739,100.44636363636364,516.6244719209486,13.701612903225806,6388.87
2022-09-01,Bolsonaro,BR,DIESEL S10,6.94,8.315822420781307,6.970665028089888,5.236957142857143,89.7647619047619,470.0942110340136,13.75,6370.34
2022-10-01,Bolsonaro,BR,DIESEL S10,6.68,7.957324190495214,6.661164679453949,5.2503,93.33190476190477,490.0204995714286,13.75,6407.93
2022-11-01,Bolsonaro,BR,DIESEL S10,6.69,7.936698999098567,6.689007897868658,5.274649999999999,91.41545454545457,482.1845273181819,13.75,6434.2
2022-12-01,Bolsonaro,BR,DIESEL S10,6.49,7.651988572911405,6.519422217493084,5.242431818181818,80.924,424.23855245454547,13.75,6474.09
2023-01-01,Lula,BR,DIESEL S10,6.44,7.5530086042652576,6.453332288646871,5.200681818181819,82.50142857142858,429.0636795454546,13.75,6508.4
2023-02-01,Lula,BR,DIESEL S10,6.16,7.164436277534752,6.189468698871954,5.171688888888889,82.58500000000001,427.10392688888896,13.75,6563.07
2023-03-01,Lula,BR,DIESEL S10,5.95,6.871404850771672,5.9885703665155,5.211460869565218,78.43434782608696,408.75753452551993,13.75,6609.67
2023-04-01,Lula,BR,DIESEL S10,5.81,6.66904255495121,5.8489071124428325,5.019733333333333,84.63833333333334,424.86186311111106,13.75,6649.99
2023-05-01,Lula,BR,DIESEL S10,5.42,6.207107068270201,5.469033101045296,4.982836363636364,75.466,376.03472901818185,13.75,6665.28
2023-06-01,Lula,BR,DIESEL S10,5.08,5.822387315220084,5.120505893550041,4.851566666666667,74.83909090909091,363.08683881818183,13.75,6659.95
2023-07-01,Lula,BR,DIESEL S10,5.0,5.723829248613514,5.044149279273349,4.800833333333333,80.10809523809523,384.5856138888889,13.75,6667.94
2023-08-01,Lula,BR,DIESEL S10,5.61,6.407395814629943,5.64136393271613,4.903543478260869,86.14772727272727,422.4291262351778,13.28225806451613,6683.28
2023-09-01,Lula,BR,DIESEL S10,6.2,7.062890222754176,6.218798722993541,4.93699,93.72238095238096,462.70645753809526,13.083333333333334,6700.66
2023-10-01,Lula,BR,DIESEL S10,6.22,7.068710505393985,6.236337913294435,5.064842857142857,90.59590909090907,458.85404304545443,12.75,6716.74
2023-11-01,Lula,BR,DIESEL S10,6.2,7.026304607641543,6.22892734984266,4.89834,82.94,406.2683196,12.266666666666667,6735.55
2023-12-01,Lula,BR,DIESEL S10,6.02,6.784321989231198,6.070161007025762,4.897245,77.63105263157895,380.1782843447369,11.959677419354838,6773.27
2024-01-01,Lula,BR,DIESEL S10,5.95,6.677387263809742,5.991808363000061,4.914395454545455,80.12409090909091,393.7614681632232,11.75,6801.72
2024-02-01,Lula,BR,DIESEL S10,5.97,6.6446855502269555,6.019206081081081,4.964389473684211,83.47809523809524,414.417777283208,11.25,6858.17
2024-03-01,Lula,BR,DIESEL S10,5.93,6.589624596383244,5.981464812956858,4.980135,85.4085,425.3458601475,11.07258064516129,6869.14
2024-04-01,Lula,BR,DIESEL S10,5.94,6.575751706974668,5.994381073858115,5.129095454545455,89.93809523809524,461.30107547619053,10.75,6895.24
2024-05-01,Lula,BR,DIESEL S10,5.94,6.545639963273932,5.998897942273167,5.133047619047619,81.74619047619048,419.6070883900227,10.564516129032258,6926.96
2024-06-01,Lula,BR,DIESEL S10,5.93,6.52092324292553,5.984712492702861,5.388975,82.24600000000001,443.2216378500001,10.5,6941.51
2024-07-01,Lula,BR,DIESEL S10,6.01,6.5838743579476695,6.048677376912956,5.542047826086956,85.15304347826087,471.9222394933837,10.5,6967.89
2024-08-01,Lula,BR,DIESEL S10,6.02,6.596145065671427,6.062558274574865,5.5526136363636365,80.3552380952381,446.1815908008658,10.5,6966.5
2024-09-01,Lula,BR,DIESEL S10,6.01,6.556342553754027,6.050305702967337,5.541566666666666,74.01666666666667,410.16829277777776,10.6,6997.15
2024-10-01,Lula,BR,DIESEL S10,6.02,6.530683552363234,6.0604004910234766,5.624108695652174,75.63260869565217,425.3660122400756,10.75,7036.33
2024-11-01,Lula,BR,DIESEL S10,6.05,6.537732896173005,6.080335827543204,5.807057894736842,74.3452380952381,431.72710181704264,11.15,7063.77
2024-12-01,Lula,BR,DIESEL S10,6.11,6.568415646785438,6.143769218700973,6.097028571428571,73.8595,450.32348177142853,11.89516129032258,7100.5
2025-01-01,Lula,BR,DIESEL S10,6.16,6.6115892045119,6.185766014451571,6.021772727272727,79.27045454545454,477.3486612603305,12.314516129032258,7111.86
2025-02-01,Lula,BR,DIESEL S10,6.46,6.843922343140834,6.479247901319171,5.765645,75.438,434.94872751,13.25,7205.03
2025-03-01,Lula,BR,DIESEL S10,6.42,6.763666860813372,6.455667153284671,5.74681052631579,72.73285714285714,417.981949037594,13.637096774193548,7245.38
2025-04-01,Lula,BR,DIESEL S10,6.29,6.59833062142172,6.342993275255999,5.783675000000001,68.1345,394.06780428750005,14.25,7276.54
2025-05-01,Lula,BR,DIESEL S10,6.12,6.403347780674556,6.190935904707884,5.6673857142857145,64.453,365.2800114428572,14.637096774193548,7295.46
2025-06-01,Lula,BR,DIESEL S10,6.04,6.304512284338648,6.094351567301783,5.547055,71.4447619047619,396.3080237476191,14.85,7312.97
2025-07-01,Lula,BR,DIESEL S10,6.03,6.277755381220352,6.102862396305483,5.528491304347826,71.04130434782608,392.7512333364839,15.0,7331.98
2025-08-01,Lula,BR,DIESEL S10,6.06,6.315939682492002,6.123183009963293,5.44692380952381,67.87,369.682718952381,15.0,7323.91
2025-09-01,Lula,BR,DIESEL S10,6.06,6.285772068715296,6.117082409296549,5.367409090909091,67.98545454545454,364.90574677685953,15.0,7359.06
2025-10-01,Lula,BR,DIESEL S10,6.05,6.269759411215256,6.103753356005012,5.385526086956522,64.54347826086956,347.6005859168242,15.0,7365.68
2025-11-01,Lula,BR,DIESEL S10,6.07,6.279181847257195,6.108081353491721,5.340852631578947,63.797,340.7303753368421,15.0,7378.94
2025-12-01,Lula,BR,DIESEL S10,6.07,6.258529126915196,6.113212370528172,5.45309090909091,62.54428571428572,341.0596758441559,15.0,7403.29
2026-01-01,Lula,BR,DIESEL S10,6.12,6.289328030674285,6.16195744680851,5.3380238095238095,66.60238095238095,355.5250952947846,15.0,7427.72
2026-02-01,Lula,BR,DIESEL S10,6.1,6.225201645518342,6.15224407122964,5.200616666666666,70.887,368.65611364999995,15.0,7479.71
2026-03-01,Lula,BR,DIESEL S10,7.09,7.172405477150047,7.078472212288105,5.231586363636364,103.13454545454546,539.5572816198347,14.89516129032258,7545.53
2026-04-01,Lula,BR,DIESEL S10,7.45,7.486425713755366,7.466971428571428,5.033075,117.2875,590.3167840625,14.741666666666667,7596.09
2026-05-01,Lula,BR,DIESEL S10,7.18,7.173496776895741,7.21447213596993,4.983700000000001,107.13947368421051,533.950995,14.5,7640.15
2026-06-01,Lula,BR,DIESEL S10,7.08,7.062291603777653,7.120427571728482,5.127571428571429,85.3990909090909,437.88993857142856,14.391666666666667,7652.37
2026-07-01,Lula,BR,DIESEL S10,6.96,6.937732304481877,7.002744273375892,5.113947826086957,83.75869565217391,428.3375995463138,14.25,7657.73
2026-08-01,Lula,BR,DIESEL S10,6.9,6.9,6.941741857315943,5.153161904761905,91.076,469.32937363809526,14.040322580645162,7633.23
2019-01-01,Bolsonaro,CO,DIESEL S10,3.728204854368932,5.5615857829820925,3.728204854368932,3.7416818181818186,59.40954545454545,222.29161605371903,6.5,5116.93
2019-02-01,Bolsonaro,CO,DIESEL S10,3.728581991651759,5.5383365634744885,3.728581991651759,3.723625,63.9605,238.16491681250002,6.5,5138.93
2019-03-01,Bolsonaro,CO,DIESEL S10,3.7891828087167063,5.586455139475579,3.7891828087167063,3.846484210526316,66.13857142857144,254.40097070676697,6.5,5177.47
2019-04-01,Bolsonaro,CO,DIESEL S10,3.821373653281097,5.601985029985687,3.821373653281097,3.896157142857143,71.23333333333333,277.5362604761905,6.5,5206.98
2019-05-01,Bolsonaro,CO,DIESEL S10,3.893592592592592,5.700443593489436,3.893592592592592,4.001518181818182,71.31772727272727,285.3791823677686,6.5,5213.75
2019-06-01,Bolsonaro,CO,DIESEL S10,3.853890427453341,5.641754651667378,3.853890427453341,3.8588263157894738,64.2205,247.81575541315792,6.5,5214.27
2019-07-01,Bolsonaro,CO,DIESEL S10,3.7821089211618255,5.526170093733385,3.7821089211618255,3.779339130434783,63.9191304347826,241.57207083553877,6.5,5224.18
2019-08-01,Bolsonaro,CO,DIESEL S10,3.770580700746698,5.503268633109949,3.770580700746698,4.019981818181818,59.041818181818186,237.34703560330578,6.0,5229.93
2019-09-01,Bolsonaro,CO,DIESEL S10,3.843533260632497,5.611987626066941,3.843533260632497,4.1215,62.82666666666668,258.94010666666674,5.8,5227.84
2019-10-01,Bolsonaro,CO,DIESEL S10,3.947578616352201,5.758144936279872,3.947578616352201,4.086986956521739,59.71304347826087,244.04642982986766,5.483870967741935,5233.07
2019-11-01,Bolsonaro,CO,DIESEL S10,3.954755223880597,5.739340999890126,3.954755223880597,4.155345,63.21190476190476,262.6672723928571,5.0,5259.76
2019-12-01,Bolsonaro,CO,DIESEL S10,3.97406391184573,5.7017891779179894,3.97406391184573,4.109590476190476,67.21714285714286,276.234930122449,4.67741935483871,5320.25
2020-01-01,Bolsonaro,CO,DIESEL S10,4.01318013381369,5.745847633994446,4.01318013381369,4.149463636363636,63.64545454545455,264.09449925619833,4.5,5331.42
2020-02-01,Bolsonaro,CO,DIESEL S10,3.961987617924528,5.658405490391514,3.961987617924528,4.341011111111111,55.657,241.6076554111111,4.293103448275862,5344.75
2020-03-01,Bolsonaro,CO,DIESEL S10,3.815624124124125,5.445562492028216,3.815624124124125,4.883854545454546,32.01136363636363,156.3388438016529,4.040322580645161,5348.49
2020-04-01,Bolsonaro,CO,DIESEL S10,3.509846070460705,5.024740162610165,3.509846070460705,5.32558,18.3785,97.87617203,3.75,5331.91
2020-05-01,Bolsonaro,CO,DIESEL S10,3.224035629453682,4.633175282222045,3.224035629453682,5.643445,29.378947368421056,165.79847363157896,3.1451612903225805,5311.65
2020-06-01,Bolsonaro,CO,DIESEL S10,3.2492931885488647,4.657363353705943,3.2492931885488647,5.1966,40.26681818181818,209.25054736363637,2.675,5325.46
2020-07-01,Bolsonaro,CO,DIESEL S10,3.4390341974627687,4.911647580299989,3.4390341974627687,5.280191304347826,43.24217391304348,228.3269506767486,2.25,5344.63
2020-08-01,Bolsonaro,CO,DIESEL S10,3.567031225604996,5.082253486208917,3.567031225604996,5.461233333333333,44.736,244.3137344,2.040322580645161,5357.46
2020-10-01,Bolsonaro,CO,DIESEL S10,3.682531073446328,5.168993451001948,3.682531073446328,5.625790476190476,40.18954545454546,226.09796206060608,2.0,5438.12
2020-11-01,Bolsonaro,CO,DIESEL S10,3.724396574440053,5.181640760247487,3.724396574440053,5.417835,42.69238095238095,231.30027575714286,2.0,5486.52
2020-12-01,Bolsonaro,CO,DIESEL S10,3.797425855513308,5.2128685918364495,3.797425855513308,5.145586363636364,49.99363636363637,257.2465735413224,2.0,5560.59
2021-01-01,Bolsonaro,CO,DIESEL S10,3.881503302509908,5.31499876290346,3.881503302509908,5.356245,54.774,293.38296363,2.0,5574.49
2021-02-01,Bolsonaro,CO,DIESEL S10,4.0950530612244895,5.559603566168118,4.0950530612244895,5.416494444444444,62.2765,337.3203162694444,2.0,5622.43
2021-03-01,Bolsonaro,CO,DIESEL S10,4.4807010213556175,6.027120537619889,4.4807010213556175,5.646147826086957,65.41,369.31452930434784,2.338709677419355,5674.72
2021-04-01,Bolsonaro,CO,DIESEL S10,4.438905432595574,5.9524492016864,4.438905432595574,5.562135,64.8065,360.46250187749996,2.75,5692.31
2021-05-01,Bolsonaro,CO,DIESEL S10,4.720668219944082,6.278172242562803,4.720668219944082,5.291057142857143,68.53421052631579,362.6184241353384,3.379032258064516,5739.56
2021-06-01,Bolsonaro,CO,DIESEL S10,4.7379683714670255,6.267959735065501,4.7379683714670255,5.031904761904762,73.1640909090909,368.15473744588746,3.85,5769.98
2021-07-01,Bolsonaro,CO,DIESEL S10,4.838165209790209,6.33965358841188,4.838165209790209,5.156704545454546,75.1659090909091,387.6083850723141,4.25,5825.37
2021-08-01,Bolsonaro,CO,DIESEL S10,4.869025037936267,6.3250632636424555,4.869025037936267,5.251718181818182,70.74714285714286,371.5440564545455,5.120967741935484,5876.05
2021-09-01,Bolsonaro,CO,DIESEL S10,4.971738384560401,6.384435036645405,4.971738384560401,5.279690476190477,74.48863636363636,393.2769439935065,5.516666666666667,5944.21
2021-10-01,Bolsonaro,CO,DIESEL S10,5.292736271676301,6.712736755616869,5.292736271676301,5.53998,83.53809523809524,462.7993768571429,6.443548387096774,6018.51
2021-11-01,Bolsonaro,CO,DIESEL S10,5.692667922159448,7.152017888250579,5.692667922159448,5.55686,81.05,450.383503,7.75,6075.69
2021-12-01,Bolsonaro,CO,DIESEL S10,5.611806650246305,6.999335114943628,5.611806650246305,5.651391304347826,74.1704761904762,419.16638418219463,8.862903225806452,6120.04
2022-01-01,Bolsonaro,CO,DIESEL S10,5.730042995839113,7.108418062652909,5.730042995839113,5.534104761904762,86.50523809523808,478.7290500725623,9.25,6153.09
2022-02-01,Bolsonaro,CO,DIESEL S10,5.823027572293208,7.151535380074733,5.823027572293208,5.196578947368421,97.129,504.7385165789474,10.642857142857142,6215.24
2022-03-01,Bolsonaro,CO,DIESEL S10,6.533637640449438,7.8963444569854095,6.533637640449438,4.968381818181818,117.24521739130434,582.5190063557312,11.233870967741936,6315.93
2022-04-01,Bolsonaro,CO,DIESEL S10,6.890609180327869,8.240418856935129,6.890609180327869,4.758015789473684,104.57526315789474,497.5707532936288,11.75,6382.88
2022-05-01,Bolsonaro,CO,DIESEL S10,7.09846510329425,8.449279696551121,7.09846510329425,4.95505,113.33761904761906,561.5935692619048,12.620967741935484,6412.88
2022-06-01,Bolsonaro,CO,DIESEL S10,7.399365088105727,8.748817827471406,7.399365088105727,5.049209523809524,122.71095238095238,619.5933094376418,13.0,6455.85
2022-07-01,Bolsonaro,CO,DIESEL S10,7.658467455621301,9.11717083512382,7.658467455621301,5.368071428571429,111.92571428571428,600.8252289795918,13.25,6411.95
2022-08-01,Bolsonaro,CO,DIESEL S10,7.306754901960785,8.729891314159486,7.306754901960785,5.143286956521739,100.44636363636364,516.6244719209486,13.701612903225806,6388.87
2022-09-01,Bolsonaro,CO,DIESEL S10,7.001580041580042,8.389610416522512,7.001580041580042,5.236957142857143,89.7647619047619,470.0942110340136,13.75,6370.34
2022-10-01,Bolsonaro,CO,DIESEL S10,6.677862318840579,7.954777750075839,6.677862318840579,5.2503,93.33190476190477,490.0204995714286,13.75,6407.93
2022-11-01,Bolsonaro,CO,DIESEL S10,6.73525069637883,7.990382281110282,6.73525069637883,5.274649999999999,91.41545454545457,482.1845273181819,13.75,6434.2
2022-12-01,Bolsonaro,CO,DIESEL S10,6.541234396671289,7.712396125741715,6.541234396671289,5.242431818181818,80.924,424.23855245454547,13.75,6474.09
2023-01-01,Lula,CO,DIESEL S10,6.454222462203023,7.5696890979598646,6.454222462203023,5.200681818181819,82.50142857142858,429.0636795454546,13.75,6508.4
2023-02-01,Lula,CO,DIESEL S10,6.217314439946018,7.231096286102258,6.217314439946018,5.171688888888889,82.58500000000001,427.10392688888896,13.75,6563.07
2023-03-01,Lula,CO,DIESEL S10,6.023003064351379,6.955713020604489,6.023003064351379,5.211460869565218,78.43434782608696,408.75753452551993,13.75,6609.67
2023-04-01,Lula,CO,DIESEL S10,5.88769495412844,6.758225163451648,5.88769495412844,5.019733333333333,84.63833333333334,424.86186311111106,13.75,6649.99
2023-05-01,Lula,CO,DIESEL S10,5.450800336983994,6.242380313546668,5.450800336983994,4.982836363636364,75.466,376.03472901818185,13.75,6665.28
2023-06-01,Lula,CO,DIESEL S10,5.110233502538071,5.85703911869889,5.110233502538071,4.851566666666667,74.83909090909091,363.08683881818183,13.75,6659.95
2023-07-01,Lula,CO,DIESEL S10,5.0231629955947135,5.75034545494762,5.0231629955947135,4.800833333333333,80.10809523809523,384.5856138888889,13.75,6667.94
2023-08-01,Lula,CO,DIESEL S10,5.759196865817826,6.57779926803405,5.759196865817826,4.903543478260869,86.14772727272727,422.4291262351778,13.28225806451613,6683.28
2023-09-01,Lula,CO,DIESEL S10,6.408777908343126,7.3007249723612295,6.408777908343126,4.93699,93.72238095238096,462.70645753809526,13.083333333333334,6700.66
2023-10-01,Lula,CO,DIESEL S10,6.326700302724521,7.189969918705486,6.326700302724521,5.064842857142857,90.59590909090907,458.85404304545443,12.75,6716.74
2023-11-01,Lula,CO,DIESEL S10,6.277938044530494,7.114629840124636,6.277938044530494,4.89834,82.94,406.2683196,12.266666666666667,6735.55
2023-12-01,Lula,CO,DIESEL S10,6.058855042016806,6.828110214471583,6.058855042016806,4.897245,77.63105263157895,380.1782843447369,11.959677419354838,6773.27
2024-01-01,Lula,CO,DIESEL S10,5.938717948717948,6.66472598220631,5.938717948717948,4.914395454545455,80.12409090909091,393.7614681632232,11.75,6801.72
2024-02-01,Lula,CO,DIESEL S10,6.00728515625,6.68618440097609,6.00728515625,4.964389473684211,83.47809523809524,414.417777283208,11.25,6858.17
2024-03-01,Lula,CO,DIESEL S10,5.973861003861004,6.638364486748258,5.973861003861004,4.980135,85.4085,425.3458601475,11.07258064516129,6869.14
2024-04-01,Lula,CO,DIESEL S10,5.964938574938575,6.6033594303285135,5.964938574938575,5.129095454545455,89.93809523809524,461.30107547619053,10.75,6895.24
2024-05-01,Lula,CO,DIESEL S10,5.964541406945681,6.572683602004339,5.964541406945681,5.133047619047619,81.74619047619048,419.6070883900227,10.564516129032258,6926.96
2024-06-01,Lula,CO,DIESEL S10,5.947546071774976,6.540217777033369,5.947546071774976,5.388975,82.24600000000001,443.2216378500001,10.5,6941.51
2024-07-01,Lula,CO,DIESEL S10,6.011596638655463,6.585623454171066,6.011596638655463,5.542047826086956,85.15304347826087,471.9222394933837,10.5,6967.89
2024-08-01,Lula,CO,DIESEL S10,6.022409502262444,6.598785169734408,6.022409502262444,5.5526136363636365,80.3552380952381,446.1815908008658,10.5,6966.5
2024-09-01,Lula,CO,DIESEL S10,6.031852941176471,6.580182049288134,6.031852941176471,5.541566666666666,74.01666666666667,410.16829277777776,10.6,6997.15
2024-10-01,Lula,CO,DIESEL S10,6.044070351758794,6.556795819860038,6.044070351758794,5.624108695652174,75.63260869565217,425.3660122400756,10.75,7036.33
2024-11-01,Lula,CO,DIESEL S10,6.026941176470588,6.51281513929114,6.026941176470588,5.807057894736842,74.3452380952381,431.72710181704264,11.15,7063.77
2024-12-01,Lula,CO,DIESEL S10,6.0946270066100094,6.551889262117558,6.0946270066100094,6.097028571428571,73.8595,450.32348177142853,11.89516129032258,7100.5
2025-01-01,Lula,CO,DIESEL S10,6.160939734422881,6.612597830804988,6.160939734422881,6.021772727272727,79.27045454545454,477.3486612603305,12.314516129032258,7111.86
2025-02-01,Lula,CO,DIESEL S10,6.5025,6.888948148029919,6.5025,5.765645,75.438,434.94872751,13.25,7205.03
2025-03-01,Lula,CO,DIESEL S10,6.465849462365592,6.811970675328679,6.465849462365592,5.74681052631579,72.73285714285714,417.981949037594,13.637096774193548,7245.38
2025-04-01,Lula,CO,DIESEL S10,6.317549889135256,6.627230983440469,6.317549889135256,5.783675000000001,68.1345,394.06780428750005,14.25,7276.54
2025-05-01,Lula,CO,DIESEL S10,6.128449781659389,6.412188775876489,6.128449781659389,5.6673857142857145,64.453,365.2800114428572,14.637096774193548,7295.46
2025-06-01,Lula,CO,DIESEL S10,6.018235887096775,6.281795046398893,6.018235887096775,5.547055,71.4447619047619,396.3080237476191,14.85,7312.97
2025-07-01,Lula,CO,DIESEL S10,6.050269320843092,6.298857510241314,6.050269320843092,5.528491304347826,71.04130434782608,392.7512333364839,15.0,7331.98
2025-08-01,Lula,CO,DIESEL S10,6.119875346260388,6.378343820354862,6.119875346260388,5.44692380952381,67.87,369.682718952381,15.0,7323.91
2025-09-01,Lula,CO,DIESEL S10,6.133477690288714,6.361987252426603,6.133477690288714,5.367409090909091,67.98545454545454,364.90574677685953,15.0,7359.06
2025-10-01,Lula,CO,DIESEL S10,6.092973933649289,6.314294324427582,6.092973933649289,5.385526086956522,64.54347826086956,347.6005859168242,15.0,7365.68
2025-11-01,Lula,CO,DIESEL S10,6.116086956521738,6.3268570335482375,6.116086956521738,5.340852631578947,63.797,340.7303753368421,15.0,7378.94
2025-12-01,Lula,CO,DIESEL S10,6.0926532663316575,6.28188598476634,6.0926532663316575,5.45309090909091,62.54428571428572,341.0596758441559,15.0,7403.29
2026-01-01,Lula,CO,DIESEL S10,6.113954285714286,6.283115043693469,6.113954285714286,5.3380238095238095,66.60238095238095,355.5250952947846,15.0,7427.72
2026-02-01,Lula,CO,DIESEL S10,6.101928251121076,6.2271694737235705,6.101928251121076,5.200616666666666,70.887,368.65611364999995,15.0,7479.71
2026-03-01,Lula,CO,DIESEL S10,7.161862269641126,7.245102985806527,7.161862269641126,5.231586363636364,103.13454545454546,539.5572816198347,14.89516129032258,7545.53
2026-04-01,Lula,CO,DIESEL S10,7.397472745292369,7.433641634518294,7.397472745292369,5.033075,117.2875,590.3167840625,14.741666666666667,7596.09
2026-05-01,Lula,CO,DIESEL S10,7.03489932885906,7.028527529436836,7.03489932885906,4.983700000000001,107.13947368421051,533.950995,14.5,7640.15
2026-06-01,Lula,CO,DIESEL S10,6.960728291316527,6.943318215811057,6.960728291316527,5.127571428571429,85.3990909090909,437.88993857142856,14.391666666666667,7652.37
2026-07-01,Lula,CO,DIESEL S10,6.857802197802197,6.83586147204585,6.857802197802197,5.113947826086957,83.75869565217391,428.3375995463138,14.25,7657.73
2026-08-01,Lula,CO,DIESEL S10,6.810881516587679,6.810881516587679,6.810881516587679,5.153161904761905,91.076,469.32937363809526,14.040322580645162,7633.23
2019-01-01,Bolsonaro,N,DIESEL S10,3.864809552969994,5.765367168207723,3.864809552969994,3.7416818181818186,59.40954545454545,222.29161605371903,6.5,5116.93
2019-02-01,Bolsonaro,N,DIESEL S10,3.864828636709825,5.740713707832668,3.864828636709825,3.723625,63.9605,238.16491681250002,6.5,5138.93
2019-03-01,Bolsonaro,N,DIESEL S10,3.915589176829268,5.772818147135275,3.915589176829268,3.846484210526316,66.13857142857144,254.40097070676697,6.5,5177.47
2019-04-01,Bolsonaro,N,DIESEL S10,3.95737600536193,5.801359184288945,3.95737600536193,3.896157142857143,71.23333333333333,277.5362604761905,6.5,5206.98
2019-05-01,Bolsonaro,N,DIESEL S10,4.0201330441070136,5.885706095664153,4.0201330441070136,4.001518181818182,71.31772727272727,285.3791823677686,6.5,5213.75
2019-06-01,Bolsonaro,N,DIESEL S10,4.0040337254901965,5.861551157577864,4.0040337254901965,3.8588263157894738,64.2205,247.81575541315792,6.5,5214.27
2019-07-01,Bolsonaro,N,DIESEL S10,3.950144465290807,5.771692636316463,3.950144465290807,3.779339130434783,63.9191304347826,241.57207083553877,6.5,5224.18
2019-08-01,Bolsonaro,N,DIESEL S10,3.918657428791378,5.719390784422202,3.918657428791378,4.019981818181818,59.041818181818186,237.34703560330578,6.0,5229.93
2019-09-01,Bolsonaro,N,DIESEL S10,3.974545961002786,5.803280793961807,3.974545961002786,4.1215,62.82666666666668,258.94010666666674,5.8,5227.84
2019-10-01,Bolsonaro,N,DIESEL S10,4.082290860573716,5.954643271665983,4.082290860573716,4.086986956521739,59.71304347826087,244.04642982986766,5.483870967741935,5233.07
2019-11-01,Bolsonaro,N,DIESEL S10,4.093607843137255,5.940850950703185,4.093607843137255,4.155345,63.21190476190476,262.6672723928571,5.0,5259.76
2019-12-01,Bolsonaro,N,DIESEL S10,4.104006206896552,5.888223917798782,4.104006206896552,4.109590476190476,67.21714285714286,276.234930122449,4.67741935483871,5320.25
2020-01-01,Bolsonaro,N,DIESEL S10,4.136639730639731,5.922610203493836,4.136639730639731,4.149463636363636,63.64545454545455,264.09449925619833,4.5,5331.42
2020-02-01,Bolsonaro,N,DIESEL S10,4.073546431312356,5.81773082480685,4.073546431312356,4.341011111111111,55.657,241.6076554111111,4.293103448275862,5344.75
2020-03-01,Bolsonaro,N,DIESEL S10,3.9553874415497674,5.645029172805956,3.9553874415497674,4.883854545454546,32.01136363636363,156.3388438016529,4.040322580645161,5348.49
2020-04-01,Bolsonaro,N,DIESEL S10,3.693884671532847,5.288212158735739,3.693884671532847,5.32558,18.3785,97.87617203,3.75,5331.91
2020-05-01,Bolsonaro,N,DIESEL S10,3.4672167721518985,4.982644391421316,3.4672167721518985,5.643445,29.378947368421056,165.79847363157896,3.1451612903225805,5311.65
2020-06-01,Bolsonaro,N,DIESEL S10,3.4427392784206945,4.934638649472383,3.4427392784206945,5.1966,40.26681818181818,209.25054736363637,2.675,5325.46
2020-07-01,Bolsonaro,N,DIESEL S10,3.594958553127355,5.1343396037683275,3.594958553127355,5.280191304347826,43.24217391304348,228.3269506767486,2.25,5344.63
2020-08-01,Bolsonaro,N,DIESEL S10,3.714397435897436,5.2922186893817935,3.714397435897436,5.461233333333333,44.736,244.3137344,2.040322580645161,5357.46
2020-10-01,Bolsonaro,N,DIESEL S10,3.871011811023622,5.433554884088589,3.871011811023622,5.625790476190476,40.18954545454546,226.09796206060608,2.0,5438.12
2020-11-01,Bolsonaro,N,DIESEL S10,3.857534671532847,5.366871784078919,3.857534671532847,5.417835,42.69238095238095,231.30027575714286,2.0,5486.52
2020-12-01,Bolsonaro,N,DIESEL S10,3.9832480127186014,5.467953621490526,3.9832480127186014,5.145586363636364,49.99363636363637,257.2465735413224,2.0,5560.59
2021-01-01,Bolsonaro,N,DIESEL S10,4.082055646481178,5.589617995976228,4.082055646481178,5.356245,54.774,293.38296363,2.0,5574.49
2021-02-01,Bolsonaro,N,DIESEL S10,4.331663157894737,5.880834650984866,4.331663157894737,5.416494444444444,62.2765,337.3203162694444,2.0,5622.43
2021-03-01,Bolsonaro,N,DIESEL S10,4.671631382316314,6.283946488362131,4.671631382316314,5.646147826086957,65.41,369.31452930434784,2.338709677419355,5674.72
2021-04-01,Bolsonaro,N,DIESEL S10,4.651136871508379,6.237045681226761,4.651136871508379,5.562135,64.8065,360.46250187749996,2.75,5692.31
2021-05-01,Bolsonaro,N,DIESEL S10,4.844912768647282,6.443409162552789,4.844912768647282,5.291057142857143,68.53421052631579,362.6184241353384,3.379032258064516,5739.56
2021-06-01,Bolsonaro,N,DIESEL S10,4.9197030651341,6.508380449823668,4.9197030651341,5.031904761904762,73.1640909090909,368.15473744588746,3.85,5769.98
2021-07-01,Bolsonaro,N,DIESEL S10,4.961971370143149,6.501882064438446,4.961971370143149,5.156704545454546,75.1659090909091,387.6083850723141,4.25,5825.37
2021-08-01,Bolsonaro,N,DIESEL S10,4.99067596759676,6.483092811691291,4.99067596759676,5.251718181818182,70.74714285714286,371.5440564545455,5.120967741935484,5876.05
2021-09-01,Bolsonaro,N,DIESEL S10,5.104602687140115,6.555052121233694,5.104602687140115,5.279690476190477,74.48863636363636,393.2769439935065,5.516666666666667,5944.21
2021-10-01,Bolsonaro,N,DIESEL S10,5.38989152892562,6.835958022058766,5.38989152892562,5.53998,83.53809523809524,462.7993768571429,6.443548387096774,6018.51
2021-11-01,Bolsonaro,N,DIESEL S10,5.722870998116761,7.189963706007846,5.722870998116761,5.55686,81.05,450.383503,7.75,6075.69
2021-12-01,Bolsonaro,N,DIESEL S10,5.754230055658628,7.17697294262049,5.754230055658628,5.651391304347826,74.1704761904762,419.16638418219463,8.862903225806452,6120.04
2022-01-01,Bolsonaro,N,DIESEL S10,5.859705479452055,7.26927115594243,5.859705479452055,5.534104761904762,86.50523809523808,478.7290500725623,9.25,6153.09
2022-02-01,Bolsonaro,N,DIESEL S10,5.9538626790227465,7.312220158416538,5.9538626790227465,5.196578947368421,97.129,504.7385165789474,10.642857142857142,6215.24
2022-03-01,Bolsonaro,N,DIESEL S10,6.664488941548184,8.054487133849463,6.664488941548184,4.968381818181818,117.24521739130434,582.5190063557312,11.233870967741936,6315.93
2022-04-01,Bolsonaro,N,DIESEL S10,6.992036225779276,8.361714567672452,6.992036225779276,4.758015789473684,104.57526315789474,497.5707532936288,11.75,6382.88
2022-05-01,Bolsonaro,N,DIESEL S10,7.218893992932863,8.592625808322456,7.218893992932863,4.95505,113.33761904761906,561.5935692619048,12.620967741935484,6412.88
2022-06-01,Bolsonaro,N,DIESEL S10,7.609617543859649,8.997414891039258,7.609617543859649,5.049209523809524,122.71095238095238,619.5933094376418,13.0,6455.85
2022-07-01,Bolsonaro,N,DIESEL S10,7.868128342245988,9.366765696220703,7.868128342245988,5.368071428571429,111.92571428571428,600.8252289795918,13.25,6411.95
2022-08-01,Bolsonaro,N,DIESEL S10,7.577660236465463,9.053560871765313,7.577660236465463,5.143286956521739,100.44636363636364,516.6244719209486,13.701612903225806,6388.87
2022-09-01,Bolsonaro,N,DIESEL S10,7.28307402422611,8.726909259779456,7.28307402422611,5.236957142857143,89.7647619047619,470.0942110340136,13.75,6370.34
2022-10-01,Bolsonaro,N,DIESEL S10,6.900783938814532,8.220325594267923,6.900783938814532,5.2503,93.33190476190477,490.0204995714286,13.75,6407.93
2022-11-01,Bolsonaro,N,DIESEL S10,6.9710833333333335,8.270162946830997,6.9710833333333335,5.274649999999999,91.41545454545457,482.1845273181819,13.75,6434.2
2022-12-01,Bolsonaro,N,DIESEL S10,6.859396433470508,8.08752282372659,6.859396433470508,5.242431818181818,80.924,424.23855245454547,13.75,6474.09
2023-01-01,Lula,N,DIESEL S10,6.805792452830189,7.982020024079187,6.805792452830189,5.200681818181819,82.50142857142858,429.0636795454546,13.75,6508.4
2023-02-01,Lula,N,DIESEL S10,6.576608784473953,7.648976389389434,6.576608784473953,5.171688888888889,82.58500000000001,427.10392688888896,13.75,6563.07
2023-03-01,Lula,N,DIESEL S10,6.420270034843206,7.414499942972372,6.420270034843206,5.211460869565218,78.43434782608696,408.75753452551993,13.75,6609.67
2023-04-01,Lula,N,DIESEL S10,6.347699115044247,7.2862436358444445,6.347699115044247,5.019733333333333,84.63833333333334,424.86186311111106,13.75,6649.99
2023-05-01,Lula,N,DIESEL S10,5.872488822652757,6.72530754232946,5.872488822652757,4.982836363636364,75.466,376.03472901818185,13.75,6665.28
2023-06-01,Lula,N,DIESEL S10,5.448097876269621,6.244278733635772,5.448097876269621,4.851566666666667,74.83909090909091,363.08683881818183,13.75,6659.95
2023-07-01,Lula,N,DIESEL S10,5.389326383319967,6.169516796634264,5.389326383319967,4.800833333333333,80.10809523809523,384.5856138888889,13.75,6667.94
2023-08-01,Lula,N,DIESEL S10,5.988379629629629,6.839557678307325,5.988379629629629,4.903543478260869,86.14772727272727,422.4291262351778,13.28225806451613,6683.28
2023-09-01,Lula,N,DIESEL S10,6.572885662431942,7.487672561366398,6.572885662431942,4.93699,93.72238095238096,462.70645753809526,13.083333333333334,6700.66
2023-10-01,Lula,N,DIESEL S10,6.62473241590214,7.528668106706035,6.62473241590214,5.064842857142857,90.59590909090907,458.85404304545443,12.75,6716.74
2023-11-01,Lula,N,DIESEL S10,6.616648096564531,7.498481452908711,6.616648096564531,4.89834,82.94,406.2683196,12.266666666666667,6735.55
2023-12-01,Lula,N,DIESEL S10,6.473876611418048,7.29582449342409,6.473876611418048,4.897245,77.63105263157895,380.1782843447369,11.959677419354838,6773.27
2024-01-01,Lula,N,DIESEL S10,6.370035842293907,7.148772471150402,6.370035842293907,4.914395454545455,80.12409090909091,393.7614681632232,11.75,6801.72
2024-02-01,Lula,N,DIESEL S10,6.385861486486486,7.107544647404954,6.385861486486486,4.964389473684211,83.47809523809524,414.417777283208,11.25,6858.17
2024-03-01,Lula,N,DIESEL S10,6.349598906107566,7.055897660852371,6.349598906107566,4.980135,85.4085,425.3458601475,11.07258064516129,6869.14
2024-04-01,Lula,N,DIESEL S10,6.318048422597212,6.994262238997007,6.318048422597212,5.129095454545455,89.93809523809524,461.30107547619053,10.75,6895.24
2024-05-01,Lula,N,DIESEL S10,6.329177852348994,6.974498229798628,6.329177852348994,5.133047619047619,81.74619047619048,419.6070883900227,10.564516129032258,6926.96
2024-06-01,Lula,N,DIESEL S10,6.311931818181818,6.94091448582513,6.311931818181818,5.388975,82.24600000000001,443.2216378500001,10.5,6941.51
2024-07-01,Lula,N,DIESEL S10,6.422096114519428,7.035320121906794,6.422096114519428,5.542047826086956,85.15304347826087,471.9222394933837,10.5,6967.89
2024-08-01,Lula,N,DIESEL S10,6.473026166097839,7.092528173665831,6.473026166097839,5.5526136363636365,80.3552380952381,446.1815908008658,10.5,6966.5
2024-09-01,Lula,N,DIESEL S10,6.421321721311475,7.005055715936687,6.421321721311475,5.541566666666666,74.01666666666667,410.16829277777776,10.6,6997.15
2024-10-01,Lula,N,DIESEL S10,6.509251769464105,7.0614391144568955,6.509251769464105,5.624108695652174,75.63260869565217,425.3660122400756,10.75,7036.33
2024-11-01,Lula,N,DIESEL S10,6.539007263922518,7.066162462423221,6.539007263922518,5.807057894736842,74.3452380952381,431.72710181704264,11.15,7063.77
2024-12-01,Lula,N,DIESEL S10,6.594475982532751,7.089240462523551,6.594475982532751,6.097028571428571,73.8595,450.32348177142853,11.89516129032258,7100.5
2025-01-01,Lula,N,DIESEL S10,6.610755148741419,7.095389184267894,6.610755148741419,6.021772727272727,79.27045454545454,477.3486612603305,12.314516129032258,7111.86
2025-02-01,Lula,N,DIESEL S10,6.834307036247335,7.240474709792221,6.834307036247335,5.765645,75.438,434.94872751,13.25,7205.03
2025-03-01,Lula,N,DIESEL S10,6.812553788587465,7.177234314233275,6.812553788587465,5.74681052631579,72.73285714285714,417.981949037594,13.637096774193548,7245.38
2025-04-01,Lula,N,DIESEL S10,6.737384007897335,7.067645025053415,6.737384007897335,5.783675000000001,68.1345,394.06780428750005,14.25,7276.54
2025-05-01,Lula,N,DIESEL S10,6.624134615384615,6.930823151685062,6.624134615384615,5.6673857142857145,64.453,365.2800114428572,14.637096774193548,7295.46
2025-06-01,Lula,N,DIESEL S10,6.50593237704918,6.790849435791903,6.50593237704918,5.547055,71.4447619047619,396.3080237476191,14.85,7312.97
2025-07-01,Lula,N,DIESEL S10,6.530820021299254,6.799152658788227,6.530820021299254,5.528491304347826,71.04130434782608,392.7512333364839,15.0,7331.98
2025-08-01,Lula,N,DIESEL S10,6.470567465321564,6.743847165423459,6.470567465321564,5.44692380952381,67.87,369.682718952381,15.0,7323.91
2025-09-01,Lula,N,DIESEL S10,6.466280487804878,6.707188989888222,6.466280487804878,5.367409090909091,67.98545454545454,364.90574677685953,15.0,7359.06
2025-10-01,Lula,N,DIESEL S10,6.451342213114755,6.6856799265531395,6.451342213114755,5.385526086956522,64.54347826086956,347.6005859168242,15.0,7365.68
2025-11-01,Lula,N,DIESEL S10,6.444454545454545,6.6665406914814325,6.444454545454545,5.340852631578947,63.797,340.7303753368421,15.0,7378.94
2025-12-01,Lula,N,DIESEL S10,6.454081027667984,6.654539390301621,6.454081027667984,5.45309090909091,62.54428571428572,341.0596758441559,15.0,7403.29
2026-01-01,Lula,N,DIESEL S10,6.5207297605473205,6.701145173768346,6.5207297605473205,5.3380238095238095,66.60238095238095,355.5250952947846,15.0,7427.72
2026-02-01,Lula,N,DIESEL S10,6.523565107458913,6.65746036747529,6.523565107458913,5.200616666666666,70.887,368.65611364999995,15.0,7479.71
2026-03-01,Lula,N,DIESEL S10,7.281465696465696,7.3660965363907955,7.281465696465696,5.231586363636364,103.13454545454546,539.5572816198347,14.89516129032258,7545.53
2026-04-01,Lula,N,DIESEL S10,7.682823529411764,7.720387600648722,7.682823529411764,5.033075,117.2875,590.3167840625,14.741666666666667,7596.09
2026-05-01,Lula,N,DIESEL S10,7.500305522914219,7.493512185843799,7.500305522914219,4.983700000000001,107.13947368421051,533.950995,14.5,7640.15
2026-06-01,Lula,N,DIESEL S10,7.376637426900585,7.358187085326553,7.376637426900585,5.127571428571429,85.3990909090909,437.88993857142856,14.391666666666667,7652.37
2026-07-01,Lula,N,DIESEL S10,7.306062639821029,7.282687757881392,7.306062639821029,5.113947826086957,83.75869565217391,428.3375995463138,14.25,7657.73
2026-08-01,Lula,N,DIESEL S10,7.307073170731707,7.307073170731707,7.307073170731707,5.153161904761905,91.076,469.32937363809526,14.040322580645162,7633.23
2019-01-01,Bolsonaro,NE,DIESEL S10,3.610409966906755,5.385864116118776,3.610409966906755,3.7416818181818186,59.40954545454545,222.29161605371903,6.5,5116.93
2019-02-01,Bolsonaro,NE,DIESEL S10,3.603753686246072,5.352919917271514,3.603753686246072,3.723625,63.9605,238.16491681250002,6.5,5138.93
2019-03-01,Bolsonaro,NE,DIESEL S10,3.669177085867185,5.409528709418687,3.669177085867185,3.846484210526316,66.13857142857144,254.40097070676697,6.5,5177.47
2019-04-01,Bolsonaro,NE,DIESEL S10,3.714302832687996,5.445023374693007,3.714302832687996,3.896157142857143,71.23333333333333,277.5362604761905,6.5,5206.98
2019-05-01,Bolsonaro,NE,DIESEL S10,3.784654214123007,5.54095153907843,3.784654214123007,4.001518181818182,71.31772727272727,285.3791823677686,6.5,5213.75
2019-06-01,Bolsonaro,NE,DIESEL S10,3.745319727891157,5.482816752207042,3.745319727891157,3.8588263157894738,64.2205,247.81575541315792,6.5,5214.27
2019-07-01,Bolsonaro,NE,DIESEL S10,3.669933966074313,5.362267388921787,3.669933966074313,3.779339130434783,63.9191304347826,241.57207083553877,6.5,5224.18
2019-08-01,Bolsonaro,NE,DIESEL S10,3.6593513325608336,5.340926240359494,3.6593513325608336,4.019981818181818,59.041818181818186,237.34703560330578,6.0,5229.93
2019-09-01,Bolsonaro,NE,DIESEL S10,3.714223321067157,5.423180679031771,3.714223321067157,4.1215,62.82666666666668,258.94010666666674,5.8,5227.84
2019-10-01,Bolsonaro,NE,DIESEL S10,3.808691395255328,5.555556760946218,3.808691395255328,4.086986956521739,59.71304347826087,244.04642982986766,5.483870967741935,5233.07
2019-11-01,Bolsonaro,NE,DIESEL S10,3.81567718794835,5.53750391298519,3.81567718794835,4.155345,63.21190476190476,262.6672723928571,5.0,5259.76
2019-12-01,Bolsonaro,NE,DIESEL S10,3.834365115321252,5.50135629514095,3.834365115321252,4.109590476190476,67.21714285714286,276.234930122449,4.67741935483871,5320.25
2020-01-01,Bolsonaro,NE,DIESEL S10,3.867794461272176,5.537692531373745,3.867794461272176,4.149463636363636,63.64545454545455,264.09449925619833,4.5,5331.42
2020-02-01,Bolsonaro,NE,DIESEL S10,3.814824594852241,5.448231169308943,3.814824594852241,4.341011111111111,55.657,241.6076554111111,4.293103448275862,5344.75
2020-03-01,Bolsonaro,NE,DIESEL S10,3.692141409964854,5.269331077516462,3.692141409964854,4.883854545454546,32.01136363636363,156.3388438016529,4.040322580645161,5348.49
2020-04-01,Bolsonaro,NE,DIESEL S10,3.421894443204642,4.898827497220127,3.421894443204642,5.32558,18.3785,97.87617203,3.75,5331.91
2020-05-01,Bolsonaro,NE,DIESEL S10,3.1693283618581907,4.554556932702041,3.1693283618581907,5.643445,29.378947368421056,165.79847363157896,3.1451612903225805,5311.65
2020-06-01,Bolsonaro,NE,DIESEL S10,3.17363825717322,4.548923614824322,3.17363825717322,5.1966,40.26681818181818,209.25054736363637,2.675,5325.46
2020-07-01,Bolsonaro,NE,DIESEL S10,3.372397739862619,4.816477024574486,3.372397739862619,5.280191304347826,43.24217391304348,228.3269506767486,2.25,5344.63
2020-08-01,Bolsonaro,NE,DIESEL S10,3.4737373901724697,4.9493298053156165,3.4737373901724697,5.461233333333333,44.736,244.3137344,2.040322580645161,5357.46
2020-10-01,Bolsonaro,NE,DIESEL S10,3.5731929203539825,5.015520693812132,3.5731929203539825,5.625790476190476,40.18954545454546,226.09796206060608,2.0,5438.12
2020-11-01,Bolsonaro,NE,DIESEL S10,3.613968622100956,5.028005676691177,3.613968622100956,5.417835,42.69238095238095,231.30027575714286,2.0,5486.52
2020-12-01,Bolsonaro,NE,DIESEL S10,3.740367902393243,5.134543004174947,3.740367902393243,5.145586363636364,49.99363636363637,257.2465735413224,2.0,5560.59
2021-01-01,Bolsonaro,NE,DIESEL S10,3.823776227141482,5.235952241425346,3.823776227141482,5.356245,54.774,293.38296363,2.0,5574.49
2021-02-01,Bolsonaro,NE,DIESEL S10,4.055233844723385,5.505543446616121,4.055233844723385,5.416494444444444,62.2765,337.3203162694444,2.0,5622.43
2021-03-01,Bolsonaro,NE,DIESEL S10,4.384853741496599,5.898193589323188,4.384853741496599,5.646147826086957,65.41,369.31452930434784,2.338709677419355,5674.72
2021-04-01,Bolsonaro,NE,DIESEL S10,4.325026388888889,5.799740559185697,4.325026388888889,5.562135,64.8065,360.46250187749996,2.75,5692.31
2021-05-01,Bolsonaro,NE,DIESEL S10,4.567302279088365,6.074205823409054,4.567302279088365,5.291057142857143,68.53421052631579,362.6184241353384,3.379032258064516,5739.56
2021-06-01,Bolsonaro,NE,DIESEL S10,4.643294693151497,6.14271390032631,4.643294693151497,5.031904761904762,73.1640909090909,368.15473744588746,3.85,5769.98
2021-07-01,Bolsonaro,NE,DIESEL S10,4.733589777195282,6.20262395263826,4.733589777195282,5.156704545454546,75.1659090909091,387.6083850723141,4.25,5825.37
2021-08-01,Bolsonaro,NE,DIESEL S10,4.779772424242424,6.209120457092774,4.779772424242424,5.251718181818182,70.74714285714286,371.5440564545455,5.120967741935484,5876.05
2021-09-01,Bolsonaro,NE,DIESEL S10,4.861472283119324,6.242837328370786,4.861472283119324,5.279690476190477,74.48863636363636,393.2769439935065,5.516666666666667,5944.21
2021-10-01,Bolsonaro,NE,DIESEL S10,5.211591959480849,6.609822047793888,5.211591959480849,5.53998,83.53809523809524,462.7993768571429,6.443548387096774,6018.51
2021-11-01,Bolsonaro,NE,DIESEL S10,5.586287112561175,7.018365712571796,5.586287112561175,5.55686,81.05,450.383503,7.75,6075.69
2021-12-01,Bolsonaro,NE,DIESEL S10,5.578046643913538,6.9572278912752425,5.578046643913538,5.651391304347826,74.1704761904762,419.16638418219463,8.862903225806452,6120.04
2022-01-01,Bolsonaro,NE,DIESEL S10,5.679713131917439,7.0459812338103545,5.679713131917439,5.534104761904762,86.50523809523808,478.7290500725623,9.25,6153.09
2022-02-01,Bolsonaro,NE,DIESEL S10,5.771410714285714,7.088142277145716,5.771410714285714,5.196578947368421,97.129,504.7385165789474,10.642857142857142,6215.24
2022-03-01,Bolsonaro,NE,DIESEL S10,6.563843438032627,7.9328502131109415,6.563843438032627,4.968381818181818,117.24521739130434,582.5190063557312,11.233870967741936,6315.93
2022-04-01,Bolsonaro,NE,DIESEL S10,6.896856096945216,8.247889489522775,6.896856096945216,4.758015789473684,104.57526315789474,497.5707532936288,11.75,6382.88
2022-05-01,Bolsonaro,NE,DIESEL S10,7.221698787353833,8.595964345908998,7.221698787353833,4.95505,113.33761904761906,561.5935692619048,12.620967741935484,6412.88
2022-06-01,Bolsonaro,NE,DIESEL S10,7.549715906658103,8.926588745119517,7.549715906658103,5.049209523809524,122.71095238095238,619.5933094376418,13.0,6455.85
2022-07-01,Bolsonaro,NE,DIESEL S10,7.647003124248979,9.103522899915165,7.647003124248979,5.368071428571429,111.92571428571428,600.8252289795918,13.25,6411.95
2022-08-01,Bolsonaro,NE,DIESEL S10,7.187065644654088,8.586890184139436,7.187065644654088,5.143286956521739,100.44636363636364,516.6244719209486,13.701612903225806,6388.87
2022-09-01,Bolsonaro,NE,DIESEL S10,6.983623779946761,8.368094410314521,6.983623779946761,5.236957142857143,89.7647619047619,470.0942110340136,13.75,6370.34
2022-10-01,Bolsonaro,NE,DIESEL S10,6.765977011494253,8.059741399086487,6.765977011494253,5.2503,93.33190476190477,490.0204995714286,13.75,6407.93
2022-11-01,Bolsonaro,NE,DIESEL S10,6.851875825627476,8.128740808251907,6.851875825627476,5.274649999999999,91.41545454545457,482.1845273181819,13.75,6434.2
2022-12-01,Bolsonaro,NE,DIESEL S10,6.616211480362538,7.8007973256855765,6.616211480362538,5.242431818181818,80.924,424.23855245454547,13.75,6474.09
2023-01-01,Lula,NE,DIESEL S10,6.505423402617399,7.629738964962389,6.505423402617399,5.200681818181819,82.50142857142858,429.0636795454546,13.75,6508.4
2023-02-01,Lula,NE,DIESEL S10,6.236339468302659,7.253223494436583,6.236339468302659,5.171688888888889,82.58500000000001,427.10392688888896,13.75,6563.07
2023-03-01,Lula,NE,DIESEL S10,5.989235602094241,6.916716398091556,5.989235602094241,5.211460869565218,78.43434782608696,408.75753452551993,13.75,6609.67
2023-04-01,Lula,NE,DIESEL S10,5.815033482142857,6.674820266932328,5.815033482142857,5.019733333333333,84.63833333333334,424.86186311111106,13.75,6649.99
2023-05-01,Lula,NE,DIESEL S10,5.342354437535331,6.118185607090448,5.342354437535331,4.982836363636364,75.466,376.03472901818185,13.75,6665.28
2023-06-01,Lula,NE,DIESEL S10,5.00410544217687,5.735401584754803,5.00410544217687,4.851566666666667,74.83909090909091,363.08683881818183,13.75,6659.95
2023-07-01,Lula,NE,DIESEL S10,4.965556542332742,5.6843995545296675,4.965556542332742,4.800833333333333,80.10809523809523,384.5856138888889,13.75,6667.94
2023-08-01,Lula,NE,DIESEL S10,5.6459058188362325,6.448405225206081,5.6459058188362325,4.903543478260869,86.14772727272727,422.4291262351778,13.28225806451613,6683.28
2023-09-01,Lula,NE,DIESEL S10,6.219464226289518,7.085063399133807,6.219464226289518,4.93699,93.72238095238096,462.70645753809526,13.083333333333334,6700.66
2023-10-01,Lula,NE,DIESEL S10,6.230906021384356,7.081104638501968,6.230906021384356,5.064842857142857,90.59590909090907,458.85404304545443,12.75,6716.74
2023-11-01,Lula,NE,DIESEL S10,6.141034901365705,6.959480939218287,6.141034901365705,4.89834,82.94,406.2683196,12.266666666666667,6735.55
2023-12-01,Lula,NE,DIESEL S10,5.941123704663212,6.695431260845407,5.941123704663212,4.897245,77.63105263157895,380.1782843447369,11.959677419354838,6773.27
2024-01-01,Lula,NE,DIESEL S10,5.8974196099103855,6.618378923118894,5.8974196099103855,4.914395454545455,80.12409090909091,393.7614681632232,11.75,6801.72
2024-02-01,Lula,NE,DIESEL S10,5.96269441755405,6.636554344512618,5.96269441755405,4.964389473684211,83.47809523809524,414.417777283208,11.25,6858.17
2024-03-01,Lula,NE,DIESEL S10,5.878176320814768,6.532036301099251,5.878176320814768,4.980135,85.4085,425.3458601475,11.07258064516129,6869.14
2024-04-01,Lula,NE,DIESEL S10,5.93109220636663,6.565890521925843,5.93109220636663,5.129095454545455,89.93809523809524,461.30107547619053,10.75,6895.24
2024-05-01,Lula,NE,DIESEL S10,5.942102371312898,6.547956691503451,5.942102371312898,5.133047619047619,81.74619047619048,419.6070883900227,10.564516129032258,6926.96
2024-06-01,Lula,NE,DIESEL S10,5.909805888062116,6.498716792013897,5.909805888062116,5.388975,82.24600000000001,443.2216378500001,10.5,6941.51
2024-07-01,Lula,NE,DIESEL S10,6.037591983248579,6.614101005367844,6.037591983248579,5.542047826086956,85.15304347826087,471.9222394933837,10.5,6967.89
2024-08-01,Lula,NE,DIESEL S10,6.035934190620273,6.613604240561025,6.035934190620273,5.5526136363636365,80.3552380952381,446.1815908008658,10.5,6966.5
2024-09-01,Lula,NE,DIESEL S10,5.99925327951564,6.544618896378836,5.99925327951564,5.541566666666666,74.01666666666667,410.16829277777776,10.6,6997.15
2024-10-01,Lula,NE,DIESEL S10,6.007719421924569,6.5173611986671,6.007719421924569,5.624108695652174,75.63260869565217,425.3660122400756,10.75,7036.33
2024-11-01,Lula,NE,DIESEL S10,6.015788206979543,6.500763050773518,6.015788206979543,5.807057894736842,74.3452380952381,431.72710181704264,11.15,7063.77
2024-12-01,Lula,NE,DIESEL S10,6.139768892149669,6.600418012903826,6.139768892149669,6.097028571428571,73.8595,450.32348177142853,11.89516129032258,7100.5
2025-01-01,Lula,NE,DIESEL S10,6.216251862891208,6.671964887860145,6.216251862891208,6.021772727272727,79.27045454545454,477.3486612603305,12.314516129032258,7111.86
2025-02-01,Lula,NE,DIESEL S10,6.449418032786885,6.832711482174236,6.449418032786885,5.765645,75.438,434.94872751,13.25,7205.03
2025-03-01,Lula,NE,DIESEL S10,6.39294695481336,6.735165648163378,6.39294695481336,5.74681052631579,72.73285714285714,417.981949037594,13.637096774193548,7245.38
2025-04-01,Lula,NE,DIESEL S10,6.229263721552878,6.534617100609504,6.229263721552878,5.783675000000001,68.1345,394.06780428750005,14.25,7276.54
2025-05-01,Lula,NE,DIESEL S10,6.063612832664966,6.3443499632214,6.063612832664966,5.6673857142857145,64.453,365.2800114428572,14.637096774193548,7295.46
2025-06-01,Lula,NE,DIESEL S10,5.971090462833099,6.232584962554406,5.971090462833099,5.547055,71.4447619047619,396.3080237476191,14.85,7312.97
2025-07-01,Lula,NE,DIESEL S10,5.991160635481023,6.237320218763936,5.991160635481023,5.528491304347826,71.04130434782608,392.7512333364839,15.0,7331.98
2025-08-01,Lula,NE,DIESEL S10,5.990223924572775,6.243216665383196,5.990223924572775,5.44692380952381,67.87,369.682718952381,15.0,7323.91
2025-09-01,Lula,NE,DIESEL S10,5.963961352657004,6.186155394295198,5.963961352657004,5.367409090909091,67.98545454545454,364.90574677685953,15.0,7359.06
2025-10-01,Lula,NE,DIESEL S10,5.965323475046211,6.182007107208972,5.965323475046211,5.385526086956522,64.54347826086956,347.6005859168242,15.0,7365.68
2025-11-01,Lula,NE,DIESEL S10,6.010422240802676,6.217550943788974,6.010422240802676,5.340852631578947,63.797,340.7303753368421,15.0,7378.94
2025-12-01,Lula,NE,DIESEL S10,6.0244879614767255,6.211603522512692,6.0244879614767255,5.45309090909091,62.54428571428572,341.0596758441559,15.0,7403.29
2026-01-01,Lula,NE,DIESEL S10,6.087816849816851,6.256254437771951,6.087816849816851,5.3380238095238095,66.60238095238095,355.5250952947846,15.0,7427.72
2026-02-01,Lula,NE,DIESEL S10,6.076182895223991,6.200895698003081,6.076182895223991,5.200616666666666,70.887,368.65611364999995,15.0,7479.71
2026-03-01,Lula,NE,DIESEL S10,7.032321481924111,7.114056574616704,7.032321481924111,5.231586363636364,103.13454545454546,539.5572816198347,14.89516129032258,7545.53
2026-04-01,Lula,NE,DIESEL S10,7.502100869565218,7.538781323100609,7.502100869565218,5.033075,117.2875,590.3167840625,14.741666666666667,7596.09
2026-05-01,Lula,NE,DIESEL S10,7.352399710878207,7.345740338222005,7.352399710878207,4.983700000000001,107.13947368421051,533.950995,14.5,7640.15
2026-06-01,Lula,NE,DIESEL S10,7.273327073552426,7.255135130378246,7.273327073552426,5.127571428571429,85.3990909090909,437.88993857142856,14.391666666666667,7652.37
2026-07-01,Lula,NE,DIESEL S10,7.192103200522535,7.169092918309294,7.192103200522535,5.113947826086957,83.75869565217391,428.3375995463138,14.25,7657.73
2026-08-01,Lula,NE,DIESEL S10,7.1109786208973205,7.1109786208973205,7.1109786208973205,5.153161904761905,91.076,469.32937363809526,14.040322580645162,7633.23
2019-01-01,Bolsonaro,S,DIESEL S10,3.427969787765293,5.113707207849954,3.427969787765293,3.7416818181818186,59.40954545454545,222.29161605371903,6.5,5116.93
2019-02-01,Bolsonaro,S,DIESEL S10,3.4321607032695867,5.098040262276097,3.4321607032695867,3.723625,63.9605,238.16491681250002,6.5,5138.93
2019-03-01,Bolsonaro,S,DIESEL S10,3.5026548645320195,5.164022233174069,3.5026548645320195,3.846484210526316,66.13857142857144,254.40097070676697,6.5,5177.47
2019-04-01,Bolsonaro,S,DIESEL S10,3.554085318985396,5.210150736019515,3.554085318985396,3.896157142857143,71.23333333333333,277.5362604761905,6.5,5206.98
2019-05-01,Bolsonaro,S,DIESEL S10,3.6206792452830183,5.3008827495510324,3.6206792452830183,4.001518181818182,71.31772727272727,285.3791823677686,6.5,5213.75
2019-06-01,Bolsonaro,S,DIESEL S10,3.5921856360316498,5.258641988720543,3.5921856360316498,3.8588263157894738,64.2205,247.81575541315792,6.5,5214.27
2019-07-01,Bolsonaro,S,DIESEL S10,3.533335511435034,5.162678664584919,3.533335511435034,3.779339130434783,63.9191304347826,241.57207083553877,6.5,5224.18
2019-08-01,Bolsonaro,S,DIESEL S10,3.49689691629956,5.103819448521354,3.49689691629956,4.019981818181818,59.041818181818186,237.34703560330578,6.0,5229.93
2019-09-01,Bolsonaro,S,DIESEL S10,3.5364410719168715,5.163598748888264,3.5364410719168715,4.1215,62.82666666666668,258.94010666666674,5.8,5227.84
2019-10-01,Bolsonaro,S,DIESEL S10,3.640769539614561,5.310617146889313,3.640769539614561,4.086986956521739,59.71304347826087,244.04642982986766,5.483870967741935,5233.07
2019-11-01,Bolsonaro,S,DIESEL S10,3.672983870967742,5.330420147190574,3.672983870967742,4.155345,63.21190476190476,262.6672723928571,5.0,5259.76
2019-12-01,Bolsonaro,S,DIESEL S10,3.696832620473339,5.304031514228787,3.696832620473339,4.109590476190476,67.21714285714286,276.234930122449,4.67741935483871,5320.25
2020-01-01,Bolsonaro,S,DIESEL S10,3.74881161971831,5.367339530553284,3.74881161971831,4.149463636363636,63.64545454545455,264.09449925619833,4.5,5331.42
2020-02-01,Bolsonaro,S,DIESEL S10,3.693890431632961,5.27551620926211,3.693890431632961,4.341011111111111,55.657,241.6076554111111,4.293103448275862,5344.75
2020-03-01,Bolsonaro,S,DIESEL S10,3.584904481792717,5.116285238928112,3.584904481792717,4.883854545454546,32.01136363636363,156.3388438016529,4.040322580645161,5348.49
2020-04-01,Bolsonaro,S,DIESEL S10,3.2908944557477118,4.711286253227662,3.2908944557477118,5.32558,18.3785,97.87617203,3.75,5331.91
2020-05-01,Bolsonaro,S,DIESEL S10,3.014553550295858,4.332134194972344,3.014553550295858,5.643445,29.378947368421056,165.79847363157896,3.1451612903225805,5311.65
2020-06-01,Bolsonaro,S,DIESEL S10,3.0337749794689297,4.348451060853263,3.0337749794689297,5.1966,40.26681818181818,209.25054736363637,2.675,5325.46
2020-07-01,Bolsonaro,S,DIESEL S10,3.2209342806394314,4.600156077970847,3.2209342806394314,5.280191304347826,43.24217391304348,228.3269506767486,2.25,5344.63
2020-08-01,Bolsonaro,S,DIESEL S10,3.319736636753804,4.7299118029380045,3.319736636753804,5.461233333333333,44.736,244.3137344,2.040322580645161,5357.46
2020-10-01,Bolsonaro,S,DIESEL S10,3.4611717791411047,4.858281954001246,3.4611717791411047,5.625790476190476,40.18954545454546,226.09796206060608,2.0,5438.12
2020-11-01,Bolsonaro,S,DIESEL S10,3.512749275362319,4.887182248706632,3.512749275362319,5.417835,42.69238095238095,231.30027575714286,2.0,5486.52
2020-12-01,Bolsonaro,S,DIESEL S10,3.5655756369426754,4.894599119730089,3.5655756369426754,5.145586363636364,49.99363636363637,257.2465735413224,2.0,5560.59
2021-01-01,Bolsonaro,S,DIESEL S10,3.652338593974175,5.001200204087099,3.652338593974175,5.356245,54.774,293.38296363,2.0,5574.49
2021-02-01,Bolsonaro,S,DIESEL S10,3.85274693042292,5.230639323515303,3.85274693042292,5.416494444444444,62.2765,337.3203162694444,2.0,5622.43
2021-03-01,Bolsonaro,S,DIESEL S10,4.150846976993044,5.583424322291252,4.150846976993044,5.646147826086957,65.41,369.31452930434784,2.338709677419355,5674.72
2021-04-01,Bolsonaro,S,DIESEL S10,4.127248297213622,5.534525617849333,4.127248297213622,5.562135,64.8065,360.46250187749996,2.75,5692.31
2021-05-01,Bolsonaro,S,DIESEL S10,4.3997512168739865,5.851374143867999,4.3997512168739865,5.291057142857143,68.53421052631579,362.6184241353384,3.379032258064516,5739.56
2021-06-01,Bolsonaro,S,DIESEL S10,4.4148590775988295,5.840511536764375,4.4148590775988295,5.031904761904762,73.1640909090909,368.15473744588746,3.85,5769.98
2021-07-01,Bolsonaro,S,DIESEL S10,4.487688604738623,5.880409190892424,4.487688604738623,5.156704545454546,75.1659090909091,387.6083850723141,4.25,5825.37
2021-08-01,Bolsonaro,S,DIESEL S10,4.512520594193113,5.861949366532397,4.512520594193113,5.251718181818182,70.74714285714286,371.5440564545455,5.120967741935484,5876.05
2021-09-01,Bolsonaro,S,DIESEL S10,4.599159582132565,5.905989676865682,4.599159582132565,5.279690476190477,74.48863636363636,393.2769439935065,5.516666666666667,5944.21
2021-10-01,Bolsonaro,S,DIESEL S10,4.912526133743275,6.230519158375274,4.912526133743275,5.53998,83.53809523809524,462.7993768571429,6.443548387096774,6018.51
2021-11-01,Bolsonaro,S,DIESEL S10,5.291335751978892,6.647801780880498,5.291335751978892,5.55686,81.05,450.383503,7.75,6075.69
2021-12-01,Bolsonaro,S,DIESEL S10,5.275175344306349,6.579471162511936,5.275175344306349,5.651391304347826,74.1704761904762,419.16638418219463,8.862903225806452,6120.04
2022-01-01,Bolsonaro,S,DIESEL S10,5.415500337154417,6.718211441499671,5.415500337154417,5.534104761904762,86.50523809523808,478.7290500725623,9.25,6153.09
2022-02-01,Bolsonaro,S,DIESEL S10,5.516380754475704,6.774927929812296,5.516380754475704,5.196578947368421,97.129,504.7385165789474,10.642857142857142,6215.24
2022-03-01,Bolsonaro,S,DIESEL S10,6.235745589600743,7.5363216987693145,6.235745589600743,4.968381818181818,117.24521739130434,582.5190063557312,11.233870967741936,6315.93
2022-04-01,Bolsonaro,S,DIESEL S10,6.577335870284579,7.865778063371449,6.577335870284579,4.758015789473684,104.57526315789474,497.5707532936288,11.75,6382.88
2022-05-01,Bolsonaro,S,DIESEL S10,6.804696738172201,8.099608176469571,6.804696738172201,4.95505,113.33761904761906,561.5935692619048,12.620967741935484,6412.88
2022-06-01,Bolsonaro,S,DIESEL S10,7.164233342704526,8.470804135556506,7.164233342704526,5.049209523809524,122.71095238095238,619.5933094376418,13.0,6455.85
2022-07-01,Bolsonaro,S,DIESEL S10,7.489769230769231,8.916340767689178,7.489769230769231,5.368071428571429,111.92571428571428,600.8252289795918,13.25,6411.95
2022-08-01,Bolsonaro,S,DIESEL S10,7.103326157158234,8.486840759415193,7.103326157158234,5.143286956521739,100.44636363636364,516.6244719209486,13.701612903225806,6388.87
2022-09-01,Bolsonaro,S,DIESEL S10,6.836411936805149,8.191698510343116,6.836411936805149,5.236957142857143,89.7647619047619,470.0942110340136,13.75,6370.34
2022-10-01,Bolsonaro,S,DIESEL S10,6.540247524752475,7.79084877852385,6.540247524752475,5.2503,93.33190476190477,490.0204995714286,13.75,6407.93
2022-11-01,Bolsonaro,S,DIESEL S10,6.545950189496481,7.765805129615217,6.545950189496481,5.274649999999999,91.41545454545457,482.1845273181819,13.75,6434.2
2022-12-01,Bolsonaro,S,DIESEL S10,6.421472191930207,7.5711913457501225,6.421472191930207,5.242431818181818,80.924,424.23855245454547,13.75,6474.09
2023-01-01,Lula,S,DIESEL S10,6.371778886118038,7.472997011075348,6.371778886118038,5.200681818181819,82.50142857142858,429.0636795454546,13.75,6508.4
2023-02-01,Lula,S,DIESEL S10,6.0832651118515,7.075189164482206,6.0832651118515,5.171688888888889,82.58500000000001,427.10392688888896,13.75,6563.07
2023-03-01,Lula,S,DIESEL S10,5.851093617021276,6.757182027280532,5.851093617021276,5.211460869565218,78.43434782608696,408.75753452551993,13.75,6609.67
2023-04-01,Lula,S,DIESEL S10,5.727190820229494,6.573989552570812,5.727190820229494,5.019733333333333,84.63833333333334,424.86186311111106,13.75,6649.99
2023-05-01,Lula,S,DIESEL S10,5.434892617449664,6.224162431930137,5.434892617449664,4.982836363636364,75.466,376.03472901818185,13.75,6665.28
2023-06-01,Lula,S,DIESEL S10,5.120151122625216,5.868406092201364,5.120151122625216,4.851566666666667,74.83909090909091,363.08683881818183,13.75,6659.95
2023-07-01,Lula,S,DIESEL S10,5.02047830923248,5.747272117682919,5.02047830923248,4.800833333333333,80.10809523809523,384.5856138888889,13.75,6667.94
2023-08-01,Lula,S,DIESEL S10,5.592365439093484,6.387254707366975,5.592365439093484,4.903543478260869,86.14772727272727,422.4291262351778,13.28225806451613,6683.28
2023-09-01,Lula,S,DIESEL S10,6.136657223796034,6.990731662313354,6.136657223796034,4.93699,93.72238095238096,462.70645753809526,13.083333333333334,6700.66
2023-10-01,Lula,S,DIESEL S10,6.147241379310345,6.986024070277114,6.147241379310345,5.064842857142857,90.59590909090907,458.85404304545443,12.75,6716.74
2023-11-01,Lula,S,DIESEL S10,6.159654538772511,6.980582107622167,6.159654538772511,4.89834,82.94,406.2683196,12.266666666666667,6735.55
2023-12-01,Lula,S,DIESEL S10,6.027610727346607,6.792899003332797,6.027610727346607,4.897245,77.63105263157895,380.1782843447369,11.959677419354838,6773.27
2024-01-01,Lula,S,DIESEL S10,5.962988047808765,6.691963099947556,5.962988047808765,4.914395454545455,80.12409090909091,393.7614681632232,11.75,6801.72
2024-02-01,Lula,S,DIESEL S10,5.990771307365986,6.667804278185764,5.990771307365986,4.964389473684211,83.47809523809524,414.417777283208,11.25,6858.17
2024-03-01,Lula,S,DIESEL S10,5.966885116462692,6.630612635284259,5.966885116462692,4.980135,85.4085,425.3458601475,11.07258064516129,6869.14
2024-04-01,Lula,S,DIESEL S10,5.987862731152204,6.628737133923249,5.987862731152204,5.129095454545455,89.93809523809524,461.30107547619053,10.75,6895.24
2024-05-01,Lula,S,DIESEL S10,5.998730512249443,6.610358614459707,5.998730512249443,5.133047619047619,81.74619047619048,419.6070883900227,10.564516129032258,6926.96
2024-06-01,Lula,S,DIESEL S10,5.984411636995223,6.580756988012846,5.984411636995223,5.388975,82.24600000000001,443.2216378500001,10.5,6941.51
2024-07-01,Lula,S,DIESEL S10,6.043811774817362,6.620914703574414,6.043811774817362,5.542047826086956,85.15304347826087,471.9222394933837,10.5,6967.89
2024-08-01,Lula,S,DIESEL S10,6.047936281502615,6.626754993476524,6.047936281502615,5.5526136363636365,80.3552380952381,446.1815908008658,10.5,6966.5
2024-09-01,Lula,S,DIESEL S10,6.053609256786826,6.603916135452706,6.053609256786826,5.541566666666666,74.01666666666667,410.16829277777776,10.6,6997.15
2024-10-01,Lula,S,DIESEL S10,6.052153443766347,6.5655646098975735,6.052153443766347,5.624108695652174,75.63260869565217,425.3660122400756,10.75,7036.33
2024-11-01,Lula,S,DIESEL S10,6.084327272727273,6.574827530907715,6.084327272727273,5.807057894736842,74.3452380952381,431.72710181704264,11.15,7063.77
2024-12-01,Lula,S,DIESEL S10,6.119829963235294,6.578983123761221,6.119829963235294,6.097028571428571,73.8595,450.32348177142853,11.89516129032258,7100.5
2025-01-01,Lula,S,DIESEL S10,6.147226817588159,6.597879620917518,6.147226817588159,6.021772727272727,79.27045454545454,477.3486612603305,12.314516129032258,7111.86
2025-02-01,Lula,S,DIESEL S10,6.489927675988429,6.875628641960569,6.489927675988429,5.765645,75.438,434.94872751,13.25,7205.03
2025-03-01,Lula,S,DIESEL S10,6.468695473251029,6.814969035065648,6.468695473251029,5.74681052631579,72.73285714285714,417.981949037594,13.637096774193548,7245.38
2025-04-01,Lula,S,DIESEL S10,6.369210641081553,6.6814241029147015,6.369210641081553,5.783675000000001,68.1345,394.06780428750005,14.25,7276.54
2025-05-01,Lula,S,DIESEL S10,6.217071494042163,6.504913554521231,6.217071494042163,5.6673857142857145,64.453,365.2800114428572,14.637096774193548,7295.46
2025-06-01,Lula,S,DIESEL S10,6.1175,6.3854062747419995,6.1175,5.547055,71.4447619047619,396.3080237476191,14.85,7312.97
2025-07-01,Lula,S,DIESEL S10,6.114736601007787,6.3659735657913235,6.114736601007787,5.528491304347826,71.04130434782608,392.7512333364839,15.0,7331.98
2025-08-01,Lula,S,DIESEL S10,6.133360655737705,6.392398672047679,6.133360655737705,5.44692380952381,67.87,369.682718952381,15.0,7323.91
2025-09-01,Lula,S,DIESEL S10,6.128977937865827,6.357319856701204,6.128977937865827,5.367409090909091,67.98545454545454,364.90574677685953,15.0,7359.06
2025-10-01,Lula,S,DIESEL S10,6.119325892857144,6.341603488765997,6.119325892857144,5.385526086956522,64.54347826086956,347.6005859168242,15.0,7365.68
2025-11-01,Lula,S,DIESEL S10,6.123088381330685,6.334099738583704,6.123088381330685,5.340852631578947,63.797,340.7303753368421,15.0,7378.94
2025-12-01,Lula,S,DIESEL S10,6.118507711546477,6.308543447441329,6.118507711546477,5.45309090909091,62.54428571428572,341.0596758441559,15.0,7403.29
2026-01-01,Lula,S,DIESEL S10,6.162325475974614,6.332824567023757,6.162325475974614,5.3380238095238095,66.60238095238095,355.5250952947846,15.0,7427.72
2026-02-01,Lula,S,DIESEL S10,6.140561637315564,6.2665958047579755,6.140561637315564,5.200616666666666,70.887,368.65611364999995,15.0,7479.71
2026-03-01,Lula,S,DIESEL S10,7.096301427371956,7.17878014459666,7.096301427371956,5.231586363636364,103.13454545454546,539.5572816198347,14.89516129032258,7545.53
2026-04-01,Lula,S,DIESEL S10,7.433556891766883,7.469902209286846,7.433556891766883,5.033075,117.2875,590.3167840625,14.741666666666667,7596.09
2026-05-01,Lula,S,DIESEL S10,7.147714145863926,7.141240165393728,7.147714145863926,4.983700000000001,107.13947368421051,533.950995,14.5,7640.15
2026-06-01,Lula,S,DIESEL S10,6.985456059975011,6.967984135723057,6.985456059975011,5.127571428571429,85.3990909090909,437.88993857142856,14.391666666666667,7652.37
2026-07-01,Lula,S,DIESEL S10,6.7954990842490846,6.773757689924121,6.7954990842490846,5.113947826086957,83.75869565217391,428.3375995463138,14.25,7657.73
2026-08-01,Lula,S,DIESEL S10,6.742209098862642,6.742209098862642,6.742209098862642,5.153161904761905,91.076,469.32937363809526,14.040322580645162,7633.23
2019-01-01,Bolsonaro,SE,DIESEL S10,3.5027681445919234,5.225288382749697,3.5027681445919234,3.7416818181818186,59.40954545454545,222.29161605371903,6.5,5116.93
2019-02-01,Bolsonaro,SE,DIESEL S10,3.5213459516298635,5.230513659139085,3.5213459516298635,3.723625,63.9605,238.16491681250002,6.5,5138.93
2019-03-01,Bolsonaro,SE,DIESEL S10,3.5984174871073606,5.30520665790676,3.5984174871073606,3.846484210526316,66.13857142857144,254.40097070676697,6.5,5177.47
2019-04-01,Bolsonaro,SE,DIESEL S10,3.635749254028247,5.3298668860502705,3.635749254028247,3.896157142857143,71.23333333333333,277.5362604761905,6.5,5206.98
2019-05-01,Bolsonaro,SE,DIESEL S10,3.708168337956049,5.428971815360585,3.708168337956049,4.001518181818182,71.31772727272727,285.3791823677686,6.5,5213.75
2019-06-01,Bolsonaro,SE,DIESEL S10,3.6690241646433113,5.371126797093411,3.6690241646433113,3.8588263157894738,64.2205,247.81575541315792,6.5,5214.27
2019-07-01,Bolsonaro,SE,DIESEL S10,3.612217615098656,5.277936033233829,3.612217615098656,3.779339130434783,63.9191304347826,241.57207083553877,6.5,5224.18
2019-08-01,Bolsonaro,SE,DIESEL S10,3.598680110497237,5.25237488453016,3.598680110497237,4.019981818181818,59.041818181818186,237.34703560330578,6.0,5229.93
2019-09-01,Bolsonaro,SE,DIESEL S10,3.663517148403797,5.349144006455881,3.663517148403797,4.1215,62.82666666666668,258.94010666666674,5.8,5227.84
2019-10-01,Bolsonaro,SE,DIESEL S10,3.772285644578901,5.502453426147367,3.772285644578901,4.086986956521739,59.71304347826087,244.04642982986766,5.483870967741935,5233.07
2019-11-01,Bolsonaro,SE,DIESEL S10,3.778642545371008,5.4837573647091,3.778642545371008,4.155345,63.21190476190476,262.6672723928571,5.0,5259.76
2019-12-01,Bolsonaro,SE,DIESEL S10,3.8050288025251526,5.459266013119509,3.8050288025251526,4.109590476190476,67.21714285714286,276.234930122449,4.67741935483871,5320.25
2020-01-01,Bolsonaro,SE,DIESEL S10,3.857081877390675,5.5223548508567735,3.857081877390675,4.149463636363636,63.64545454545455,264.09449925619833,4.5,5331.42
2020-02-01,Bolsonaro,SE,DIESEL S10,3.791489823609227,5.414905068762553,3.791489823609227,4.341011111111111,55.657,241.6076554111111,4.293103448275862,5344.75
2020-03-01,Bolsonaro,SE,DIESEL S10,3.657268105564648,5.219560777236049,3.657268105564648,4.883854545454546,32.01136363636363,156.3388438016529,4.040322580645161,5348.49
2020-04-01,Bolsonaro,SE,DIESEL S10,3.4026235105637324,4.871238985568098,3.4026235105637324,5.32558,18.3785,97.87617203,3.75,5331.91
2020-05-01,Bolsonaro,SE,DIESEL S10,3.1670640721940218,4.551302982650132,3.1670640721940218,5.643445,29.378947368421056,165.79847363157896,3.1451612903225805,5311.65
2020-06-01,Bolsonaro,SE,DIESEL S10,3.176494320446393,4.553017343414656,3.176494320446393,5.1966,40.26681818181818,209.25054736363637,2.675,5325.46
2020-07-01,Bolsonaro,SE,DIESEL S10,3.324242114840275,4.747700895714433,3.324242114840275,5.280191304347826,43.24217391304348,228.3269506767486,2.25,5344.63
2020-08-01,Bolsonaro,SE,DIESEL S10,3.4222403361344536,4.875957562164084,3.4222403361344536,5.461233333333333,44.736,244.3137344,2.040322580645161,5357.46
2020-10-01,Bolsonaro,SE,DIESEL S10,3.570421711899791,5.011630880511067,3.570421711899791,5.625790476190476,40.18954545454546,226.09796206060608,2.0,5438.12
2020-11-01,Bolsonaro,SE,DIESEL S10,3.5825227700414004,4.984256009995974,3.5825227700414004,5.417835,42.69238095238095,231.30027575714286,2.0,5486.52
2020-12-01,Bolsonaro,SE,DIESEL S10,3.667335873850197,5.034289205345033,3.667335873850197,5.145586363636364,49.99363636363637,257.2465735413224,2.0,5560.59
2021-01-01,Bolsonaro,SE,DIESEL S10,3.75044982698962,5.135545338294979,3.75044982698962,5.356245,54.774,293.38296363,2.0,5574.49
2021-02-01,Bolsonaro,SE,DIESEL S10,3.975075596144089,5.396717485634316,3.975075596144089,5.416494444444444,62.2765,337.3203162694444,2.0,5622.43
2021-03-01,Bolsonaro,SE,DIESEL S10,4.302871134911039,5.787916414049855,4.302871134911039,5.646147826086957,65.41,369.31452930434784,2.338709677419355,5674.72
2021-04-01,Bolsonaro,SE,DIESEL S10,4.256592219856784,5.707972234537015,4.256592219856784,5.562135,64.8065,360.46250187749996,2.75,5692.31
2021-05-01,Bolsonaro,SE,DIESEL S10,4.510773886433186,5.99902685103708,4.510773886433186,5.291057142857143,68.53421052631579,362.6184241353384,3.379032258064516,5739.56
2021-06-01,Bolsonaro,SE,DIESEL S10,4.545696760101929,6.013599506430325,4.545696760101929,5.031904761904762,73.1640909090909,368.15473744588746,3.85,5769.98
2021-07-01,Bolsonaro,SE,DIESEL S10,4.618084037285173,6.051271870443645,4.618084037285173,5.156704545454546,75.1659090909091,387.6083850723141,4.25,5825.37
2021-08-01,Bolsonaro,SE,DIESEL S10,4.646498230088495,6.035991811652114,4.646498230088495,5.251718181818182,70.74714285714286,371.5440564545455,5.120967741935484,5876.05
2021-09-01,Bolsonaro,SE,DIESEL S10,4.748789791806582,6.098136624128648,4.748789791806582,5.279690476190477,74.48863636363636,393.2769439935065,5.516666666666667,5944.21
2021-10-01,Bolsonaro,SE,DIESEL S10,5.0603475495156856,6.417999924464628,5.0603475495156856,5.53998,83.53809523809524,462.7993768571429,6.443548387096774,6018.51
2021-11-01,Bolsonaro,SE,DIESEL S10,5.39524529218807,6.778349162266137,5.39524529218807,5.55686,81.05,450.383503,7.75,6075.69
2021-12-01,Bolsonaro,SE,DIESEL S10,5.374858543945681,6.703801197933753,5.374858543945681,5.651391304347826,74.1704761904762,419.16638418219463,8.862903225806452,6120.04
2022-01-01,Bolsonaro,SE,DIESEL S10,5.518392810113248,6.845854936290668,5.518392810113248,5.534104761904762,86.50523809523808,478.7290500725623,9.25,6153.09
2022-02-01,Bolsonaro,SE,DIESEL S10,5.623453902601734,6.90642952371214,5.623453902601734,5.196578947368421,97.129,504.7385165789474,10.642857142857142,6215.24
2022-03-01,Bolsonaro,SE,DIESEL S10,6.295645153933865,7.6087143870122995,6.295645153933865,4.968381818181818,117.24521739130434,582.5190063557312,11.233870967741936,6315.93
2022-04-01,Bolsonaro,SE,DIESEL S10,6.680954853862214,7.989695093617091,6.680954853862214,4.758015789473684,104.57526315789474,497.5707532936288,11.75,6382.88
2022-05-01,Bolsonaro,SE,DIESEL S10,6.883630471099232,8.193562739503745,6.883630471099232,4.95505,113.33761904761906,561.5935692619048,12.620967741935484,6412.88
2022-06-01,Bolsonaro,SE,DIESEL S10,7.237637757437071,8.557595616255236,7.237637757437071,5.049209523809524,122.71095238095238,619.5933094376418,13.0,6455.85
2022-07-01,Bolsonaro,SE,DIESEL S10,7.559175531914893,8.998966842454903,7.559175531914893,5.368071428571429,111.92571428571428,600.8252289795918,13.25,6411.95
2022-08-01,Bolsonaro,SE,DIESEL S10,7.229081854964208,8.637089890351257,7.229081854964208,5.143286956521739,100.44636363636364,516.6244719209486,13.701612903225806,6388.87
2022-09-01,Bolsonaro,SE,DIESEL S10,6.956332325581395,8.33539255323855,6.956332325581395,5.236957142857143,89.7647619047619,470.0942110340136,13.75,6370.34
2022-10-01,Bolsonaro,SE,DIESEL S10,6.620102003642987,7.885972727115895,6.620102003642987,5.2503,93.33190476190477,490.0204995714286,13.75,6407.93
2022-11-01,Bolsonaro,SE,DIESEL S10,6.639806480648065,7.877151786123718,6.639806480648065,5.274649999999999,91.41545454545457,482.1845273181819,13.75,6434.2
2022-12-01,Bolsonaro,SE,DIESEL S10,6.4646759363085895,7.622130414824139,6.4646759363085895,5.242431818181818,80.924,424.23855245454547,13.75,6474.09
2023-01-01,Lula,SE,DIESEL S10,6.3990195738784,7.504945636702695,6.3990195738784,5.200681818181819,82.50142857142858,429.0636795454546,13.75,6508.4
2023-02-01,Lula,SE,DIESEL S10,6.135025247802506,7.135389196257776,6.135025247802506,5.171688888888889,82.58500000000001,427.10392688888896,13.75,6563.07
2023-03-01,Lula,SE,DIESEL S10,5.9544999181535445,6.876601617062149,5.9544999181535445,5.211460869565218,78.43434782608696,408.75753452551993,13.75,6609.67
2023-04-01,Lula,SE,DIESEL S10,5.820457232267037,6.68104595030334,5.820457232267037,5.019733333333333,84.63833333333334,424.86186311111106,13.75,6649.99
2023-05-01,Lula,SE,DIESEL S10,5.473322419928826,6.268173114328778,5.473322419928826,4.982836363636364,75.466,376.03472901818185,13.75,6665.28
2023-06-01,Lula,SE,DIESEL S10,5.120249408050513,5.868518740983553,5.120249408050513,4.851566666666667,74.83909090909091,363.08683881818183,13.75,6659.95
2023-07-01,Lula,SE,DIESEL S10,5.032675178147268,5.761234676690112,5.032675178147268,4.800833333333333,80.10809523809523,384.5856138888889,13.75,6667.94
2023-08-01,Lula,SE,DIESEL S10,5.576259653212881,6.3688596726000055,5.576259653212881,4.903543478260869,86.14772727272727,422.4291262351778,13.28225806451613,6683.28
2023-09-01,Lula,SE,DIESEL S10,6.160701986754967,7.018122875411917,6.160701986754967,4.93699,93.72238095238096,462.70645753809526,13.083333333333334,6700.66
2023-10-01,Lula,SE,DIESEL S10,6.191822989145561,7.036688779889585,6.191822989145561,5.064842857142857,90.59590909090907,458.85404304545443,12.75,6716.74
2023-11-01,Lula,SE,DIESEL S10,6.2304513247073325,7.060814330722176,6.2304513247073325,4.89834,82.94,406.2683196,12.266666666666667,6735.55
2023-12-01,Lula,SE,DIESEL S10,6.0825868026987,6.854855049328284,6.0825868026987,4.897245,77.63105263157895,380.1782843447369,11.959677419354838,6773.27
2024-01-01,Lula,SE,DIESEL S10,5.988410714285714,6.720493686392139,5.988410714285714,4.914395454545455,80.12409090909091,393.7614681632232,11.75,6801.72
2024-02-01,Lula,SE,DIESEL S10,5.991772352568167,6.668918454163998,5.991772352568167,4.964389473684211,83.47809523809524,414.417777283208,11.25,6858.17
2024-03-01,Lula,SE,DIESEL S10,5.975850959973967,6.6405757959805864,5.975850959973967,4.980135,85.4085,425.3458601475,11.07258064516129,6869.14
2024-04-01,Lula,SE,DIESEL S10,5.973333782327586,6.6126531675875535,5.973333782327586,5.129095454545455,89.93809523809524,461.30107547619053,10.75,6895.24
2024-05-01,Lula,SE,DIESEL S10,5.9744028465346535,6.583550509928411,5.9744028465346535,5.133047619047619,81.74619047619048,419.6070883900227,10.564516129032258,6926.96
2024-06-01,Lula,SE,DIESEL S10,5.972661095934437,6.567835508026297,5.972661095934437,5.388975,82.24600000000001,443.2216378500001,10.5,6941.51
2024-07-01,Lula,SE,DIESEL S10,6.007453138946742,6.581084305837553,6.007453138946742,5.542047826086956,85.15304347826087,471.9222394933837,10.5,6967.89
2024-08-01,Lula,SE,DIESEL S10,6.0221316501352575,6.598480725724819,6.0221316501352575,5.5526136363636365,80.3552380952381,446.1815908008658,10.5,6966.5
2024-09-01,Lula,SE,DIESEL S10,6.018026934934285,6.565099181888116,6.018026934934285,5.541566666666666,74.01666666666667,410.16829277777776,10.6,6997.15
2024-10-01,Lula,SE,DIESEL S10,6.01659401926001,6.52698863834358,6.01659401926001,5.624108695652174,75.63260869565217,425.3660122400756,10.75,7036.33
2024-11-01,Lula,SE,DIESEL S10,6.045214341387373,6.53256143208348,6.045214341387373,5.807057894736842,74.3452380952381,431.72710181704264,11.15,7063.77
2024-12-01,Lula,SE,DIESEL S10,6.093043774484756,6.550187244660274,6.093043774484756,6.097028571428571,73.8595,450.32348177142853,11.89516129032258,7100.5
2025-01-01,Lula,SE,DIESEL S10,6.12367681925953,6.572603173723389,6.12367681925953,6.021772727272727,79.27045454545454,477.3486612603305,12.314516129032258,7111.86
2025-02-01,Lula,SE,DIESEL S10,6.423263450834879,6.8050025150230224,6.423263450834879,5.765645,75.438,434.94872751,13.25,7205.03
2025-03-01,Lula,SE,DIESEL S10,6.418496059192536,6.762082413056353,6.418496059192536,5.74681052631579,72.73285714285714,417.981949037594,13.637096774193548,7245.38
2025-04-01,Lula,SE,DIESEL S10,6.326548387096775,6.6366705803635675,6.326548387096775,5.783675000000001,68.1345,394.06780428750005,14.25,7276.54
2025-05-01,Lula,SE,DIESEL S10,6.180868080517613,6.467033971572657,6.180868080517613,5.6673857142857145,64.453,365.2800114428572,14.637096774193548,7295.46
2025-06-01,Lula,SE,DIESEL S10,6.090374587458745,6.357092947492977,6.090374587458745,5.547055,71.4447619047619,396.3080237476191,14.85,7312.97
2025-07-01,Lula,SE,DIESEL S10,6.079060722803155,6.328831868216051,6.079060722803155,5.528491304347826,71.04130434782608,392.7512333364839,15.0,7331.98
2025-08-01,Lula,SE,DIESEL S10,6.108475406187403,6.366462412123015,6.108475406187403,5.44692380952381,67.87,369.682718952381,15.0,7323.91
2025-09-01,Lula,SE,DIESEL S10,6.104560733384263,6.3319929619938895,6.104560733384263,5.367409090909091,67.98545454545454,364.90574677685953,15.0,7359.06
2025-10-01,Lula,SE,DIESEL S10,6.090527272727273,6.311758791313224,6.090527272727273,5.385526086956522,64.54347826086956,347.6005859168242,15.0,7365.68
2025-11-01,Lula,SE,DIESEL S10,6.088600749950661,6.29842360861396,6.088600749950661,5.340852631578947,63.797,340.7303753368421,15.0,7378.94
2025-12-01,Lula,SE,DIESEL S10,6.103227183191071,6.292788318646112,6.103227183191071,5.45309090909091,62.54428571428572,341.0596758441559,15.0,7403.29
2026-01-01,Lula,SE,DIESEL S10,6.148544459127808,6.318662257294049,6.148544459127808,5.3380238095238095,66.60238095238095,355.5250952947846,15.0,7427.72
2026-02-01,Lula,SE,DIESEL S10,6.148730425055929,6.274932255722437,6.148730425055929,5.200616666666666,70.887,368.65611364999995,15.0,7479.71
2026-03-01,Lula,SE,DIESEL S10,7.051429940885126,7.133387126903288,7.051429940885126,5.231586363636364,103.13454545454546,539.5572816198347,14.89516129032258,7545.53
2026-04-01,Lula,SE,DIESEL S10,7.442799795883654,7.479190305266655,7.442799795883654,5.033075,117.2875,590.3167840625,14.741666666666667,7596.09
2026-05-01,Lula,SE,DIESEL S10,7.156762273447122,7.150280097713366,7.156762273447122,4.983700000000001,107.13947368421051,533.950995,14.5,7640.15
2026-06-01,Lula,SE,DIESEL S10,7.081579505835986,7.063867158975902,7.081579505835986,5.127571428571429,85.3990909090909,437.88993857142856,14.391666666666667,7652.37
2026-07-01,Lula,SE,DIESEL S10,6.961721736313573,6.939448532304071,6.961721736313573,5.113947826086957,83.75869565217391,428.3375995463138,14.25,7657.73
2026-08-01,Lula,SE,DIESEL S10,6.890476115896633,6.890476115896633,6.890476115896633,5.153161904761905,91.076,469.32937363809526,14.040322580645162,7633.23
2019-01-01,Bolsonaro,BR,ETANOL,2.812,4.194828297436158,3.07451772088159,3.7416818181818186,59.40954545454545,222.29161605371903,6.5,5116.93
2019-02-01,Bolsonaro,BR,ETANOL,2.783,4.133794212024681,3.052600038680979,3.723625,63.9605,238.16491681250002,6.5,5138.93
2019-03-01,Bolsonaro,BR,ETANOL,2.95,4.349233988801481,3.197952371742179,3.846484210526316,66.13857142857144,254.40097070676697,6.5,5177.47
2019-04-01,Bolsonaro,BR,ETANOL,3.002,4.40081514812809,3.2630805281069333,3.896157142857143,71.23333333333333,277.5362604761905,6.5,5206.98
2019-05-01,Bolsonaro,BR,ETANOL,2.99,4.377532045073124,3.2986420395421434,4.001518181818182,71.31772727272727,285.3791823677686,6.5,5213.75
2019-06-01,Bolsonaro,BR,ETANOL,2.819,4.126766617378847,3.1573838359352275,3.8588263157894738,64.2205,247.81575541315792,6.5,5214.27
2019-07-01,Bolsonaro,BR,ETANOL,2.776,4.056109567434506,3.0703046203294493,3.779339130434783,63.9191304347826,241.57207083553877,6.5,5224.18
2019-08-01,Bolsonaro,BR,ETANOL,2.829,4.129005105230854,3.1025416531001446,4.019981818181818,59.041818181818186,237.34703560330578,6.0,5229.93
2019-09-01,Bolsonaro,BR,ETANOL,2.851,4.162778265976005,3.123024627436856,4.1215,62.82666666666668,258.94010666666674,5.8,5227.84
2019-10-01,Bolsonaro,BR,ETANOL,2.906,4.238843810612127,3.157431685208076,4.086986956521739,59.71304347826087,244.04642982986766,5.483870967741935,5233.07
2019-11-01,Bolsonaro,BR,ETANOL,2.974,4.316019365902626,3.2053057583522704,4.155345,63.21190476190476,262.6672723928571,5.0,5259.76
2019-12-01,Bolsonaro,BR,ETANOL,3.125,4.483594520934166,3.3163192791567493,4.109590476190476,67.21714285714286,276.234930122449,4.67741935483871,5320.25
2020-01-01,Bolsonaro,BR,ETANOL,3.226,4.618806993258831,3.429366532645748,4.149463636363636,63.64545454545455,264.09449925619833,4.5,5331.42
2020-02-01,Bolsonaro,BR,ETANOL,3.248,4.638707337106506,3.451615130138652,4.341011111111111,55.657,241.6076554111111,4.293103448275862,5344.75
2020-03-01,Bolsonaro,BR,ETANOL,3.196,4.56125057352636,3.4270980307479704,4.883854545454546,32.01136363636363,156.3388438016529,4.040322580645161,5348.49
2020-04-01,Bolsonaro,BR,ETANOL,2.784,3.985609719593916,3.081357307876728,5.32558,18.3785,97.87617203,3.75,5331.91
2020-05-01,Bolsonaro,BR,ETANOL,2.55,3.6645367258761397,2.855185078979344,5.643445,29.378947368421056,165.79847363157896,3.1451612903225805,5311.65
2020-06-01,Bolsonaro,BR,ETANOL,2.655,3.805535230759408,2.918337137239817,5.1966,40.26681818181818,209.25054736363637,2.675,5325.46
2020-07-01,Bolsonaro,BR,ETANOL,2.739,3.911854884248301,3.0211295105629183,5.280191304347826,43.24217391304348,228.3269506767486,2.25,5344.63
2020-08-01,Bolsonaro,BR,ETANOL,2.768,3.9438055795096925,3.04038821513314,5.461233333333333,44.736,244.3137344,2.040322580645161,5357.46
2020-10-01,Bolsonaro,BR,ETANOL,3.006,4.219379009657749,3.287987577639752,5.625790476190476,40.18954545454546,226.09796206060608,2.0,5438.12
2020-11-01,Bolsonaro,BR,ETANOL,3.103,4.3171104251875505,3.3340542569769087,5.417835,42.69238095238095,231.30027575714286,2.0,5486.52
2020-12-01,Bolsonaro,BR,ETANOL,3.179,4.363932275172238,3.399558658648456,5.145586363636364,49.99363636363637,257.2465735413224,2.0,5560.59
2021-01-01,Bolsonaro,BR,ETANOL,3.221,4.410562011950869,3.4300389084872385,5.356245,54.774,293.38296363,2.0,5574.49
2021-02-01,Bolsonaro,BR,ETANOL,3.429,4.65534398293976,3.63467758062935,5.416494444444444,62.2765,337.3203162694444,2.0,5622.43
2021-03-01,Bolsonaro,BR,ETANOL,4.038,5.431630589703104,4.24590258521086,5.646147826086957,65.41,369.31452930434784,2.338709677419355,5674.72
2021-04-01,Bolsonaro,BR,ETANOL,3.826,5.130559997610812,4.073611394697843,5.562135,64.8065,360.46250187749996,2.75,5692.31
2021-05-01,Bolsonaro,BR,ETANOL,4.25,5.652215065266326,4.4211234093978815,5.291057142857143,68.53421052631579,362.6184241353384,3.379032258064516,5739.56
2021-06-01,Bolsonaro,BR,ETANOL,4.358,5.765291446417491,4.572255418924551,5.031904761904762,73.1640909090909,368.15473744588746,3.85,5769.98
2021-07-01,Bolsonaro,BR,ETANOL,4.318,5.6580589971109125,4.587550062034739,5.156704545454546,75.1659090909091,387.6083850723141,4.25,5825.37
2021-08-01,Bolsonaro,BR,ETANOL,4.476,5.814507616511091,4.721941581507186,5.251718181818182,70.74714285714286,371.5440564545455,5.120967741935484,5876.05
2021-09-01,Bolsonaro,BR,ETANOL,4.698,6.032915145999215,4.934824619799139,5.279690476190477,74.48863636363636,393.2769439935065,5.516666666666667,5944.21
2021-10-01,Bolsonaro,BR,ETANOL,4.883,6.193071389762581,5.096150950204474,5.53998,83.53809523809524,462.7993768571429,6.443548387096774,6018.51
2021-11-01,Bolsonaro,BR,ETANOL,5.37,6.746632086232181,5.537495882843444,5.55686,81.05,450.383503,7.75,6075.69
2021-12-01,Bolsonaro,BR,ETANOL,5.141,6.412120742674884,5.37128105320304,5.651391304347826,74.1704761904762,419.16638418219463,8.862903225806452,6120.04
2022-01-01,Bolsonaro,BR,ETANOL,5.038,6.249902527023008,5.267451307892651,5.534104761904762,86.50523809523808,478.7290500725623,9.25,6153.09
2022-02-01,Bolsonaro,BR,ETANOL,4.744,5.826330619573821,5.0245930829813945,5.196578947368421,97.129,504.7385165789474,10.642857142857142,6215.24
2022-03-01,Bolsonaro,BR,ETANOL,4.842,5.851885575045954,5.122670168376614,4.968381818181818,117.24521739130434,582.5190063557312,11.233870967741936,6315.93
2022-04-01,Bolsonaro,BR,ETANOL,5.326,6.36931651229539,5.55161979421852,4.758015789473684,104.57526315789474,497.5707532936288,11.75,6382.88
2022-05-01,Bolsonaro,BR,ETANOL,5.27,6.272863689948976,5.60427272302444,4.95505,113.33761904761906,561.5935692619048,12.620967741935484,6412.88
2022-06-01,Bolsonaro,BR,ETANOL,4.9,5.793633216385139,5.317734592306619,5.049209523809524,122.71095238095238,619.5933094376418,13.0,6455.85
2022-07-01,Bolsonaro,BR,ETANOL,4.36,5.1904464008608935,4.759239107990915,5.368071428571429,111.92571428571428,600.8252289795918,13.25,6411.95
2022-08-01,Bolsonaro,BR,ETANOL,3.95,4.71934137022666,4.296891920699212,5.143286956521739,100.44636363636364,516.6244719209486,13.701612903225806,6388.87
2022-09-01,Bolsonaro,BR,ETANOL,3.48,4.169893663446534,3.846816431442191,5.236957142857143,89.7647619047619,470.0942110340136,13.75,6370.34
2022-10-01,Bolsonaro,BR,ETANOL,3.56,4.24072965840763,3.740141319849605,5.2503,93.33190476190477,490.0204995714286,13.75,6407.93
2022-11-01,Bolsonaro,BR,ETANOL,3.83,4.5437305181685375,3.973151285800293,5.274649999999999,91.41545454545457,482.1845273181819,13.75,6434.2
2022-12-01,Bolsonaro,BR,ETANOL,3.84,4.527524825882865,3.989616703824387,5.242431818181818,80.924,424.23855245454547,13.75,6474.09
2023-01-01,Lula,BR,ETANOL,3.88,4.550570401327515,4.071347679105448,5.200681818181819,82.50142857142858,429.0636795454546,13.75,6508.4
2023-02-01,Lula,BR,ETANOL,3.8,4.419619781596112,4.016086136890952,5.171688888888889,82.58500000000001,427.10392688888896,13.75,6563.07
2023-03-01,Lula,BR,ETANOL,3.93,4.538591775383642,4.131448085719657,5.211460869565218,78.43434782608696,408.75753452551993,13.75,6609.67
2023-04-01,Lula,BR,ETANOL,3.97,4.556987769906421,4.163791713473866,5.019733333333333,84.63833333333334,424.86186311111106,13.75,6649.99
2023-05-01,Lula,BR,ETANOL,3.97,4.546534144101973,4.178726114649681,4.982836363636364,75.466,376.03472901818185,13.75,6665.28
2023-06-01,Lula,BR,ETANOL,3.76,4.309483524651085,4.006355879031246,4.851566666666667,74.83909090909091,363.08683881818183,13.75,6659.95
2023-07-01,Lula,BR,ETANOL,3.79,4.338662570449044,4.075852842809364,4.800833333333333,80.10809523809523,384.5856138888889,13.75,6667.94
2023-08-01,Lula,BR,ETANOL,3.63,4.145961997701727,3.9440461367426343,4.903543478260869,86.14772727272727,422.4291262351778,13.28225806451613,6683.28
2023-09-01,Lula,BR,ETANOL,3.64,4.146600066262129,3.949049203403929,4.93699,93.72238095238096,462.70645753809526,13.083333333333334,6700.66
2023-10-01,Lula,BR,ETANOL,3.6,4.091215083507773,3.900411885689543,5.064842857142857,90.59590909090907,458.85404304545443,12.75,6716.74
2023-11-01,Lula,BR,ETANOL,3.56,4.034458774710306,3.849300100407537,4.89834,82.94,406.2683196,12.266666666666667,6735.55
2023-12-01,Lula,BR,ETANOL,3.48,3.9218339738412906,3.776963268881797,4.897245,77.63105263157895,380.1782843447369,11.959677419354838,6773.27
2024-01-01,Lula,BR,ETANOL,3.42,3.838094864240221,3.702,4.914395454545455,80.12409090909091,393.7614681632232,11.75,6801.72
2024-02-01,Lula,BR,ETANOL,3.57,3.9734551782764203,3.8129702008860833,4.964389473684211,83.47809523809524,414.417777283208,11.25,6858.17
2024-03-01,Lula,BR,ETANOL,3.58,3.978221931711975,3.827284410504749,4.980135,85.4085,425.3458601475,11.07258064516129,6869.14
2024-04-01,Lula,BR,ETANOL,3.78,4.184569268074788,3.996828385607888,5.129095454545455,89.93809523809524,461.30107547619053,10.75,6895.24
2024-05-01,Lula,BR,ETANOL,3.82,4.209485632947208,4.060338069863825,5.133047619047619,81.74619047619048,419.6070883900227,10.564516129032258,6926.96
2024-06-01,Lula,BR,ETANOL,3.82,4.200662190215097,4.047879166146549,5.388975,82.24600000000001,443.2216378500001,10.5,6941.51
2024-07-01,Lula,BR,ETANOL,4.02,4.403856059725396,4.223758873368445,5.542047826086956,85.15304347826087,471.9222394933837,10.5,6967.89
2024-08-01,Lula,BR,ETANOL,4.06,4.448562951266776,4.280736196319019,5.5526136363636365,80.3552380952381,446.1815908008658,10.5,6966.5
2024-09-01,Lula,BR,ETANOL,4.05,4.418167611098804,4.253791952531059,5.541566666666666,74.01666666666667,410.16829277777776,10.6,6997.15
2024-10-01,Lula,BR,ETANOL,4.04,4.382717865705559,4.232504110282029,5.624108695652174,75.63260869565217,425.3660122400756,10.75,7036.33
2024-11-01,Lula,BR,ETANOL,4.05,4.376498880909201,4.235936975709388,5.807057894736842,74.3452380952381,431.72710181704264,11.15,7063.77
2024-12-01,Lula,BR,ETANOL,4.11,4.418361425251743,4.273706043780713,6.097028571428571,73.8595,450.32348177142853,11.89516129032258,7100.5
2025-01-01,Lula,BR,ETANOL,4.21,4.518634829706996,4.368597279002748,6.021772727272727,79.27045454545454,477.3486612603305,12.314516129032258,7111.86
2025-02-01,Lula,BR,ETANOL,4.38,4.640306480333878,4.545514685117198,5.765645,75.438,434.94872751,13.25,7205.03
2025-03-01,Lula,BR,ETANOL,4.35,4.582858386999715,4.542582849540397,5.74681052631579,72.73285714285714,417.981949037594,13.637096774193548,7245.38
2025-04-01,Lula,BR,ETANOL,4.31,4.521272651562418,4.506405158854986,5.783675000000001,68.1345,394.06780428750005,14.25,7276.54
2025-05-01,Lula,BR,ETANOL,4.29,4.488621238414027,4.483593729152769,5.6673857142857145,64.453,365.2800114428572,14.637096774193548,7295.46
2025-06-01,Lula,BR,ETANOL,4.2,4.383932383149391,4.420169649515287,5.547055,71.4447619047619,396.3080237476191,14.85,7312.97
2025-07-01,Lula,BR,ETANOL,4.16,4.330922452052515,4.376350051885161,5.528491304347826,71.04130434782608,392.7512333364839,15.0,7331.98
2025-08-01,Lula,BR,ETANOL,4.17,4.346116910229645,4.365641880626876,5.44692380952381,67.87,369.682718952381,15.0,7323.91
2025-09-01,Lula,BR,ETANOL,4.26,4.418711058205803,4.423241466144376,5.367409090909091,67.98545454545454,364.90574677685953,15.0,7359.06
2025-10-01,Lula,BR,ETANOL,4.28,4.435466161983686,4.449407535231521,5.385526086956522,64.54347826086956,347.6005859168242,15.0,7365.68
2025-11-01,Lula,BR,ETANOL,4.3,4.448184834136068,4.4442679377092125,5.340852631578947,63.797,340.7303753368421,15.0,7378.94
2025-12-01,Lula,BR,ETANOL,4.42,4.557281505925069,4.530274676061384,5.45309090909091,62.54428571428572,341.0596758441559,15.0,7403.29
2026-01-01,Lula,BR,ETANOL,4.59,4.716996023005713,4.70878998896856,5.3380238095238095,66.60238095238095,355.5250952947846,15.0,7427.72
2026-02-01,Lula,BR,ETANOL,4.64,4.735235350033624,4.76827798533278,5.200616666666666,70.887,368.65611364999995,15.0,7479.71
2026-03-01,Lula,BR,ETANOL,4.67,4.72427836083085,4.864458728404398,5.231586363636364,103.13454545454546,539.5572816198347,14.89516129032258,7545.53
2026-04-01,Lula,BR,ETANOL,4.66,4.6827844061879205,4.8682499680184215,5.033075,117.2875,590.3167840625,14.741666666666667,7596.09
2026-05-01,Lula,BR,ETANOL,4.32,4.316087197240892,4.612905126295118,4.983700000000001,107.13947368421051,533.950995,14.5,7640.15
2026-06-01,Lula,BR,ETANOL,4.13,4.119670102203631,4.447159660958311,5.127571428571429,85.3990909090909,437.88993857142856,14.391666666666667,7652.37
2026-07-01,Lula,BR,ETANOL,4.04,4.0270744985785605,4.34215652173913,5.113947826086957,83.75869565217391,428.3375995463138,14.25,7657.73
2026-08-01,Lula,BR,ETANOL,3.93,3.93,4.246195845697329,5.153161904761905,91.076,469.32937363809526,14.040322580645162,7633.23
2019-01-01,Bolsonaro,CO,ETANOL,3.00576245210728,4.483875316312486,3.00576245210728,3.7416818181818186,59.40954545454545,222.29161605371903,6.5,5116.93
2019-02-01,Bolsonaro,CO,ETANOL,2.909752626552053,4.322069193699063,2.909752626552053,3.723625,63.9605,238.16491681250002,6.5,5138.93
2019-03-01,Bolsonaro,CO,ETANOL,2.957929942418426,4.36092523459655,2.957929942418426,3.846484210526316,66.13857142857144,254.40097070676697,6.5,5177.47
2019-04-01,Bolsonaro,CO,ETANOL,3.015750387596899,4.420972681115787,3.015750387596899,3.896157142857143,71.23333333333333,277.5362604761905,6.5,5206.98
2019-05-01,Bolsonaro,CO,ETANOL,3.0751493445692883,4.502195585029322,3.0751493445692883,4.001518181818182,71.31772727272727,285.3791823677686,6.5,5213.75
2019-06-01,Bolsonaro,CO,ETANOL,2.9173570066730217,4.270752574003016,2.9173570066730217,3.8588263157894738,64.2205,247.81575541315792,6.5,5214.27
2019-07-01,Bolsonaro,CO,ETANOL,2.8340490748189864,4.140927077432349,2.8340490748189864,3.779339130434783,63.9191304347826,241.57207083553877,6.5,5224.18
2019-08-01,Bolsonaro,CO,ETANOL,2.857744479495268,4.170958481895104,2.857744479495268,4.019981818181818,59.041818181818186,237.34703560330578,6.0,5229.93
2019-09-01,Bolsonaro,CO,ETANOL,2.948578855395369,4.305254287883637,2.948578855395369,4.1215,62.82666666666668,258.94010666666674,5.8,5227.84
2019-10-01,Bolsonaro,CO,ETANOL,2.9772333333333334,4.3427484816751925,2.9772333333333334,4.086986956521739,59.71304347826087,244.04642982986766,5.483870967741935,5233.07
2019-11-01,Bolsonaro,CO,ETANOL,3.0290405405405405,4.395896984894799,3.0290405405405405,4.155345,63.21190476190476,262.6672723928571,5.0,5259.76
2019-12-01,Bolsonaro,CO,ETANOL,3.2053789287295262,4.59891820875825,3.2053789287295262,4.109590476190476,67.21714285714286,276.234930122449,4.67741935483871,5320.25
2020-01-01,Bolsonaro,CO,ETANOL,3.342112510495382,4.785050414052666,3.342112510495382,4.149463636363636,63.64545454545455,264.09449925619833,4.5,5331.42
2020-02-01,Bolsonaro,CO,ETANOL,3.3751360116166507,4.820279612320982,3.3751360116166507,4.341011111111111,55.657,241.6076554111111,4.293103448275862,5344.75
2020-03-01,Bolsonaro,CO,ETANOL,3.331383208645054,4.754466073550794,3.331383208645054,4.883854545454546,32.01136363636363,156.3388438016529,4.040322580645161,5348.49
2020-04-01,Bolsonaro,CO,ETANOL,2.855915148822745,4.088564359009856,2.855915148822745,5.32558,18.3785,97.87617203,3.75,5331.91
2020-05-01,Bolsonaro,CO,ETANOL,2.635119649805448,3.786859895603897,2.635119649805448,5.643445,29.378947368421056,165.79847363157896,3.1451612903225805,5311.65
2020-06-01,Bolsonaro,CO,ETANOL,2.6983111474071046,3.86761511676406,2.6983111474071046,5.1966,40.26681818181818,209.25054736363637,2.675,5325.46
2020-07-01,Bolsonaro,CO,ETANOL,2.767046415441176,3.951910929238889,2.767046415441176,5.280191304347826,43.24217391304348,228.3269506767486,2.25,5344.63
2020-08-01,Bolsonaro,CO,ETANOL,2.8253324520819563,4.025492011737941,2.8253324520819563,5.461233333333333,44.736,244.3137344,2.040322580645161,5357.46
2020-10-01,Bolsonaro,CO,ETANOL,3.1406959619952493,4.40844531528929,3.1406959619952493,5.625790476190476,40.18954545454546,226.09796206060608,2.0,5438.12
2020-11-01,Bolsonaro,CO,ETANOL,3.225637445887446,4.487732209318735,3.225637445887446,5.417835,42.69238095238095,231.30027575714286,2.0,5486.52
2020-12-01,Bolsonaro,CO,ETANOL,3.355543259557344,4.606279814759028,3.355543259557344,5.145586363636364,49.99363636363637,257.2465735413224,2.0,5560.59
2021-01-01,Bolsonaro,CO,ETANOL,3.342647307286167,4.57713543398517,3.342647307286167,5.356245,54.774,293.38296363,2.0,5574.49
2021-02-01,Bolsonaro,CO,ETANOL,3.5146997863247864,4.77169335144554,3.5146997863247864,5.416494444444444,62.2765,337.3203162694444,2.0,5622.43
2021-03-01,Bolsonaro,CO,ETANOL,4.162845229151015,5.599563518290313,4.162845229151015,5.646147826086957,65.41,369.31452930434784,2.338709677419355,5674.72
2021-04-01,Bolsonaro,CO,ETANOL,3.9314382113821136,5.271949717824273,3.9314382113821136,5.562135,64.8065,360.46250187749996,2.75,5692.31
2021-05-01,Bolsonaro,CO,ETANOL,4.268898006134969,5.677348146437989,4.268898006134969,5.291057142857143,68.53421052631579,362.6184241353384,3.379032258064516,5739.56
2021-06-01,Bolsonaro,CO,ETANOL,4.409921970116215,5.833980131638271,4.409921970116215,5.031904761904762,73.1640909090909,368.15473744588746,3.85,5769.98
2021-07-01,Bolsonaro,CO,ETANOL,4.41913560551124,5.790581281198715,4.41913560551124,5.156704545454546,75.1659090909091,387.6083850723141,4.25,5825.37
2021-08-01,Bolsonaro,CO,ETANOL,4.556842271293376,5.919525043269668,4.556842271293376,5.251718181818182,70.74714285714286,371.5440564545455,5.120967741935484,5876.05
2021-09-01,Bolsonaro,CO,ETANOL,4.757142089552239,6.108862188959145,4.757142089552239,5.279690476190477,74.48863636363636,393.2769439935065,5.516666666666667,5944.21
2021-10-01,Bolsonaro,CO,ETANOL,4.947014167650531,6.274260066849612,4.947014167650531,5.53998,83.53809523809524,462.7993768571429,6.443548387096774,6018.51
2021-11-01,Bolsonaro,CO,ETANOL,5.439031068983676,6.833359688644132,5.439031068983676,5.55686,81.05,450.383503,7.75,6075.69
2021-12-01,Bolsonaro,CO,ETANOL,5.16544062657908,6.442604354550335,5.16544062657908,5.651391304347826,74.1704761904762,419.16638418219463,8.862903225806452,6120.04
2022-01-01,Bolsonaro,CO,ETANOL,5.084558941920644,6.307661329874407,5.084558941920644,5.534104761904762,86.50523809523808,478.7290500725623,9.25,6153.09
2022-02-01,Bolsonaro,CO,ETANOL,4.802173109243698,5.8977757645195155,4.802173109243698,5.196578947368421,97.129,504.7385165789474,10.642857142857142,6215.24
2022-03-01,Bolsonaro,CO,ETANOL,4.903741138059701,5.926503930105534,4.903741138059701,4.968381818181818,117.24521739130434,582.5190063557312,11.233870967741936,6315.93
2022-04-01,Bolsonaro,CO,ETANOL,5.319166937669376,6.361144913209399,5.319166937669376,4.758015789473684,104.57526315789474,497.5707532936288,11.75,6382.88
2022-05-01,Bolsonaro,CO,ETANOL,5.276026715799171,6.2800372699691405,5.276026715799171,4.95505,113.33761904761906,561.5935692619048,12.620967741935484,6412.88
2022-06-01,Bolsonaro,CO,ETANOL,4.976160510715914,5.883683433662807,4.976160510715914,5.049209523809524,122.71095238095238,619.5933094376418,13.0,6455.85
2022-07-01,Bolsonaro,CO,ETANOL,4.324710289710289,5.148435082108449,4.324710289710289,5.368071428571429,111.92571428571428,600.8252289795918,13.25,6411.95
2022-08-01,Bolsonaro,CO,ETANOL,3.927303556658395,4.692224341361079,3.927303556658395,5.143286956521739,100.44636363636364,516.6244719209486,13.701612903225806,6388.87
2022-09-01,Bolsonaro,CO,ETANOL,3.386302665520206,4.057621272260005,3.386302665520206,5.236957142857143,89.7647619047619,470.0942110340136,13.75,6370.34
2022-10-01,Bolsonaro,CO,ETANOL,3.4118980891719746,4.064308263543795,3.4118980891719746,5.2503,93.33190476190477,490.0204995714286,13.75,6407.93
2022-11-01,Bolsonaro,CO,ETANOL,3.760039920159681,4.460733194454708,3.760039920159681,5.274649999999999,91.41545454545457,482.1845273181819,13.75,6434.2
2022-12-01,Bolsonaro,CO,ETANOL,3.7810721442885775,4.458046354614764,3.7810721442885775,5.242431818181818,80.924,424.23855245454547,13.75,6474.09
2023-01-01,Lula,CO,ETANOL,3.767743950039032,4.418913427533102,3.767743950039032,5.200681818181819,82.50142857142858,429.0636795454546,13.75,6508.4
2023-02-01,Lula,CO,ETANOL,3.732551789077213,4.341173611273056,3.732551789077213,5.171688888888889,82.58500000000001,427.10392688888896,13.75,6563.07
2023-03-01,Lula,CO,ETANOL,3.953149441340782,4.565326091941912,3.953149441340782,5.211460869565218,78.43434782608696,408.75753452551993,13.75,6609.67
2023-04-01,Lula,CO,ETANOL,3.9817501988862376,4.570475304571043,3.9817501988862376,5.019733333333333,84.63833333333334,424.86186311111106,13.75,6649.99
2023-05-01,Lula,CO,ETANOL,3.9647114812611535,4.540477612359433,3.9647114812611535,4.982836363636364,75.466,376.03472901818185,13.75,6665.28
2023-06-01,Lula,CO,ETANOL,3.735888650963598,4.281848561504946,3.735888650963598,4.851566666666667,74.83909090909091,363.08683881818183,13.75,6659.95
2023-07-01,Lula,CO,ETANOL,3.741837769328264,4.283528093529573,3.741837769328264,4.800833333333333,80.10809523809523,384.5856138888889,13.75,6667.94
2023-08-01,Lula,CO,ETANOL,3.590273615635179,4.1005889729406695,3.590273615635179,4.903543478260869,86.14772727272727,422.4291262351778,13.28225806451613,6683.28
2023-09-01,Lula,CO,ETANOL,3.636828665568369,4.142987358689508,3.636828665568369,4.93699,93.72238095238096,462.70645753809526,13.083333333333334,6700.66
2023-10-01,Lula,CO,ETANOL,3.5767755385684508,4.0648216760313565,3.5767755385684508,5.064842857142857,90.59590909090907,458.85404304545443,12.75,6716.74
2023-11-01,Lula,CO,ETANOL,3.520415200562984,3.9895983136333903,3.520415200562984,4.89834,82.94,406.2683196,12.266666666666667,6735.55
2023-12-01,Lula,CO,ETANOL,3.4365476190476194,3.8728647141104457,3.4365476190476194,4.897245,77.63105263157895,380.1782843447369,11.959677419354838,6773.27
2024-01-01,Lula,CO,ETANOL,3.432821497120921,3.852483788875215,3.432821497120921,4.914395454545455,80.12409090909091,393.7614681632232,11.75,6801.72
2024-02-01,Lula,CO,ETANOL,3.6110077519379846,4.019097325135653,3.6110077519379846,4.964389473684211,83.47809523809524,414.417777283208,11.25,6858.17
2024-03-01,Lula,CO,ETANOL,3.5839026162790697,3.982558656201487,3.5839026162790697,4.980135,85.4085,425.3458601475,11.07258064516129,6869.14
2024-04-01,Lula,CO,ETANOL,3.814267756128221,4.222504664683263,3.814267756128221,5.129095454545455,89.93809523809524,461.30107547619053,10.75,6895.24
2024-05-01,Lula,CO,ETANOL,3.765513767629282,4.149444006675491,3.765513767629282,5.133047619047619,81.74619047619048,419.6070883900227,10.564516129032258,6926.96
2024-06-01,Lula,CO,ETANOL,3.79094623655914,4.168713225406335,3.79094623655914,5.388975,82.24600000000001,443.2216378500001,10.5,6941.51
2024-07-01,Lula,CO,ETANOL,3.9900665778961386,4.371064397456639,3.9900665778961386,5.542047826086956,85.15304347826087,471.9222394933837,10.5,6967.89
2024-08-01,Lula,CO,ETANOL,3.968899835796388,4.348744031234632,3.968899835796388,5.5526136363636365,80.3552380952381,446.1815908008658,10.5,6966.5
2024-09-01,Lula,CO,ETANOL,4.035722419928826,4.402592119287611,4.035722419928826,5.541566666666666,74.01666666666667,410.16829277777776,10.6,6997.15
2024-10-01,Lula,CO,ETANOL,4.020124178232287,4.36115595502315,4.020124178232287,5.624108695652174,75.63260869565217,425.3660122400756,10.75,7036.33
2024-11-01,Lula,CO,ETANOL,3.97,4.29004952029865,3.97,5.807057894736842,74.3452380952381,431.72710181704264,11.15,7063.77
2024-12-01,Lula,CO,ETANOL,4.1254932576295245,4.435017097237577,4.1254932576295245,6.097028571428571,73.8595,450.32348177142853,11.89516129032258,7100.5
2025-01-01,Lula,CO,ETANOL,4.245091603053435,4.556298995927306,4.245091603053435,6.021772727272727,79.27045454545454,477.3486612603305,12.314516129032258,7111.86
2025-02-01,Lula,CO,ETANOL,4.407839020122484,4.669799993000661,4.407839020122484,5.765645,75.438,434.94872751,13.25,7205.03
2025-03-01,Lula,CO,ETANOL,4.371316199376947,4.605315656676405,4.371316199376947,5.74681052631579,72.73285714285714,417.981949037594,13.637096774193548,7245.38
2025-04-01,Lula,CO,ETANOL,4.325144870790917,4.537159911450683,4.325144870790917,5.783675000000001,68.1345,394.06780428750005,14.25,7276.54
2025-05-01,Lula,CO,ETANOL,4.373726606997559,4.576224274868476,4.373726606997559,5.6673857142857145,64.453,365.2800114428572,14.637096774193548,7295.46
2025-06-01,Lula,CO,ETANOL,4.279368968077209,4.466777190142445,4.279368968077209,5.547055,71.4447619047619,396.3080237476191,14.85,7312.97
2025-07-01,Lula,CO,ETANOL,4.154176776429809,4.3248599689507214,4.154176776429809,5.528491304347826,71.04130434782608,392.7512333364839,15.0,7331.98
2025-08-01,Lula,CO,ETANOL,4.19169387755102,4.368727012885026,4.19169387755102,5.44692380952381,67.87,369.682718952381,15.0,7323.91
2025-09-01,Lula,CO,ETANOL,4.3037238095238095,4.464063847090719,4.3037238095238095,5.367409090909091,67.98545454545454,364.90574677685953,15.0,7359.06
2025-10-01,Lula,CO,ETANOL,4.448790931989925,4.6103882337806485,4.448790931989925,5.385526086956522,64.54347826086956,347.6005859168242,15.0,7365.68
2025-11-01,Lula,CO,ETANOL,4.460837390457644,4.614564936693211,4.460837390457644,5.340852631578947,63.797,340.7303753368421,15.0,7378.94
2025-12-01,Lula,CO,ETANOL,4.629785977859778,4.773583260925696,4.629785977859778,5.45309090909091,62.54428571428572,341.0596758441559,15.0,7403.29
2026-01-01,Lula,CO,ETANOL,4.75831623931624,4.889969232474555,4.75831623931624,5.3380238095238095,66.60238095238095,355.5250952947846,15.0,7427.72
2026-02-01,Lula,CO,ETANOL,4.782417102966841,4.88057554408922,4.782417102966841,5.200616666666666,70.887,368.65611364999995,15.0,7479.71
2026-03-01,Lula,CO,ETANOL,4.670930408472012,4.725219583231505,4.670930408472012,5.231586363636364,103.13454545454546,539.5572816198347,14.89516129032258,7545.53
2026-04-01,Lula,CO,ETANOL,4.708203125,4.731223213501123,4.708203125,5.033075,117.2875,590.3167840625,14.741666666666667,7596.09
2026-05-01,Lula,CO,ETANOL,4.394729148753224,4.39074866071184,4.394729148753224,4.983700000000001,107.13947368421051,533.950995,14.5,7640.15
2026-06-01,Lula,CO,ETANOL,4.149089615931721,4.1387119714570115,4.149089615931721,5.127571428571429,85.3990909090909,437.88993857142856,14.391666666666667,7652.37
2026-07-01,Lula,CO,ETANOL,4.016744011976048,4.0038929153333855,4.016744011976048,5.113947826086957,83.75869565217391,428.3375995463138,14.25,7657.73
2026-08-01,Lula,CO,ETANOL,3.9770297029702975,3.9770297029702975,3.9770297029702975,5.153161904761905,91.076,469.32937363809526,14.040322580645162,7633.23
2019-01-01,Bolsonaro,N,ETANOL,3.774681081081081,5.630917145347023,3.774681081081081,3.7416818181818186,59.40954545454545,222.29161605371903,6.5,5116.93
2019-02-01,Bolsonaro,N,ETANOL,3.718107427055703,5.522777923697034,3.718107427055703,3.723625,63.9605,238.16491681250002,6.5,5138.93
2019-03-01,Bolsonaro,N,ETANOL,3.734314814814815,5.505562344907626,3.734314814814815,3.846484210526316,66.13857142857144,254.40097070676697,6.5,5177.47
2019-04-01,Bolsonaro,N,ETANOL,3.773110565110565,5.531233221352669,3.773110565110565,3.896157142857143,71.23333333333333,277.5362604761905,6.5,5206.98
2019-05-01,Bolsonaro,N,ETANOL,3.801423423423424,5.565502626397197,3.801423423423424,4.001518181818182,71.31772727272727,285.3791823677686,6.5,5213.75
2019-06-01,Bolsonaro,N,ETANOL,3.790539118065434,5.549013939092262,3.790539118065434,3.8588263157894738,64.2205,247.81575541315792,6.5,5214.27
2019-07-01,Bolsonaro,N,ETANOL,3.734817216981132,5.457070549861774,3.734817216981132,3.779339130434783,63.9191304347826,241.57207083553877,6.5,5224.18
2019-08-01,Bolsonaro,N,ETANOL,3.684750712250712,5.377997349730015,3.684750712250712,4.019981818181818,59.041818181818186,237.34703560330578,6.0,5229.93
2019-09-01,Bolsonaro,N,ETANOL,3.705936170212766,5.411080513663997,3.705936170212766,4.1215,62.82666666666668,258.94010666666674,5.8,5227.84
2019-10-01,Bolsonaro,N,ETANOL,3.7179095354523226,5.4231375852607995,3.7179095354523226,4.086986956521739,59.71304347826087,244.04642982986766,5.483870967741935,5233.07
2019-11-01,Bolsonaro,N,ETANOL,3.7162681564245807,5.39323649361659,3.7162681564245807,4.155345,63.21190476190476,262.6672723928571,5.0,5259.76
2019-12-01,Bolsonaro,N,ETANOL,3.717344362745098,5.333460741513418,3.717344362745098,4.109590476190476,67.21714285714286,276.234930122449,4.67741935483871,5320.25
2020-01-01,Bolsonaro,N,ETANOL,3.819098901098901,5.467972942449697,3.819098901098901,4.149463636363636,63.64545454545455,264.09449925619833,4.5,5331.42
2020-02-01,Bolsonaro,N,ETANOL,3.861672752808989,5.515138464273194,3.861672752808989,4.341011111111111,55.657,241.6076554111111,4.293103448275862,5344.75
2020-03-01,Bolsonaro,N,ETANOL,3.867994110718493,5.520303615741961,3.867994110718493,4.883854545454546,32.01136363636363,156.3388438016529,4.040322580645161,5348.49
2020-04-01,Bolsonaro,N,ETANOL,3.7620078431372552,5.385738155458474,3.7620078431372552,5.32558,18.3785,97.87617203,3.75,5331.91
2020-05-01,Bolsonaro,N,ETANOL,3.643677650429799,5.236231595001601,3.643677650429799,5.643445,29.378947368421056,165.79847363157896,3.1451612903225805,5311.65
2020-06-01,Bolsonaro,N,ETANOL,3.578079952267303,5.12862874456767,3.578079952267303,5.1966,40.26681818181818,209.25054736363637,2.675,5325.46
2020-07-01,Bolsonaro,N,ETANOL,3.6001100671140938,5.141697024414658,3.6001100671140938,5.280191304347826,43.24217391304348,228.3269506767486,2.25,5344.63
2020-08-01,Bolsonaro,N,ETANOL,3.5935758157389635,5.1200738267711055,3.5935758157389635,5.461233333333333,44.736,244.3137344,2.040322580645161,5357.46
2020-10-01,Bolsonaro,N,ETANOL,3.583725,5.030304072317271,3.583725,5.625790476190476,40.18954545454546,226.09796206060608,2.0,5438.12
2020-11-01,Bolsonaro,N,ETANOL,3.5822870813397127,4.983928103405206,3.5822870813397127,5.417835,42.69238095238095,231.30027575714286,2.0,5486.52
2020-12-01,Bolsonaro,N,ETANOL,3.705372997711671,5.086504188822167,3.705372997711671,5.145586363636364,49.99363636363637,257.2465735413224,2.0,5560.59
2021-01-01,Bolsonaro,N,ETANOL,3.733046189376444,5.1117142849182535,3.733046189376444,5.356245,54.774,293.38296363,2.0,5574.49
2021-02-01,Bolsonaro,N,ETANOL,3.954441501103753,5.368703834368804,3.954441501103753,5.416494444444444,62.2765,337.3203162694444,2.0,5622.43
2021-03-01,Bolsonaro,N,ETANOL,4.567228,6.143510479184876,4.567228,5.646147826086957,65.41,369.31452930434784,2.338709677419355,5674.72
2021-04-01,Bolsonaro,N,ETANOL,4.604431072210065,6.174414498389237,4.604431072210065,5.562135,64.8065,360.46250187749996,2.75,5692.31
2021-05-01,Bolsonaro,N,ETANOL,4.748513257575758,6.315204275785077,4.748513257575758,5.291057142857143,68.53421052631579,362.6184241353384,3.379032258064516,5739.56
2021-06-01,Bolsonaro,N,ETANOL,4.986315955766193,6.596504068130769,4.986315955766193,5.031904761904762,73.1640909090909,368.15473744588746,3.85,5769.98
2021-07-01,Bolsonaro,N,ETANOL,5.127220216606498,6.718414654177712,5.127220216606498,5.156704545454546,75.1659090909091,387.6083850723141,4.25,5825.37
2021-08-01,Bolsonaro,N,ETANOL,5.218843042071197,6.779491201407258,5.218843042071197,5.251718181818182,70.74714285714286,371.5440564545455,5.120967741935484,5876.05
2021-09-01,Bolsonaro,N,ETANOL,5.398905923344948,6.932980271769394,5.398905923344948,5.279690476190477,74.48863636363636,393.2769439935065,5.516666666666667,5944.21
2021-10-01,Bolsonaro,N,ETANOL,5.461103896103896,6.926276120311694,5.461103896103896,5.53998,83.53809523809524,462.7993768571429,6.443548387096774,6018.51
2021-11-01,Bolsonaro,N,ETANOL,5.825958333333333,7.319478105161719,5.825958333333333,5.55686,81.05,450.383503,7.75,6075.69
2021-12-01,Bolsonaro,N,ETANOL,5.955470989761092,7.427971030119747,5.955470989761092,5.651391304347826,74.1704761904762,419.16638418219463,8.862903225806452,6120.04
2022-01-01,Bolsonaro,N,ETANOL,5.90695987654321,7.327892707310624,5.90695987654321,5.534104761904762,86.50523809523808,478.7290500725623,9.25,6153.09
2022-02-01,Bolsonaro,N,ETANOL,5.882541533546326,7.224627288746987,5.882541533546326,5.196578947368421,97.129,504.7385165789474,10.642857142857142,6215.24
2022-03-01,Bolsonaro,N,ETANOL,5.918797919762259,7.153268931901851,5.918797919762259,4.968381818181818,117.24521739130434,582.5190063557312,11.233870967741936,6315.93
2022-04-01,Bolsonaro,N,ETANOL,6.047256528417819,7.231860845012712,6.047256528417819,4.758015789473684,104.57526315789474,497.5707532936288,11.75,6382.88
2022-05-01,Bolsonaro,N,ETANOL,6.15109947643979,7.321633502660972,6.15109947643979,4.95505,113.33761904761906,561.5935692619048,12.620967741935484,6412.88
2022-06-01,Bolsonaro,N,ETANOL,6.077154235145385,7.185469926088556,6.077154235145385,5.049209523809524,122.71095238095238,619.5933094376418,13.0,6455.85
2022-07-01,Bolsonaro,N,ETANOL,5.637043235704324,6.7107272418024655,5.637043235704324,5.368071428571429,111.92571428571428,600.8252289795918,13.25,6411.95
2022-08-01,Bolsonaro,N,ETANOL,5.098576309794989,6.091625850145081,5.098576309794989,5.143286956521739,100.44636363636364,516.6244719209486,13.701612903225806,6388.87
2022-09-01,Bolsonaro,N,ETANOL,4.727966814159292,5.665264040042624,4.727966814159292,5.236957142857143,89.7647619047619,470.0942110340136,13.75,6370.34
2022-10-01,Bolsonaro,N,ETANOL,4.173243902439024,4.971235727202799,4.173243902439024,5.2503,93.33190476190477,490.0204995714286,13.75,6407.93
2022-11-01,Bolsonaro,N,ETANOL,4.215050100200401,5.0005357117206035,4.215050100200401,5.274649999999999,91.41545454545457,482.1845273181819,13.75,6434.2
2022-12-01,Bolsonaro,N,ETANOL,4.318432203389831,5.091616929619661,4.318432203389831,5.242431818181818,80.924,424.23855245454547,13.75,6474.09
2023-01-01,Lula,N,ETANOL,4.393151515151515,5.152408570462787,4.393151515151515,5.200681818181819,82.50142857142858,429.0636795454546,13.75,6508.4
2023-02-01,Lula,N,ETANOL,4.385512367491166,5.100604529420621,4.385512367491166,5.171688888888889,82.58500000000001,427.10392688888896,13.75,6563.07
2023-03-01,Lula,N,ETANOL,4.633011093502377,5.350469731356505,4.633011093502377,5.211460869565218,78.43434782608696,408.75753452551993,13.75,6609.67
2023-04-01,Lula,N,ETANOL,4.717509293680298,5.41502069413627,4.717509293680298,5.019733333333333,84.63833333333334,424.86186311111106,13.75,6649.99
2023-05-01,Lula,N,ETANOL,4.769685792349726,5.462352471424712,4.769685792349726,4.982836363636364,75.466,376.03472901818185,13.75,6665.28
2023-06-01,Lula,N,ETANOL,4.651818181818182,5.331631333568571,4.651818181818182,4.851566666666667,74.83909090909091,363.08683881818183,13.75,6659.95
2023-07-01,Lula,N,ETANOL,4.792747747747748,5.48657394795702,4.792747747747748,4.800833333333333,80.10809523809523,384.5856138888889,13.75,6667.94
2023-08-01,Lula,N,ETANOL,4.791865889212827,5.472973519217515,4.791865889212827,4.903543478260869,86.14772727272727,422.4291262351778,13.28225806451613,6683.28
2023-09-01,Lula,N,ETANOL,4.793758620689656,5.460934014889115,4.793758620689656,4.93699,93.72238095238096,462.70645753809526,13.083333333333334,6700.66
2023-10-01,Lula,N,ETANOL,4.7299306518724,5.375323229690588,4.7299306518724,5.064842857142857,90.59590909090907,458.85404304545443,12.75,6716.74
2023-11-01,Lula,N,ETANOL,4.631375,5.248621210034815,4.631375,4.89834,82.94,406.2683196,12.266666666666667,6735.55
2023-12-01,Lula,N,ETANOL,4.537398119122257,5.113483361039437,4.537398119122257,4.897245,77.63105263157895,380.1782843447369,11.959677419354838,6773.27
2024-01-01,Lula,N,ETANOL,4.390036275695284,4.926718036132847,4.390036275695284,4.914395454545455,80.12409090909091,393.7614681632232,11.75,6801.72
2024-02-01,Lula,N,ETANOL,4.369654178674352,4.863480398748124,4.369654178674352,4.964389473684211,83.47809523809524,414.417777283208,11.25,6858.17
2024-03-01,Lula,N,ETANOL,4.369984779299847,4.856080807334684,4.369984779299847,4.980135,85.4085,425.3458601475,11.07258064516129,6869.14
2024-04-01,Lula,N,ETANOL,4.430401948842874,4.904583026546704,4.430401948842874,5.129095454545455,89.93809523809524,461.30107547619053,10.75,6895.24
2024-05-01,Lula,N,ETANOL,4.495967302452316,4.954374284260063,4.495967302452316,5.133047619047619,81.74619047619048,419.6070883900227,10.564516129032258,6926.96
2024-06-01,Lula,N,ETANOL,4.487806748466258,4.935015739600619,4.487806748466258,5.388975,82.24600000000001,443.2216378500001,10.5,6941.51
2024-07-01,Lula,N,ETANOL,4.648739002932551,5.092631201031422,4.648739002932551,5.542047826086956,85.15304347826087,471.9222394933837,10.5,6967.89
2024-08-01,Lula,N,ETANOL,4.792598039215687,5.251274403342045,4.792598039215687,5.5526136363636365,80.3552380952381,446.1815908008658,10.5,6966.5
2024-09-01,Lula,N,ETANOL,4.769368258859784,5.202930460912839,4.769368258859784,5.541566666666666,74.01666666666667,410.16829277777776,10.6,6997.15
2024-10-01,Lula,N,ETANOL,4.818612804878049,5.227381294023912,4.818612804878049,5.624108695652174,75.63260869565217,425.3660122400756,10.75,7036.33
2024-11-01,Lula,N,ETANOL,4.860571955719557,5.252416722169208,4.860571955719557,5.807057894736842,74.3452380952381,431.72710181704264,11.15,7063.77
2024-12-01,Lula,N,ETANOL,4.908841761827079,5.277137976428606,4.908841761827079,6.097028571428571,73.8595,450.32348177142853,11.89516129032258,7100.5
2025-01-01,Lula,N,ETANOL,4.932403361344538,5.293997535091519,4.932403361344538,6.021772727272727,79.27045454545454,477.3486612603305,12.314516129032258,7111.86
2025-02-01,Lula,N,ETANOL,5.091058451816745,5.393623636010001,5.091058451816745,5.765645,75.438,434.94872751,13.25,7205.03
2025-03-01,Lula,N,ETANOL,5.126357340720221,5.400774651420051,5.126357340720221,5.74681052631579,72.73285714285714,417.981949037594,13.637096774193548,7245.38
2025-04-01,Lula,N,ETANOL,5.101142857142857,5.351196680211828,5.101142857142857,5.783675000000001,68.1345,394.06780428750005,14.25,7276.54
2025-05-01,Lula,N,ETANOL,5.0828224582701065,5.3181503117200455,5.0828224582701065,5.6673857142857145,64.453,365.2800114428572,14.637096774193548,7295.46
2025-06-01,Lula,N,ETANOL,5.076671289875174,5.298996111021086,5.076671289875174,5.547055,71.4447619047619,396.3080237476191,14.85,7312.97
2025-07-01,Lula,N,ETANOL,5.072989985693848,5.281424574057464,5.072989985693848,5.528491304347826,71.04130434782608,392.7512333364839,15.0,7331.98
2025-08-01,Lula,N,ETANOL,5.038983333333333,5.25180112119073,5.038983333333333,5.44692380952381,67.87,369.682718952381,15.0,7323.91
2025-09-01,Lula,N,ETANOL,5.087238095238095,5.276768832665351,5.087238095238095,5.367409090909091,67.98545454545454,364.90574677685953,15.0,7359.06
2025-10-01,Lula,N,ETANOL,5.110197461212977,5.295819607538574,5.110197461212977,5.385526086956522,64.54347826086956,347.6005859168242,15.0,7365.68
2025-11-01,Lula,N,ETANOL,5.122872670807453,5.299415004999035,5.122872670807453,5.340852631578947,63.797,340.7303753368421,15.0,7378.94
2025-12-01,Lula,N,ETANOL,5.157669064748202,5.317861955307427,5.157669064748202,5.45309090909091,62.54428571428572,341.0596758441559,15.0,7403.29
2026-01-01,Lula,N,ETANOL,5.231102106969206,5.375836129522996,5.231102106969206,5.3380238095238095,66.60238095238095,355.5250952947846,15.0,7427.72
2026-02-01,Lula,N,ETANOL,5.2819491525423725,5.390360419008359,5.2819491525423725,5.200616666666666,70.887,368.65611364999995,15.0,7479.71
2026-03-01,Lula,N,ETANOL,5.440156472261736,5.503386188745185,5.440156472261736,5.231586363636364,103.13454545454546,539.5572816198347,14.89516129032258,7545.53
2026-04-01,Lula,N,ETANOL,5.454673202614378,5.481343050226123,5.454673202614378,5.033075,117.2875,590.3167840625,14.741666666666667,7596.09
2026-05-01,Lula,N,ETANOL,5.363110749185667,5.3582531578577,5.363110749185667,4.983700000000001,107.13947368421051,533.950995,14.5,7640.15
2026-06-01,Lula,N,ETANOL,5.256261203585147,5.243114317138645,5.256261203585147,5.127571428571429,85.3990909090909,437.88993857142856,14.391666666666667,7652.37
2026-07-01,Lula,N,ETANOL,5.179171875,5.162601728110843,5.179171875,5.113947826086957,83.75869565217391,428.3375995463138,14.25,7657.73
2026-08-01,Lula,N,ETANOL,5.077708049113233,5.077708049113233,5.077708049113233,5.153161904761905,91.076,469.32937363809526,14.040322580645162,7633.23
2019-01-01,Bolsonaro,NE,ETANOL,3.3493258696521395,4.996389379570328,3.3493258696521395,3.7416818181818186,59.40954545454545,222.29161605371903,6.5,5116.93
2019-02-01,Bolsonaro,NE,ETANOL,3.3424879939969983,4.964842803933446,3.3424879939969983,3.723625,63.9605,238.16491681250002,6.5,5138.93
2019-03-01,Bolsonaro,NE,ETANOL,3.436202692595363,5.066050692558277,3.436202692595363,3.846484210526316,66.13857142857144,254.40097070676697,6.5,5177.47
2019-04-01,Bolsonaro,NE,ETANOL,3.549630694940164,5.203620430563995,3.549630694940164,3.896157142857143,71.23333333333333,277.5362604761905,6.5,5206.98
2019-05-01,Bolsonaro,NE,ETANOL,3.7033259953161592,5.421882347106625,3.7033259953161592,4.001518181818182,71.31772727272727,285.3791823677686,6.5,5213.75
2019-06-01,Bolsonaro,NE,ETANOL,3.6423764910536782,5.332116960342611,3.6423764910536782,3.8588263157894738,64.2205,247.81575541315792,6.5,5214.27
2019-07-01,Bolsonaro,NE,ETANOL,3.543983592938733,5.178236944578426,3.543983592938733,3.779339130434783,63.9191304347826,241.57207083553877,6.5,5224.18
2019-08-01,Bolsonaro,NE,ETANOL,3.566697860333882,5.205695890468208,3.566697860333882,4.019981818181818,59.041818181818186,237.34703560330578,6.0,5229.93
2019-09-01,Bolsonaro,NE,ETANOL,3.572650734436932,5.216468898364529,3.572650734436932,4.1215,62.82666666666668,258.94010666666674,5.8,5227.84
2019-10-01,Bolsonaro,NE,ETANOL,3.547260217703841,5.174219552114436,3.547260217703841,4.086986956521739,59.71304347826087,244.04642982986766,5.483870967741935,5233.07
2019-11-01,Bolsonaro,NE,ETANOL,3.500702226572058,5.080396302670963,3.500702226572058,4.155345,63.21190476190476,262.6672723928571,5.0,5259.76
2019-12-01,Bolsonaro,NE,ETANOL,3.522393843558929,5.053755436016977,3.522393843558929,4.109590476190476,67.21714285714286,276.234930122449,4.67741935483871,5320.25
2020-01-01,Bolsonaro,NE,ETANOL,3.591520861372813,5.142139389629179,3.591520861372813,4.149463636363636,63.64545454545455,264.09449925619833,4.5,5331.42
2020-02-01,Bolsonaro,NE,ETANOL,3.6063114271701817,5.150438201079235,3.6063114271701817,4.341011111111111,55.657,241.6076554111111,4.293103448275862,5344.75
2020-03-01,Bolsonaro,NE,ETANOL,3.6139653423499576,5.157760165988151,3.6139653423499576,4.883854545454546,32.01136363636363,156.3388438016529,4.040322580645161,5348.49
2020-04-01,Bolsonaro,NE,ETANOL,3.475629814227458,4.97575573609747,3.475629814227458,5.32558,18.3785,97.87617203,3.75,5331.91
2020-05-01,Bolsonaro,NE,ETANOL,3.270786478599222,4.700359675814095,3.270786478599222,5.643445,29.378947368421056,165.79847363157896,3.1451612903225805,5311.65
2020-06-01,Bolsonaro,NE,ETANOL,3.3004520692567567,4.73069176157792,3.3004520692567567,5.1966,40.26681818181818,209.25054736363637,2.675,5325.46
2020-07-01,Bolsonaro,NE,ETANOL,3.388140079540433,4.838960320798711,3.388140079540433,5.280191304347826,43.24217391304348,228.3269506767486,2.25,5344.63
2020-08-01,Bolsonaro,NE,ETANOL,3.393112671456564,4.834456895085057,3.393112671456564,5.461233333333333,44.736,244.3137344,2.040322580645161,5357.46
2020-10-01,Bolsonaro,NE,ETANOL,3.468337519623234,4.868340162577078,3.468337519623234,5.625790476190476,40.18954545454546,226.09796206060608,2.0,5438.12
2020-11-01,Bolsonaro,NE,ETANOL,3.5342272727272728,4.9170639394370195,3.5342272727272728,5.417835,42.69238095238095,231.30027575714286,2.0,5486.52
2020-12-01,Bolsonaro,NE,ETANOL,3.6277755905511806,4.979983323903216,3.6277755905511806,5.145586363636364,49.99363636363637,257.2465735413224,2.0,5560.59
2021-01-01,Bolsonaro,NE,ETANOL,3.7003719567177633,5.066972984286766,3.7003719567177633,5.356245,54.774,293.38296363,2.0,5574.49
2021-02-01,Bolsonaro,NE,ETANOL,3.9414931330472105,5.351124625467984,3.9414931330472105,5.416494444444444,62.2765,337.3203162694444,2.0,5622.43
2021-03-01,Bolsonaro,NE,ETANOL,4.467000730994152,6.008691880805835,4.467000730994152,5.646147826086957,65.41,369.31452930434784,2.338709677419355,5674.72
2021-04-01,Bolsonaro,NE,ETANOL,4.464809156844969,5.987185378221446,4.464809156844969,5.562135,64.8065,360.46250187749996,2.75,5692.31
2021-05-01,Bolsonaro,NE,ETANOL,4.7557023360964585,6.324765268236862,4.7557023360964585,5.291057142857143,68.53421052631579,362.6184241353384,3.379032258064516,5739.56
2021-06-01,Bolsonaro,NE,ETANOL,5.042596456130323,6.670958746274279,5.042596456130323,5.031904761904762,73.1640909090909,368.15473744588746,3.85,5769.98
2021-07-01,Bolsonaro,NE,ETANOL,5.130342271293375,6.72250561518062,5.130342271293375,5.156704545454546,75.1659090909091,387.6083850723141,4.25,5825.37
2021-08-01,Bolsonaro,NE,ETANOL,5.240781903919835,6.807990682934625,5.240781903919835,5.251718181818182,70.74714285714286,371.5440564545455,5.120967741935484,5876.05
2021-09-01,Bolsonaro,NE,ETANOL,5.37412398753894,6.901156662601399,5.37412398753894,5.279690476190477,74.48863636363636,393.2769439935065,5.516666666666667,5944.21
2021-10-01,Bolsonaro,NE,ETANOL,5.387708939065883,6.833189860105883,5.387708939065883,5.53998,83.53809523809524,462.7993768571429,6.443548387096774,6018.51
2021-11-01,Bolsonaro,NE,ETANOL,5.525863284379172,6.942451869371483,5.525863284379172,5.55686,81.05,450.383503,7.75,6075.69
2021-12-01,Bolsonaro,NE,ETANOL,5.486502495840266,6.8430493013645,5.486502495840266,5.651391304347826,74.1704761904762,419.16638418219463,8.862903225806452,6120.04
2022-01-01,Bolsonaro,NE,ETANOL,5.426665889892222,6.732062893717141,5.426665889892222,5.534104761904762,86.50523809523808,478.7290500725623,9.25,6153.09
2022-02-01,Bolsonaro,NE,ETANOL,5.329745433117266,6.545712270553302,5.329745433117266,5.196578947368421,97.129,504.7385165789474,10.642857142857142,6215.24
2022-03-01,Bolsonaro,NE,ETANOL,5.559031706712906,6.718467049924897,5.559031706712906,4.968381818181818,117.24521739130434,582.5190063557312,11.233870967741936,6315.93
2022-04-01,Bolsonaro,NE,ETANOL,5.794324719394414,6.929381921299322,5.794324719394414,4.758015789473684,104.57526315789474,497.5707532936288,11.75,6382.88
2022-05-01,Bolsonaro,NE,ETANOL,6.08174906613931,7.239085937071419,6.08174906613931,4.95505,113.33761904761906,561.5935692619048,12.620967741935484,6412.88
2022-06-01,Bolsonaro,NE,ETANOL,6.075485532661114,7.183496895447508,6.075485532661114,5.049209523809524,122.71095238095238,619.5933094376418,13.0,6455.85
2022-07-01,Bolsonaro,NE,ETANOL,5.605162321692081,6.672773990565997,5.605162321692081,5.368071428571429,111.92571428571428,600.8252289795918,13.25,6411.95
2022-08-01,Bolsonaro,NE,ETANOL,4.951935938759065,5.916424338860214,4.951935938759065,5.143286956521739,100.44636363636364,516.6244719209486,13.701612903225806,6388.87
2022-09-01,Bolsonaro,NE,ETANOL,4.469876768598813,5.356008854530765,4.469876768598813,5.236957142857143,89.7647619047619,470.0942110340136,13.75,6370.34
2022-10-01,Bolsonaro,NE,ETANOL,3.840410418310971,4.574759090277805,3.840410418310971,5.2503,93.33190476190477,490.0204995714286,13.75,6407.93
2022-11-01,Bolsonaro,NE,ETANOL,3.968932648401826,4.708553629007533,3.968932648401826,5.274649999999999,91.41545454545457,482.1845273181819,13.75,6434.2
2022-12-01,Bolsonaro,NE,ETANOL,4.032821300563236,4.754869415794082,4.032821300563236,5.242431818181818,80.924,424.23855245454547,13.75,6474.09
2023-01-01,Lula,NE,ETANOL,4.276184255757992,5.01522616105027,4.276184255757992,5.200681818181819,82.50142857142858,429.0636795454546,13.75,6508.4
2023-02-01,Lula,NE,ETANOL,4.294712339137017,4.994998844819704,4.294712339137017,5.171688888888889,82.58500000000001,427.10392688888896,13.75,6563.07
2023-03-01,Lula,NE,ETANOL,4.451359349593496,5.140687769298249,4.451359349593496,5.211460869565218,78.43434782608696,408.75753452551993,13.75,6609.67
2023-04-01,Lula,NE,ETANOL,4.423070115724983,5.077046957883457,4.423070115724983,5.019733333333333,84.63833333333334,424.86186311111106,13.75,6649.99
2023-05-01,Lula,NE,ETANOL,4.414745098039216,5.055866328902295,4.414745098039216,4.982836363636364,75.466,376.03472901818185,13.75,6665.28
2023-06-01,Lula,NE,ETANOL,4.410513709423259,5.0550628101083195,4.410513709423259,4.851566666666667,74.83909090909091,363.08683881818183,13.75,6659.95
2023-07-01,Lula,NE,ETANOL,4.610059038515603,5.27743815249814,4.610059038515603,4.800833333333333,80.10809523809523,384.5856138888889,13.75,6667.94
2023-08-01,Lula,NE,ETANOL,4.572101489244346,5.221972182931827,4.572101489244346,4.903543478260869,86.14772727272727,422.4291262351778,13.28225806451613,6683.28
2023-09-01,Lula,NE,ETANOL,4.513536321483771,5.141711541137674,4.513536321483771,4.93699,93.72238095238096,462.70645753809526,13.083333333333334,6700.66
2023-10-01,Lula,NE,ETANOL,4.400151673640168,5.000546360255174,4.400151673640168,5.064842857142857,90.59590909090907,458.85404304545443,12.75,6716.74
2023-11-01,Lula,NE,ETANOL,4.295332578545146,4.867792756126547,4.295332578545146,4.89834,82.94,406.2683196,12.266666666666667,6735.55
2023-12-01,Lula,NE,ETANOL,4.200277694834279,4.733560851485303,4.200277694834279,4.897245,77.63105263157895,380.1782843447369,11.959677419354838,6773.27
2024-01-01,Lula,NE,ETANOL,4.1401403595173605,4.646272354122002,4.1401403595173605,4.914395454545455,80.12409090909091,393.7614681632232,11.75,6801.72
2024-02-01,Lula,NE,ETANOL,4.237030593881224,4.715868670524641,4.237030593881224,4.964389473684211,83.47809523809524,414.417777283208,11.25,6858.17
2024-03-01,Lula,NE,ETANOL,4.254651927098895,4.727918884968002,4.254651927098895,4.980135,85.4085,425.3458601475,11.07258064516129,6869.14
2024-04-01,Lula,NE,ETANOL,4.434615384615385,4.909247421744231,4.434615384615385,5.129095454545455,89.93809523809524,461.30107547619053,10.75,6895.24
2024-05-01,Lula,NE,ETANOL,4.528793763676149,4.990547718004102,4.528793763676149,5.133047619047619,81.74619047619048,419.6070883900227,10.564516129032258,6926.96
2024-06-01,Lula,NE,ETANOL,4.541597096188748,4.994166284070878,4.541597096188748,5.388975,82.24600000000001,443.2216378500001,10.5,6941.51
2024-07-01,Lula,NE,ETANOL,4.713527312654406,5.16360592500355,4.713527312654406,5.542047826086956,85.15304347826087,471.9222394933837,10.5,6967.89
2024-08-01,Lula,NE,ETANOL,4.787528517110266,5.245719701810319,4.787528517110266,5.5526136363636365,80.3552380952381,446.1815908008658,10.5,6966.5
2024-09-01,Lula,NE,ETANOL,4.705522706491923,5.133280991385827,4.705522706491923,5.541566666666666,74.01666666666667,410.16829277777776,10.6,6997.15
2024-10-01,Lula,NE,ETANOL,4.626291951775823,5.018745640845975,4.626291951775823,5.624108695652174,75.63260869565217,425.3660122400756,10.75,7036.33
2024-11-01,Lula,NE,ETANOL,4.54849151930711,4.9151772948327315,4.54849151930711,5.807057894736842,74.3452380952381,431.72710181704264,11.15,7063.77
2024-12-01,Lula,NE,ETANOL,4.571427152317881,4.914408123637409,4.571427152317881,6.097028571428571,73.8595,450.32348177142853,11.89516129032258,7100.5
2025-01-01,Lula,NE,ETANOL,4.688045624787198,5.031725948555565,4.688045624787198,6.021772727272727,79.27045454545454,477.3486612603305,12.314516129032258,7111.86
2025-02-01,Lula,NE,ETANOL,4.927230711889676,5.22005949828351,4.927230711889676,5.765645,75.438,434.94872751,13.25,7205.03
2025-03-01,Lula,NE,ETANOL,4.917455798621516,5.180690471129425,4.917455798621516,5.74681052631579,72.73285714285714,417.981949037594,13.637096774193548,7245.38
2025-04-01,Lula,NE,ETANOL,4.919168195718655,5.160301770704965,4.919168195718655,5.783675000000001,68.1345,394.06780428750005,14.25,7276.54
2025-05-01,Lula,NE,ETANOL,4.908011517615177,5.135245859288611,4.908011517615177,5.6673857142857145,64.453,365.2800114428572,14.637096774193548,7295.46
2025-06-01,Lula,NE,ETANOL,4.907191407502405,5.122094124205294,4.907191407502405,5.547055,71.4447619047619,396.3080237476191,14.85,7312.97
2025-07-01,Lula,NE,ETANOL,4.899113725490196,5.100404237712531,4.899113725490196,5.528491304347826,71.04130434782608,392.7512333364839,15.0,7331.98
2025-08-01,Lula,NE,ETANOL,4.887478866235703,5.093897973366188,4.887478866235703,5.44692380952381,67.87,369.682718952381,15.0,7323.91
2025-09-01,Lula,NE,ETANOL,4.853645279934614,5.03447325611631,4.853645279934614,5.367409090909091,67.98545454545454,364.90574677685953,15.0,7359.06
2025-10-01,Lula,NE,ETANOL,4.821396968455551,4.9965287633353554,4.821396968455551,5.385526086956522,64.54347826086956,347.6005859168242,15.0,7365.68
2025-11-01,Lula,NE,ETANOL,4.715168624478969,4.877660829256182,4.715168624478969,5.340852631578947,63.797,340.7303753368421,15.0,7378.94
2025-12-01,Lula,NE,ETANOL,4.706210653753026,4.852381623379229,4.706210653753026,5.45309090909091,62.54428571428572,341.0596758441559,15.0,7403.29
2026-01-01,Lula,NE,ETANOL,4.931657977059437,5.068106985754634,4.931657977059437,5.3380238095238095,66.60238095238095,355.5250952947846,15.0,7427.72
2026-02-01,Lula,NE,ETANOL,5.014152719665272,5.117067501859102,5.014152719665272,5.200616666666666,70.887,368.65611364999995,15.0,7479.71
2026-03-01,Lula,NE,ETANOL,5.294868051656373,5.356409113467837,5.294868051656373,5.231586363636364,103.13454545454546,539.5572816198347,14.89516129032258,7545.53
2026-04-01,Lula,NE,ETANOL,5.424808259587021,5.4513320868140624,5.424808259587021,5.033075,117.2875,590.3167840625,14.741666666666667,7596.09
2026-05-01,Lula,NE,ETANOL,5.315769360838687,5.310954648565105,5.315769360838687,4.983700000000001,107.13947368421051,533.950995,14.5,7640.15
2026-06-01,Lula,NE,ETANOL,5.179531802120141,5.166576830171244,5.179531802120141,5.127571428571429,85.3990909090909,437.88993857142856,14.391666666666667,7652.37
2026-07-01,Lula,NE,ETANOL,5.082857587064677,5.066595586330375,5.082857587064677,5.113947826086957,83.75869565217391,428.3375995463138,14.25,7657.73
2026-08-01,Lula,NE,ETANOL,4.977595518529158,4.977595518529158,4.977595518529158,5.153161904761905,91.076,469.32937363809526,14.040322580645162,7633.23
2019-01-01,Bolsonaro,S,ETANOL,3.291434177567492,4.910028885920562,3.291434177567492,3.7416818181818186,59.40954545454545,222.29161605371903,6.5,5116.93
2019-02-01,Bolsonaro,S,ETANOL,3.266336558396683,4.851729486031199,3.266336558396683,3.723625,63.9605,238.16491681250002,6.5,5138.93
2019-03-01,Bolsonaro,S,ETANOL,3.395529043478261,5.006084856223128,3.395529043478261,3.846484210526316,66.13857142857144,254.40097070676697,6.5,5177.47
2019-04-01,Bolsonaro,S,ETANOL,3.4773185611510797,5.097613657155445,3.4773185611510797,3.896157142857143,71.23333333333333,277.5362604761905,6.5,5206.98
2019-05-01,Bolsonaro,S,ETANOL,3.4989419141914198,5.122652292047638,3.4989419141914198,4.001518181818182,71.31772727272727,285.3791823677686,6.5,5213.75
2019-06-01,Bolsonaro,S,ETANOL,3.3917550017550018,4.965229271220387,3.3917550017550018,3.8588263157894738,64.2205,247.81575541315792,6.5,5214.27
2019-07-01,Bolsonaro,S,ETANOL,3.305057625145518,4.829133953269129,3.305057625145518,3.779339130434783,63.9191304347826,241.57207083553877,6.5,5224.18
2019-08-01,Bolsonaro,S,ETANOL,3.2790652617267164,4.7858880191073725,3.2790652617267164,4.019981818181818,59.041818181818186,237.34703560330578,6.0,5229.93
2019-09-01,Bolsonaro,S,ETANOL,3.285566804189146,4.797294312132872,3.285566804189146,4.1215,62.82666666666668,258.94010666666674,5.8,5227.84
2019-10-01,Bolsonaro,S,ETANOL,3.319954376163873,4.842659345807597,3.319954376163873,4.086986956521739,59.71304347826087,244.04642982986766,5.483870967741935,5233.07
2019-11-01,Bolsonaro,S,ETANOL,3.400702456140351,4.935271573091588,3.400702456140351,4.155345,63.21190476190476,262.6672723928571,5.0,5259.76
2019-12-01,Bolsonaro,S,ETANOL,3.5037452271231078,5.026999328985089,3.5037452271231078,4.109590476190476,67.21714285714286,276.234930122449,4.67741935483871,5320.25
2020-01-01,Bolsonaro,S,ETANOL,3.620323783117683,5.183377807602363,3.620323783117683,4.149463636363636,63.64545454545455,264.09449925619833,4.5,5331.42
2020-02-01,Bolsonaro,S,ETANOL,3.6528932604735886,5.2169651382468425,3.6528932604735886,4.341011111111111,55.657,241.6076554111111,4.293103448275862,5344.75
2020-03-01,Bolsonaro,S,ETANOL,3.634452716297787,5.186999229245218,3.634452716297787,4.883854545454546,32.01136363636363,156.3388438016529,4.040322580645161,5348.49
2020-04-01,Bolsonaro,S,ETANOL,3.340748019017433,4.7826572468785935,3.340748019017433,5.32558,18.3785,97.87617203,3.75,5331.91
2020-05-01,Bolsonaro,S,ETANOL,3.075023911491792,4.4190345320035185,3.075023911491792,5.643445,29.378947368421056,165.79847363157896,3.1451612903225805,5311.65
2020-06-01,Bolsonaro,S,ETANOL,3.1313389494549058,4.4882940458003,3.1313389494549058,5.1966,40.26681818181818,209.25054736363637,2.675,5325.46
2020-07-01,Bolsonaro,S,ETANOL,3.27004706601467,4.670299228518187,3.27004706601467,5.280191304347826,43.24217391304348,228.3269506767486,2.25,5344.63
2020-08-01,Bolsonaro,S,ETANOL,3.275349690328728,4.666669936258591,3.275349690328728,5.461233333333333,44.736,244.3137344,2.040322580645161,5357.46
2020-10-01,Bolsonaro,S,ETANOL,3.301053571428572,4.633531653041072,3.301053571428572,5.625790476190476,40.18954545454546,226.09796206060608,2.0,5438.12
2020-11-01,Bolsonaro,S,ETANOL,3.540130699088146,4.9252771986980095,3.540130699088146,5.417835,42.69238095238095,231.30027575714286,2.0,5486.52
2020-12-01,Bolsonaro,S,ETANOL,3.550188085106383,4.873476051439972,3.550188085106383,5.145586363636364,49.99363636363637,257.2465735413224,2.0,5560.59
2021-01-01,Bolsonaro,S,ETANOL,3.623605220228385,4.961855178716602,3.623605220228385,5.356245,54.774,293.38296363,2.0,5574.49
2021-02-01,Bolsonaro,S,ETANOL,3.780870799103809,5.133057487570884,3.780870799103809,5.416494444444444,62.2765,337.3203162694444,2.0,5622.43
2021-03-01,Bolsonaro,S,ETANOL,4.431761739130435,5.961290893644551,4.431761739130435,5.646147826086957,65.41,369.31452930434784,2.338709677419355,5674.72
2021-04-01,Bolsonaro,S,ETANOL,4.301219727891156,5.7678164863703145,4.301219727891156,5.562135,64.8065,360.46250187749996,2.75,5692.31
2021-05-01,Bolsonaro,S,ETANOL,4.653162194394753,6.188393754420174,4.653162194394753,5.291057142857143,68.53421052631579,362.6184241353384,3.379032258064516,5739.56
2021-06-01,Bolsonaro,S,ETANOL,4.814406584010261,6.369081481957414,4.814406584010261,5.031904761904762,73.1640909090909,368.15473744588746,3.85,5769.98
2021-07-01,Bolsonaro,S,ETANOL,4.820423712801134,6.3164061505561016,4.820423712801134,5.156704545454546,75.1659090909091,387.6083850723141,4.25,5825.37
2021-08-01,Bolsonaro,S,ETANOL,4.987831850910632,6.479398187443361,4.987831850910632,5.251718181818182,70.74714285714286,371.5440564545455,5.120967741935484,5876.05
2021-09-01,Bolsonaro,S,ETANOL,5.215450462962963,6.697396783996994,5.215450462962963,5.279690476190477,74.48863636363636,393.2769439935065,5.516666666666667,5944.21
2021-10-01,Bolsonaro,S,ETANOL,5.39444077669903,6.841727798063363,5.39444077669903,5.53998,83.53809523809524,462.7993768571429,6.443548387096774,6018.51
2021-11-01,Bolsonaro,S,ETANOL,5.925357744107744,7.44435915806362,5.925357744107744,5.55686,81.05,450.383503,7.75,6075.69
2021-12-01,Bolsonaro,S,ETANOL,5.858315957933242,7.306794256177208,5.858315957933242,5.651391304347826,74.1704761904762,419.16638418219463,8.862903225806452,6120.04
2022-01-01,Bolsonaro,S,ETANOL,5.672267367458867,7.036744373527454,5.672267367458867,5.534104761904762,86.50523809523808,478.7290500725623,9.25,6153.09
2022-02-01,Bolsonaro,S,ETANOL,5.44530985915493,6.687642404186675,5.44530985915493,5.196578947368421,97.129,504.7385165789474,10.642857142857142,6215.24
2022-03-01,Bolsonaro,S,ETANOL,5.492334150326798,6.6378585269784525,5.492334150326798,4.968381818181818,117.24521739130434,582.5190063557312,11.233870967741936,6315.93
2022-04-01,Bolsonaro,S,ETANOL,5.871130775937227,7.0212336081529525,5.871130775937227,4.758015789473684,104.57526315789474,497.5707532936288,11.75,6382.88
2022-05-01,Bolsonaro,S,ETANOL,5.970935163086715,7.1071845122516555,5.970935163086715,4.95505,113.33761904761906,561.5935692619048,12.620967741935484,6412.88
2022-06-01,Bolsonaro,S,ETANOL,5.676703095859754,6.711986860352943,5.676703095859754,5.049209523809524,122.71095238095238,619.5933094376418,13.0,6455.85
2022-07-01,Bolsonaro,S,ETANOL,5.104524603836531,6.076780128002109,5.104524603836531,5.368071428571429,111.92571428571428,600.8252289795918,13.25,6411.95
2022-08-01,Bolsonaro,S,ETANOL,4.622566433566434,5.522903545962324,4.622566433566434,5.143286956521739,100.44636363636364,516.6244719209486,13.701612903225806,6388.87
2022-09-01,Bolsonaro,S,ETANOL,4.262144870790916,5.107095083161549,4.262144870790916,5.236957142857143,89.7647619047619,470.0942110340136,13.75,6370.34
2022-10-01,Bolsonaro,S,ETANOL,4.159871106337272,4.955305835898153,4.159871106337272,5.2503,93.33190476190477,490.0204995714286,13.75,6407.93
2022-11-01,Bolsonaro,S,ETANOL,4.376560747663551,5.192144290803495,4.376560747663551,5.274649999999999,91.41545454545457,482.1845273181819,13.75,6434.2
2022-12-01,Bolsonaro,S,ETANOL,4.358846869187849,5.139267555330673,4.358846869187849,5.242431818181818,80.924,424.23855245454547,13.75,6474.09
2023-01-01,Lula,S,ETANOL,4.378092074038918,5.134746444950539,4.378092074038918,5.200681818181819,82.50142857142858,429.0636795454546,13.75,6508.4
2023-02-01,Lula,S,ETANOL,4.305985010706638,5.008109613835633,4.305985010706638,5.171688888888889,82.58500000000001,427.10392688888896,13.75,6563.07
2023-03-01,Lula,S,ETANOL,4.391094819159336,5.071090796734422,4.391094819159336,5.211460869565218,78.43434782608696,408.75753452551993,13.75,6609.67
2023-04-01,Lula,S,ETANOL,4.374623655913978,5.021437405023504,4.374623655913978,5.019733333333333,84.63833333333334,424.86186311111106,13.75,6649.99
2023-05-01,Lula,S,ETANOL,4.470892518040259,5.120167629188939,4.470892518040259,4.982836363636364,75.466,376.03472901818185,13.75,6665.28
2023-06-01,Lula,S,ETANOL,4.348598562628337,4.984099431108566,4.348598562628337,4.851566666666667,74.83909090909091,363.08683881818183,13.75,6659.95
2023-07-01,Lula,S,ETANOL,4.381207337883959,5.015456540964071,4.381207337883959,4.800833333333333,80.10809523809523,384.5856138888889,13.75,6667.94
2023-08-01,Lula,S,ETANOL,4.235237121831561,4.837226489908897,4.235237121831561,4.903543478260869,86.14772727272727,422.4291262351778,13.28225806451613,6683.28
2023-09-01,Lula,S,ETANOL,4.231957845433255,4.820944143486834,4.231957845433255,4.93699,93.72238095238096,462.70645753809526,13.083333333333334,6700.66
2023-10-01,Lula,S,ETANOL,4.195299076676034,4.767741906200895,4.195299076676034,5.064842857142857,90.59590909090907,458.85404304545443,12.75,6716.74
2023-11-01,Lula,S,ETANOL,4.101667382896433,4.6483168437835864,4.101667382896433,4.89834,82.94,406.2683196,12.266666666666667,6735.55
2023-12-01,Lula,S,ETANOL,4.052818604651162,4.567379796993386,4.052818604651162,4.897245,77.63105263157895,380.1782843447369,11.959677419354838,6773.27
2024-01-01,Lula,S,ETANOL,3.9923726176584986,4.4804400116866585,3.9923726176584986,4.914395454545455,80.12409090909091,393.7614681632232,11.75,6801.72
2024-02-01,Lula,S,ETANOL,4.072169981916817,4.532376723100609,4.072169981916817,4.964389473684211,83.47809523809524,414.417777283208,11.25,6858.17
2024-03-01,Lula,S,ETANOL,4.080875512995896,4.534812420778389,4.080875512995896,4.980135,85.4085,425.3458601475,11.07258064516129,6869.14
2024-04-01,Lula,S,ETANOL,4.141886715566423,4.585188323229226,4.141886715566423,5.129095454545455,89.93809523809524,461.30107547619053,10.75,6895.24
2024-05-01,Lula,S,ETANOL,4.185664435946463,4.612433064778722,4.185664435946463,5.133047619047619,81.74619047619048,419.6070883900227,10.564516129032258,6926.96
2024-06-01,Lula,S,ETANOL,4.199975845410628,4.618502548071495,4.199975845410628,5.388975,82.24600000000001,443.2216378500001,10.5,6941.51
2024-07-01,Lula,S,ETANOL,4.372082336045955,4.789557534630434,4.372082336045955,5.542047826086956,85.15304347826087,471.9222394933837,10.5,6967.89
2024-08-01,Lula,S,ETANOL,4.363005076142132,4.780567176826298,4.363005076142132,5.5526136363636365,80.3552380952381,446.1815908008658,10.5,6966.5
2024-09-01,Lula,S,ETANOL,4.421080540270135,4.822981444217461,4.421080540270135,5.541566666666666,74.01666666666667,410.16829277777776,10.6,6997.15
2024-10-01,Lula,S,ETANOL,4.420296708391284,4.795275583065831,4.420296708391284,5.624108695652174,75.63260869565217,425.3660122400756,10.75,7036.33
2024-11-01,Lula,S,ETANOL,4.455736263736264,4.814944388115632,4.455736263736264,5.807057894736842,74.3452380952381,431.72710181704264,11.15,7063.77
2024-12-01,Lula,S,ETANOL,4.507081935793004,4.845235271425003,4.507081935793004,6.097028571428571,73.8595,450.32348177142853,11.89516129032258,7100.5
2025-01-01,Lula,S,ETANOL,4.535139844108207,4.867610654911949,4.535139844108207,6.021772727272727,79.27045454545454,477.3486612603305,12.314516129032258,7111.86
2025-02-01,Lula,S,ETANOL,4.715155310621243,4.99538030677088,4.715155310621243,5.765645,75.438,434.94872751,13.25,7205.03
2025-03-01,Lula,S,ETANOL,4.724437636761488,4.977339918963104,4.724437636761488,5.74681052631579,72.73285714285714,417.981949037594,13.637096774193548,7245.38
2025-04-01,Lula,S,ETANOL,4.690219523587109,4.920130223159747,4.690219523587109,5.783675000000001,68.1345,394.06780428750005,14.25,7276.54
2025-05-01,Lula,S,ETANOL,4.660511977454203,4.876287422816758,4.660511977454203,5.6673857142857145,64.453,365.2800114428572,14.637096774193548,7295.46
2025-06-01,Lula,S,ETANOL,4.612667286245354,4.814671783063054,4.612667286245354,5.547055,71.4447619047619,396.3080237476191,14.85,7312.97
2025-07-01,Lula,S,ETANOL,4.592578703703704,4.781274572280915,4.592578703703704,5.528491304347826,71.04130434782608,392.7512333364839,15.0,7331.98
2025-08-01,Lula,S,ETANOL,4.578985189248491,4.7723752908115005,4.578985189248491,5.44692380952381,67.87,369.682718952381,15.0,7323.91
2025-09-01,Lula,S,ETANOL,4.578949522510232,4.749543401427733,4.578949522510232,5.367409090909091,67.98545454545454,364.90574677685953,15.0,7359.06
2025-10-01,Lula,S,ETANOL,4.579845814977974,4.746203537251729,4.579845814977974,5.385526086956522,64.54347826086956,347.6005859168242,15.0,7365.68
2025-11-01,Lula,S,ETANOL,4.607834331337325,4.766627625782838,4.607834331337325,5.340852631578947,63.797,340.7303753368421,15.0,7378.94
2025-12-01,Lula,S,ETANOL,4.671918864097363,4.8170247593966895,4.671918864097363,5.45309090909091,62.54428571428572,341.0596758441559,15.0,7403.29
2026-01-01,Lula,S,ETANOL,4.813307123034228,4.946481602801204,4.813307123034228,5.3380238095238095,66.60238095238095,355.5250952947846,15.0,7427.72
2026-02-01,Lula,S,ETANOL,4.856189111747852,4.955861713016556,4.856189111747852,5.200616666666666,70.887,368.65611364999995,15.0,7479.71
2026-03-01,Lula,S,ETANOL,4.938208469055375,4.995604156665942,4.938208469055375,5.231586363636364,103.13454545454546,539.5572816198347,14.89516129032258,7545.53
2026-04-01,Lula,S,ETANOL,4.947491976157726,4.97168203341014,4.947491976157726,5.033075,117.2875,590.3167840625,14.741666666666667,7596.09
2026-05-01,Lula,S,ETANOL,4.723929422985217,4.719650764633344,4.723929422985217,4.983700000000001,107.13947368421051,533.950995,14.5,7640.15
2026-06-01,Lula,S,ETANOL,4.560808323329332,4.549400893825985,4.560808323329332,5.127571428571429,85.3990909090909,437.88993857142856,14.391666666666667,7652.37
2026-07-01,Lula,S,ETANOL,4.435402348847325,4.4212118044501265,4.435402348847325,5.113947826086957,83.75869565217391,428.3375995463138,14.25,7657.73
2026-08-01,Lula,S,ETANOL,4.322658884565499,4.322658884565499,4.322658884565499,5.153161904761905,91.076,469.32937363809526,14.040322580645162,7633.23
2019-01-01,Bolsonaro,SE,ETANOL,2.882936582158252,4.300648632486244,2.882936582158252,3.7416818181818186,59.40954545454545,222.29161605371903,6.5,5116.93
2019-02-01,Bolsonaro,SE,ETANOL,2.871628038749772,4.265439944546028,2.871628038749772,3.723625,63.9605,238.16491681250002,6.5,5138.93
2019-03-01,Bolsonaro,SE,ETANOL,3.067515289821999,4.522488732088834,3.067515289821999,3.846484210526316,66.13857142857144,254.40097070676697,6.5,5177.47
2019-04-01,Bolsonaro,SE,ETANOL,3.115211256565023,4.566778443541137,3.115211256565023,3.896157142857143,71.23333333333333,277.5362604761905,6.5,5206.98
2019-05-01,Bolsonaro,SE,ETANOL,3.109559629941127,4.552574222786959,3.109559629941127,4.001518181818182,71.31772727272727,285.3791823677686,6.5,5213.75
2019-06-01,Bolsonaro,SE,ETANOL,2.923557523739956,4.279829582460736,2.923557523739956,3.8588263157894738,64.2205,247.81575541315792,6.5,5214.27
2019-07-01,Bolsonaro,SE,ETANOL,2.840049004133784,4.1496937815741655,2.840049004133784,3.779339130434783,63.9191304347826,241.57207083553877,6.5,5224.18
2019-08-01,Bolsonaro,SE,ETANOL,2.8953120442765528,4.225789399807092,2.8953120442765528,4.019981818181818,59.041818181818186,237.34703560330578,6.0,5229.93
2019-09-01,Bolsonaro,SE,ETANOL,2.911629923273657,4.251304722262001,2.911629923273657,4.1215,62.82666666666668,258.94010666666674,5.8,5227.84
2019-10-01,Bolsonaro,SE,ETANOL,2.9685791219813287,4.330124995706448,2.9685791219813287,4.086986956521739,59.71304347826087,244.04642982986766,5.483870967741935,5233.07
2019-11-01,Bolsonaro,SE,ETANOL,3.044255064792845,4.417977072761625,3.044255064792845,4.155345,63.21190476190476,262.6672723928571,5.0,5259.76
2019-12-01,Bolsonaro,SE,ETANOL,3.1882073863636364,4.574281334112588,3.1882073863636364,4.109590476190476,67.21714285714286,276.234930122449,4.67741935483871,5320.25
2020-01-01,Bolsonaro,SE,ETANOL,3.307960257159556,4.736153121261884,3.307960257159556,4.149463636363636,63.64545454545455,264.09449925619833,4.5,5331.42
2020-02-01,Bolsonaro,SE,ETANOL,3.3313563081979187,4.757754602633537,3.3313563081979187,4.341011111111111,55.657,241.6076554111111,4.293103448275862,5344.75
2020-03-01,Bolsonaro,SE,ETANOL,3.291985312217937,4.698238389672847,3.291985312217937,4.883854545454546,32.01136363636363,156.3388438016529,4.040322580645161,5348.49
2020-04-01,Bolsonaro,SE,ETANOL,2.87320548721269,4.113317426805127,2.87320548721269,5.32558,18.3785,97.87617203,3.75,5331.91
2020-05-01,Bolsonaro,SE,ETANOL,2.6330474924360505,3.7838820537286217,2.6330474924360505,5.643445,29.378947368421056,165.79847363157896,3.1451612903225805,5311.65
2020-06-01,Bolsonaro,SE,ETANOL,2.718412164898356,3.8964268419004324,2.718412164898356,5.1966,40.26681818181818,209.25054736363637,2.675,5325.46
2020-07-01,Bolsonaro,SE,ETANOL,2.827288619894598,4.03794917740574,2.827288619894598,5.280191304347826,43.24217391304348,228.3269506767486,2.25,5344.63
2020-08-01,Bolsonaro,SE,ETANOL,2.847827378713802,4.057542451463857,2.847827378713802,5.461233333333333,44.736,244.3137344,2.040322580645161,5357.46
2020-10-01,Bolsonaro,SE,ETANOL,3.1167496251874063,4.374832982992149,3.1167496251874063,5.625790476190476,40.18954545454546,226.09796206060608,2.0,5438.12
2020-11-01,Bolsonaro,SE,ETANOL,3.198506557854853,4.449985822090213,3.198506557854853,5.417835,42.69238095238095,231.30027575714286,2.0,5486.52
2020-12-01,Bolsonaro,SE,ETANOL,3.23924496848953,4.446632798106556,3.23924496848953,5.145586363636364,49.99363636363637,257.2465735413224,2.0,5560.59
2021-01-01,Bolsonaro,SE,ETANOL,3.2461267137515577,4.44496838548635,3.2461267137515577,5.356245,54.774,293.38296363,2.0,5574.49
2021-02-01,Bolsonaro,SE,ETANOL,3.451285242076609,4.685599295745155,3.451285242076609,5.416494444444444,62.2765,337.3203162694444,2.0,5622.43
2021-03-01,Bolsonaro,SE,ETANOL,4.116780704076231,5.537600793303601,4.116780704076231,5.646147826086957,65.41,369.31452930434784,2.338709677419355,5674.72
2021-04-01,Bolsonaro,SE,ETANOL,3.8870747456877486,5.212459539453419,3.8870747456877486,5.562135,64.8065,360.46250187749996,2.75,5692.31
2021-05-01,Bolsonaro,SE,ETANOL,4.262790738866396,5.669225890423157,4.262790738866396,5.291057142857143,68.53421052631579,362.6184241353384,3.379032258064516,5739.56
2021-06-01,Bolsonaro,SE,ETANOL,4.372431464174454,5.784383139158258,4.372431464174454,5.031904761904762,73.1640909090909,368.15473744588746,3.85,5769.98
2021-07-01,Bolsonaro,SE,ETANOL,4.331327752808989,5.675522918299466,4.331327752808989,5.156704545454546,75.1659090909091,387.6083850723141,4.25,5825.37
2021-08-01,Bolsonaro,SE,ETANOL,4.486629762134983,5.828316113583379,4.486629762134983,5.251718181818182,70.74714285714286,371.5440564545455,5.120967741935484,5876.05
2021-09-01,Bolsonaro,SE,ETANOL,4.732390679176015,6.0770777788817565,4.732390679176015,5.279690476190477,74.48863636363636,393.2769439935065,5.516666666666667,5944.21
2021-10-01,Bolsonaro,SE,ETANOL,4.931225005493299,6.254234793774806,4.931225005493299,5.53998,83.53809523809524,462.7993768571429,6.443548387096774,6018.51
2021-11-01,Bolsonaro,SE,ETANOL,5.455731264193792,6.85434108023648,5.455731264193792,5.55686,81.05,450.383503,7.75,6075.69
2021-12-01,Bolsonaro,SE,ETANOL,5.230592228185251,6.523864797280819,5.230592228185251,5.651391304347826,74.1704761904762,419.16638418219463,8.862903225806452,6120.04
2022-01-01,Bolsonaro,SE,ETANOL,5.109105241350735,6.338112298281948,5.109105241350735,5.534104761904762,86.50523809523808,478.7290500725623,9.25,6153.09
2022-02-01,Bolsonaro,SE,ETANOL,4.798906299629433,5.8937636412303265,4.798906299629433,5.196578947368421,97.129,504.7385165789474,10.642857142857142,6215.24
2022-03-01,Bolsonaro,SE,ETANOL,4.875769897913091,5.892698788277757,4.875769897913091,4.968381818181818,117.24521739130434,582.5190063557312,11.233870967741936,6315.93
2022-04-01,Bolsonaro,SE,ETANOL,5.391941423881821,6.448175280597071,5.391941423881821,4.758015789473684,104.57526315789474,497.5707532936288,11.75,6382.88
2022-05-01,Bolsonaro,SE,ETANOL,5.35864260022809,6.3783746858414725,5.35864260022809,4.95505,113.33761904761906,561.5935692619048,12.620967741935484,6412.88
2022-06-01,Bolsonaro,SE,ETANOL,4.938841465578425,5.839558360292943,4.938841465578425,5.049209523809524,122.71095238095238,619.5933094376418,13.0,6455.85
2022-07-01,Bolsonaro,SE,ETANOL,4.364011188536658,5.195221597902927,4.364011188536658,5.368071428571429,111.92571428571428,600.8252289795918,13.25,6411.95
2022-08-01,Bolsonaro,SE,ETANOL,3.9731560599918927,4.747007535262403,3.9731560599918927,5.143286956521739,100.44636363636364,516.6244719209486,13.701612903225806,6388.87
2022-09-01,Bolsonaro,SE,ETANOL,3.5337462606837606,4.234294868003764,3.5337462606837606,5.236957142857143,89.7647619047619,470.0942110340136,13.75,6370.34
2022-10-01,Bolsonaro,SE,ETANOL,3.6388194444444446,4.334620657203913,3.6388194444444446,5.2503,93.33190476190477,490.0204995714286,13.75,6407.93
2022-11-01,Bolsonaro,SE,ETANOL,3.892304624021274,4.617645771846991,3.892304624021274,5.274649999999999,91.41545454545457,482.1845273181819,13.75,6434.2
2022-12-01,Bolsonaro,SE,ETANOL,3.894986417144582,4.59235617190069,3.894986417144582,5.242431818181818,80.924,424.23855245454547,13.75,6474.09
2023-01-01,Lula,SE,ETANOL,3.944860534124629,4.62664061442077,3.944860534124629,5.200681818181819,82.50142857142858,429.0636795454546,13.75,6508.4
2023-02-01,Lula,SE,ETANOL,3.8611810817873007,4.490776918261009,3.8611810817873007,5.171688888888889,82.58500000000001,427.10392688888896,13.75,6563.07
2023-03-01,Lula,SE,ETANOL,3.951832478632479,4.56380518707769,3.951832478632479,5.211460869565218,78.43434782608696,408.75753452551993,13.75,6609.67
2023-04-01,Lula,SE,ETANOL,4.012702896815897,4.606004540316904,4.012702896815897,5.019733333333333,84.63833333333334,424.86186311111106,13.75,6649.99
2023-05-01,Lula,SE,ETANOL,4.006410231088288,4.588231967486745,4.006410231088288,4.982836363636364,75.466,376.03472901818185,13.75,6665.28
2023-06-01,Lula,SE,ETANOL,3.787070330167345,4.3405098921678515,3.787070330167345,4.851566666666667,74.83909090909091,363.08683881818183,13.75,6659.95
2023-07-01,Lula,SE,ETANOL,3.8056023588879526,4.356523618079089,3.8056023588879526,4.800833333333333,80.10809523809523,384.5856138888889,13.75,6667.94
2023-08-01,Lula,SE,ETANOL,3.6317696194699383,4.147983147859512,3.6317696194699383,4.903543478260869,86.14772727272727,422.4291262351778,13.28225806451613,6683.28
2023-09-01,Lula,SE,ETANOL,3.648869462492617,4.156703943668611,3.648869462492617,4.93699,93.72238095238096,462.70645753809526,13.083333333333334,6700.66
2023-10-01,Lula,SE,ETANOL,3.6226457354264574,4.116950798606064,3.6226457354264574,5.064842857142857,90.59590909090907,458.85404304545443,12.75,6716.74
2023-11-01,Lula,SE,ETANOL,3.605540510543841,4.086068693914909,3.605540510543841,4.89834,82.94,406.2683196,12.266666666666667,6735.55
2023-12-01,Lula,SE,ETANOL,3.537150588235294,3.986240617107437,3.537150588235294,4.897245,77.63105263157895,380.1782843447369,11.959677419354838,6773.27
2024-01-01,Lula,SE,ETANOL,3.440165475374523,3.860725568178794,3.440165475374523,4.914395454545455,80.12409090909091,393.7614681632232,11.75,6801.72
2024-02-01,Lula,SE,ETANOL,3.576304150601043,3.9804717776742775,3.576304150601043,4.964389473684211,83.47809523809524,414.417777283208,11.25,6858.17
2024-03-01,Lula,SE,ETANOL,3.591968596203422,3.991521856826014,3.591968596203422,4.980135,85.4085,425.3458601475,11.07258064516129,6869.14
2024-04-01,Lula,SE,ETANOL,3.7843990596532473,4.189439154274102,3.7843990596532473,5.129095454545455,89.93809523809524,461.30107547619053,10.75,6895.24
2024-05-01,Lula,SE,ETANOL,3.852286130732145,4.245063644324282,3.852286130732145,5.133047619047619,81.74619047619048,419.6070883900227,10.564516129032258,6926.96
2024-06-01,Lula,SE,ETANOL,3.829774392371206,4.211410598714064,3.829774392371206,5.388975,82.24600000000001,443.2216378500001,10.5,6941.51
2024-07-01,Lula,SE,ETANOL,4.010933835845896,4.393924198544174,4.010933835845896,5.542047826086956,85.15304347826087,471.9222394933837,10.5,6967.89
2024-08-01,Lula,SE,ETANOL,4.084965525886925,4.475917806813443,4.084965525886925,5.5526136363636365,80.3552380952381,446.1815908008658,10.5,6966.5
2024-09-01,Lula,SE,ETANOL,4.045226681741097,4.412960371560791,4.045226681741097,5.541566666666666,74.01666666666667,410.16829277777776,10.6,6997.15
2024-10-01,Lula,SE,ETANOL,4.03311806609833,4.375252129403219,4.03311806609833,5.624108695652174,75.63260869565217,425.3660122400756,10.75,7036.33
2024-11-01,Lula,SE,ETANOL,4.061191150681236,4.388592228670317,4.061191150681236,5.807057894736842,74.3452380952381,431.72710181704264,11.15,7063.77
2024-12-01,Lula,SE,ETANOL,4.090254098360656,4.397134045662913,4.090254098360656,6.097028571428571,73.8595,450.32348177142853,11.89516129032258,7100.5
2025-01-01,Lula,SE,ETANOL,4.181825778678146,4.488395158028895,4.181825778678146,6.021772727272727,79.27045454545454,477.3486612603305,12.314516129032258,7111.86
2025-02-01,Lula,SE,ETANOL,4.344358541963938,4.602546825381073,4.344358541963938,5.765645,75.438,434.94872751,13.25,7205.03
2025-03-01,Lula,SE,ETANOL,4.332876066457118,4.564817797929503,4.332876066457118,5.74681052631579,72.73285714285714,417.981949037594,13.637096774193548,7245.38
2025-04-01,Lula,SE,ETANOL,4.279753144469261,4.489543120075901,4.279753144469261,5.783675000000001,68.1345,394.06780428750005,14.25,7276.54
2025-05-01,Lula,SE,ETANOL,4.248036404438349,4.4447147847361155,4.248036404438349,5.6673857142857145,64.453,365.2800114428572,14.637096774193548,7295.46
2025-06-01,Lula,SE,ETANOL,4.166890209071176,4.349372601089349,4.166890209071176,5.547055,71.4447619047619,396.3080237476191,14.85,7312.97
2025-07-01,Lula,SE,ETANOL,4.119043335022808,4.2882829953431605,4.119043335022808,5.528491304347826,71.04130434782608,392.7512333364839,15.0,7331.98
2025-08-01,Lula,SE,ETANOL,4.111634761470677,4.285286658397061,4.111634761470677,5.44692380952381,67.87,369.682718952381,15.0,7323.91
2025-09-01,Lula,SE,ETANOL,4.1997012078830265,4.356165767237792,4.1997012078830265,5.367409090909091,67.98545454545454,364.90574677685953,15.0,7359.06
2025-10-01,Lula,SE,ETANOL,4.220287789502535,4.373584972937248,4.220287789502535,5.385526086956522,64.54347826086956,347.6005859168242,15.0,7365.68
2025-11-01,Lula,SE,ETANOL,4.242769251480883,4.388981823064211,4.242769251480883,5.340852631578947,63.797,340.7303753368421,15.0,7378.94
2025-12-01,Lula,SE,ETANOL,4.362115815412187,4.49759948694145,4.362115815412187,5.45309090909091,62.54428571428572,341.0596758441559,15.0,7403.29
2026-01-01,Lula,SE,ETANOL,4.546329773378484,4.672117529476857,4.546329773378484,5.3380238095238095,66.60238095238095,355.5250952947846,15.0,7427.72
2026-02-01,Lula,SE,ETANOL,4.612460030943785,4.7071301269703,4.612460030943785,5.200616666666666,70.887,368.65611364999995,15.0,7479.71
2026-03-01,Lula,SE,ETANOL,4.66079470922606,4.714966079030319,4.66079470922606,5.231586363636364,103.13454545454546,539.5572816198347,14.89516129032258,7545.53
2026-04-01,Lula,SE,ETANOL,4.630304347826087,4.652943561352817,4.630304347826087,5.033075,117.2875,590.3167840625,14.741666666666667,7596.09
2026-05-01,Lula,SE,ETANOL,4.295607358870968,4.2917166495362835,4.295607358870968,4.983700000000001,107.13947368421051,533.950995,14.5,7640.15
2026-06-01,Lula,SE,ETANOL,4.124951949033582,4.114634677351148,4.124951949033582,5.127571428571429,85.3990909090909,437.88993857142856,14.391666666666667,7652.37
2026-07-01,Lula,SE,ETANOL,4.028832617028691,4.0159428443261795,4.028832617028691,5.113947826086957,83.75869565217391,428.3375995463138,14.25,7657.73
2026-08-01,Lula,SE,ETANOL,3.914872600740824,3.914872600740824,3.914872600740824,5.153161904761905,91.076,469.32937363809526,14.040322580645162,7633.23
2019-01-01,Bolsonaro,BR,GASOLINA,4.268,6.366830431528279,4.318862467335992,3.7416818181818186,59.40954545454545,222.29161605371903,6.5,5116.93
2019-02-01,Bolsonaro,BR,GASOLINA,4.19,6.223714605958827,4.242400515463918,3.723625,63.9605,238.16491681250002,6.5,5138.93
2019-03-01,Bolsonaro,BR,GASOLINA,4.305,6.346932990437414,4.345611510172481,3.846484210526316,66.13857142857144,254.40097070676697,6.5,5177.47
2019-04-01,Bolsonaro,BR,GASOLINA,4.437,6.504469291220632,4.468190109769885,3.896157142857143,71.23333333333333,277.5362604761905,6.5,5206.98
2019-05-01,Bolsonaro,BR,GASOLINA,4.552,6.664389922800287,4.5883567954335325,4.001518181818182,71.31772727272727,285.3791823677686,6.5,5213.75
2019-06-01,Bolsonaro,BR,GASOLINA,4.468,6.540756738718938,4.509840671400904,3.8588263157894738,64.2205,247.81575541315792,6.5,5214.27
2019-07-01,Bolsonaro,BR,GASOLINA,4.351,6.357396515816835,4.3937313858211615,3.779339130434783,63.9191304347826,241.57207083553877,6.5,5224.18
2019-08-01,Bolsonaro,BR,GASOLINA,4.316,6.299323447923776,4.362897445451911,4.019981818181818,59.041818181818186,237.34703560330578,6.0,5229.93
2019-09-01,Bolsonaro,BR,GASOLINA,4.326,6.316442924802595,4.3696677978281695,4.1215,62.82666666666668,258.94010666666674,5.8,5227.84
2019-10-01,Bolsonaro,BR,GASOLINA,4.38,6.3888974158572305,4.4183442267396975,4.086986956521739,59.71304347826087,244.04642982986766,5.483870967741935,5233.07
2019-11-01,Bolsonaro,BR,GASOLINA,4.413,6.404369018738497,4.446392898644286,4.155345,63.21190476190476,262.6672723928571,5.0,5259.76
2019-12-01,Bolsonaro,BR,GASOLINA,4.531,6.500853367792866,4.557500266890346,4.109590476190476,67.21714285714286,276.234930122449,4.67741935483871,5320.25
2020-01-01,Bolsonaro,BR,GASOLINA,4.579,6.555956981442091,4.616285505462379,4.149463636363636,63.64545454545455,264.09449925619833,4.5,5331.42
2020-02-01,Bolsonaro,BR,GASOLINA,4.55,6.4981891575845445,4.587726689625485,4.341011111111111,55.657,241.6076554111111,4.293103448275862,5344.75
2020-03-01,Bolsonaro,BR,GASOLINA,4.462,6.368053835755512,4.507152984072155,4.883854545454546,32.01136363636363,156.3388438016529,4.040322580645161,5348.49
2020-04-01,Bolsonaro,BR,GASOLINA,4.066,5.820937183860942,4.116297182718618,5.32558,18.3785,97.87617203,3.75,5331.91
2020-05-01,Bolsonaro,BR,GASOLINA,3.818,5.486745576233374,3.8490549531575295,5.643445,29.378947368421056,165.79847363157896,3.1451612903225805,5311.65
2020-06-01,Bolsonaro,BR,GASOLINA,3.964,5.681785933985045,3.9861558024974224,5.1966,40.26681818181818,209.25054736363637,2.675,5325.46
2020-07-01,Bolsonaro,BR,GASOLINA,4.144,5.9184836218784085,4.166270376725684,5.280191304347826,43.24217391304348,228.3269506767486,2.25,5344.63
2020-08-01,Bolsonaro,BR,GASOLINA,4.237,6.0368151157451475,4.262311762980347,5.461233333333333,44.736,244.3137344,2.040322580645161,5357.46
2020-10-01,Bolsonaro,BR,GASOLINA,4.358,6.117117007348127,4.390951063829787,5.625790476190476,40.18954545454546,226.09796206060608,2.0,5438.12
2020-11-01,Bolsonaro,BR,GASOLINA,4.406,6.129935073598563,4.403625727213963,5.417835,42.69238095238095,231.30027575714286,2.0,5486.52
2020-12-01,Bolsonaro,BR,GASOLINA,4.483,6.153981877822316,4.474170833333333,5.145586363636364,49.99363636363637,257.2465735413224,2.0,5560.59
2021-01-01,Bolsonaro,BR,GASOLINA,4.622,6.328971629691685,4.585724786006699,5.356245,54.774,293.38296363,2.0,5574.49
2021-02-01,Bolsonaro,BR,GASOLINA,4.951,6.721670475221567,4.912242029240796,5.416494444444444,62.2765,337.3203162694444,2.0,5622.43
2021-03-01,Bolsonaro,BR,GASOLINA,5.484,7.376687011870189,5.468485721703011,5.646147826086957,65.41,369.31452930434784,2.338709677419355,5674.72
2021-04-01,Bolsonaro,BR,GASOLINA,5.448,7.305617058803895,5.454334247997627,5.562135,64.8065,360.46250187749996,2.75,5692.31
2021-05-01,Bolsonaro,BR,GASOLINA,5.604,7.4529442884123505,5.584161053039101,5.291057142857143,68.53421052631579,362.6184241353384,3.379032258064516,5739.56
2021-06-01,Bolsonaro,BR,GASOLINA,5.687,7.523453982509472,5.668421089680417,5.031904761904762,73.1640909090909,368.15473744588746,3.85,5769.98
2021-07-01,Bolsonaro,BR,GASOLINA,5.807,7.609159007925677,5.800254449280952,5.156704545454546,75.1659090909091,387.6083850723141,4.25,5825.37
2021-08-01,Bolsonaro,BR,GASOLINA,5.933,7.7072103862288435,5.921449622595568,5.251718181818182,70.74714285714286,371.5440564545455,5.120967741935484,5876.05
2021-09-01,Bolsonaro,BR,GASOLINA,6.078,7.8050358146835315,6.083639479304384,5.279690476190477,74.48863636363636,393.2769439935065,5.516666666666667,5944.21
2021-10-01,Bolsonaro,BR,GASOLINA,6.341,8.042241589695788,6.337540822327969,5.53998,83.53809523809524,462.7993768571429,6.443548387096774,6018.51
2021-11-01,Bolsonaro,BR,GASOLINA,6.744,8.472865323938516,6.74103331629571,5.55686,81.05,450.383503,7.75,6075.69
2021-12-01,Bolsonaro,BR,GASOLINA,6.67,8.319168518506414,6.674896013529838,5.651391304347826,74.1704761904762,419.16638418219463,8.862903225806452,6120.04
2022-01-01,Bolsonaro,BR,GASOLINA,6.635,8.23106456268314,6.644752861445784,5.534104761904762,86.50523809523808,478.7290500725623,9.25,6153.09
2022-02-01,Bolsonaro,BR,GASOLINA,6.6,8.105771941228335,6.602282015395381,5.196578947368421,97.129,504.7385165789474,10.642857142857142,6215.24
2022-03-01,Bolsonaro,BR,GASOLINA,7.012,8.474477829868285,7.012607555362571,4.968381818181818,117.24521739130434,582.5190063557312,11.233870967741936,6315.93
2022-04-01,Bolsonaro,BR,GASOLINA,7.245,8.66423171828391,7.24298533288597,4.758015789473684,104.57526315789474,497.5707532936288,11.75,6382.88
2022-05-01,Bolsonaro,BR,GASOLINA,7.28,8.665360087823256,7.288010098512015,4.95505,113.33761904761906,561.5935692619048,12.620967741935484,6412.88
2022-06-01,Bolsonaro,BR,GASOLINA,7.25,8.57221241199842,7.257734748227968,5.049209523809524,122.71095238095238,619.5933094376418,13.0,6455.85
2022-07-01,Bolsonaro,BR,GASOLINA,6.05,7.202339615873486,6.059046858602911,5.368071428571429,111.92571428571428,600.8252289795918,13.25,6411.95
2022-08-01,Bolsonaro,BR,GASOLINA,5.39,6.439810122916884,5.423377611262488,5.143286956521739,100.44636363636364,516.6244719209486,13.701612903225806,6388.87
2022-09-01,Bolsonaro,BR,GASOLINA,5.0,5.991226527940423,5.034463633371729,5.236957142857143,89.7647619047619,470.0942110340136,13.75,6370.34
2022-10-01,Bolsonaro,BR,GASOLINA,4.89,5.82504719932958,4.863919086902475,5.2503,93.33190476190477,490.0204995714286,13.75,6407.93
2022-11-01,Bolsonaro,BR,GASOLINA,5.04,5.979217183177396,5.017331448132162,5.274649999999999,91.41545454545457,482.1845273181819,13.75,6434.2
2022-12-01,Bolsonaro,BR,GASOLINA,4.97,5.8598433293327705,4.963521157964699,5.242431818181818,80.924,424.23855245454547,13.75,6474.09
2023-01-01,Lula,BR,GASOLINA,5.05,5.922778486263905,5.044546582449808,5.200681818181819,82.50142857142858,429.0636795454546,13.75,6508.4
2023-02-01,Lula,BR,GASOLINA,5.09,5.919964391664267,5.101144694935365,5.171688888888889,82.58500000000001,427.10392688888896,13.75,6563.07
2023-03-01,Lula,BR,GASOLINA,5.52,6.37481592878313,5.514038461538462,5.211460869565218,78.43434782608696,408.75753452551993,13.75,6609.67
2023-04-01,Lula,BR,GASOLINA,5.51,6.324685796519994,5.506561666382882,5.019733333333333,84.63833333333334,424.86186311111106,13.75,6649.99
2023-05-01,Lula,BR,GASOLINA,5.39,6.172750387080513,5.402364118228372,4.982836363636364,75.466,376.03472901818185,13.75,6665.28
2023-06-01,Lula,BR,GASOLINA,5.38,6.1662290858039475,5.392588568982126,4.851566666666667,74.83909090909091,363.08683881818183,13.75,6659.95
2023-07-01,Lula,BR,GASOLINA,5.61,6.4221364169443635,5.609157438613384,4.800833333333333,80.10809523809523,384.5856138888889,13.75,6667.94
2023-08-01,Lula,BR,GASOLINA,5.71,6.521609643767731,5.713011584822476,4.903543478260869,86.14772727272727,422.4291262351778,13.28225806451613,6683.28
2023-09-01,Lula,BR,GASOLINA,5.83,6.641395161073685,5.83971080176972,4.93699,93.72238095238096,462.70645753809526,13.083333333333334,6700.66
2023-10-01,Lula,BR,GASOLINA,5.73,6.511850674583206,5.765321163875926,5.064842857142857,90.59590909090907,458.85404304545443,12.75,6716.74
2023-11-01,Lula,BR,GASOLINA,5.63,6.380337893713207,5.676473742232913,4.89834,82.94,406.2683196,12.266666666666667,6735.55
2023-12-01,Lula,BR,GASOLINA,5.6,6.310997199284835,5.63541547125704,4.897245,77.63105263157895,380.1782843447369,11.959677419354838,6773.27
2024-01-01,Lula,BR,GASOLINA,5.57,6.250932278894162,5.608682647899714,4.914395454545455,80.12409090909091,393.7614681632232,11.75,6801.72
2024-02-01,Lula,BR,GASOLINA,5.75,6.399822766131489,5.77419694711415,4.964389473684211,83.47809523809524,414.417777283208,11.25,6858.17
2024-03-01,Lula,BR,GASOLINA,5.74,6.378489912856631,5.765256660511739,4.980135,85.4085,425.3458601475,11.07258064516129,6869.14
2024-04-01,Lula,BR,GASOLINA,5.8,6.420767660008934,5.822026798433048,5.129095454545455,89.93809523809524,461.30107547619053,10.75,6895.24
2024-05-01,Lula,BR,GASOLINA,5.86,6.4574831960917916,5.871874622964006,5.133047619047619,81.74619047619048,419.6070883900227,10.564516129032258,6926.96
2024-06-01,Lula,BR,GASOLINA,5.85,6.432951259884376,5.863740931552939,5.388975,82.24600000000001,443.2216378500001,10.5,6941.51
2024-07-01,Lula,BR,GASOLINA,6.04,6.616738955408308,6.035163175840234,5.542047826086956,85.15304347826087,471.9222394933837,10.5,6967.89
2024-08-01,Lula,BR,GASOLINA,6.11,6.694758530108376,6.116750969384802,5.5526136363636365,80.3552380952381,446.1815908008658,10.5,6966.5
2024-09-01,Lula,BR,GASOLINA,6.08,6.632705944563143,6.095321478854878,5.541566666666666,74.01666666666667,410.16829277777776,10.6,6997.15
2024-10-01,Lula,BR,GASOLINA,6.09,6.606621733204667,6.103042873944189,5.624108695652174,75.63260869565217,425.3660122400756,10.75,7036.33
2024-11-01,Lula,BR,GASOLINA,6.1,6.5917637465546,6.105288770714815,5.807057894736842,74.3452380952381,431.72710181704264,11.15,7063.77
2024-12-01,Lula,BR,GASOLINA,6.14,6.600666460108443,6.143546776877248,6.097028571428571,73.8595,450.32348177142853,11.89516129032258,7100.5
2025-01-01,Lula,BR,GASOLINA,6.18,6.633055403227847,6.183838588208846,6.021772727272727,79.27045454545454,477.3486612603305,12.314516129032258,7111.86
2025-02-01,Lula,BR,GASOLINA,6.36,6.737979272813577,6.367177196591244,5.765645,75.438,434.94872751,13.25,7205.03
2025-03-01,Lula,BR,GASOLINA,6.34,6.679384407719125,6.3499516226567225,5.74681052631579,72.73285714285714,417.981949037594,13.637096774193548,7245.38
2025-04-01,Lula,BR,GASOLINA,6.32,6.629801196722618,6.316235226138573,5.783675000000001,68.1345,394.06780428750005,14.25,7276.54
2025-05-01,Lula,BR,GASOLINA,6.28,6.570755565790231,6.283601932581775,5.6673857142857145,64.453,365.2800114428572,14.637096774193548,7295.46
2025-06-01,Lula,BR,GASOLINA,6.23,6.50283303500493,6.22632360631733,5.547055,71.4447619047619,396.3080237476191,14.85,7312.97
2025-07-01,Lula,BR,GASOLINA,6.21,6.465151064241855,6.211219243268338,5.528491304347826,71.04130434782608,392.7512333364839,15.0,7331.98
2025-08-01,Lula,BR,GASOLINA,6.19,6.451430137726979,6.182066451703351,5.44692380952381,67.87,369.682718952381,15.0,7323.91
2025-09-01,Lula,BR,GASOLINA,6.19,6.420615363918761,6.191606150967666,5.367409090909091,67.98545454545454,364.90574677685953,15.0,7359.06
2025-10-01,Lula,BR,GASOLINA,6.2,6.42520799165861,6.215173575597136,5.385526086956522,64.54347826086956,347.6005859168242,15.0,7365.68
2025-11-01,Lula,BR,GASOLINA,6.17,6.382628006190592,6.18778846739329,5.340852631578947,63.797,340.7303753368421,15.0,7378.94
2025-12-01,Lula,BR,GASOLINA,6.19,6.38225622662357,6.203291558050932,5.45309090909091,62.54428571428572,341.0596758441559,15.0,7403.29
2026-01-01,Lula,BR,GASOLINA,6.32,6.494861626447954,6.325559491318739,5.3380238095238095,66.60238095238095,355.5250952947846,15.0,7427.72
2026-02-01,Lula,BR,GASOLINA,6.3,6.42930661750255,6.311746226746227,5.200616666666666,70.887,368.65611364999995,15.0,7479.71
2026-03-01,Lula,BR,GASOLINA,6.59,6.666594089480792,6.602841908693303,5.231586363636364,103.13454545454546,539.5572816198347,14.89516129032258,7545.53
2026-04-01,Lula,BR,GASOLINA,6.74,6.772954269894116,6.762000434640878,5.033075,117.2875,590.3167840625,14.741666666666667,7596.09
2026-05-01,Lula,BR,GASOLINA,6.64,6.6339858772406295,6.67787346120813,4.983700000000001,107.13947368421051,533.950995,14.5,7640.15
2026-06-01,Lula,BR,GASOLINA,6.62,6.603442149294924,6.656689063266308,5.127571428571429,85.3990909090909,437.88993857142856,14.391666666666667,7652.37
2026-07-01,Lula,BR,GASOLINA,6.57,6.548980063282461,6.617934943844035,5.113947826086957,83.75869565217391,428.3375995463138,14.25,7657.73
2026-08-01,Lula,BR,GASOLINA,6.53,6.53,6.568286623238903,5.153161904761905,91.076,469.32937363809526,14.040322580645162,7633.23
2019-01-01,Bolsonaro,CO,GASOLINA,4.366773599386033,6.514176907255218,4.366773599386033,3.7416818181818186,59.40954545454545,222.29161605371903,6.5,5116.93
2019-02-01,Bolsonaro,CO,GASOLINA,4.281042644944897,6.35894693032844,4.281042644944897,3.723625,63.9605,238.16491681250002,6.5,5138.93
2019-03-01,Bolsonaro,CO,GASOLINA,4.335793849111004,6.392332873555924,4.335793849111004,3.846484210526316,66.13857142857144,254.40097070676697,6.5,5177.47
2019-04-01,Bolsonaro,CO,GASOLINA,4.451565723148507,6.525822074390314,4.451565723148507,3.896157142857143,71.23333333333333,277.5362604761905,6.5,5206.98
2019-05-01,Bolsonaro,CO,GASOLINA,4.607699061032863,6.745936553085185,4.607699061032863,4.001518181818182,71.31772727272727,285.3791823677686,6.5,5213.75
2019-06-01,Bolsonaro,CO,GASOLINA,4.5118322115384615,6.6049232187979765,4.5118322115384615,3.8588263157894738,64.2205,247.81575541315792,6.5,5214.27
2019-07-01,Bolsonaro,CO,GASOLINA,4.393473748473748,6.419456378046366,4.393473748473748,3.779339130434783,63.9191304347826,241.57207083553877,6.5,5224.18
2019-08-01,Bolsonaro,CO,GASOLINA,4.37358785942492,6.383374549219221,4.37358785942492,4.019981818181818,59.041818181818186,237.34703560330578,6.0,5229.93
2019-09-01,Bolsonaro,CO,GASOLINA,4.422454946996466,6.457277914982447,4.422454946996466,4.1215,62.82666666666668,258.94010666666674,5.8,5227.84
2019-10-01,Bolsonaro,CO,GASOLINA,4.466575693860387,6.515181257587978,4.466575693860387,4.086986956521739,59.71304347826087,244.04642982986766,5.483870967741935,5233.07
2019-11-01,Bolsonaro,CO,GASOLINA,4.497507982583454,6.52701128148347,4.497507982583454,4.155345,63.21190476190476,262.6672723928571,5.0,5259.76
2019-12-01,Bolsonaro,CO,GASOLINA,4.631796888888888,6.645471728992684,4.631796888888888,4.109590476190476,67.21714285714286,276.234930122449,4.67741935483871,5320.25
2020-01-01,Bolsonaro,CO,GASOLINA,4.697895815899582,6.7261853837812735,4.697895815899582,4.149463636363636,63.64545454545455,264.09449925619833,4.5,5331.42
2020-02-01,Bolsonaro,CO,GASOLINA,4.670889318511358,6.6708400716105425,4.670889318511358,4.341011111111111,55.657,241.6076554111111,4.293103448275862,5344.75
2020-03-01,Bolsonaro,CO,GASOLINA,4.585394307241524,6.544159078144526,4.585394307241524,4.883854545454546,32.01136363636363,156.3388438016529,4.040322580645161,5348.49
2020-04-01,Bolsonaro,CO,GASOLINA,4.089910267857142,5.855167426666087,4.089910267857142,5.32558,18.3785,97.87617203,3.75,5331.91
2020-05-01,Bolsonaro,CO,GASOLINA,3.813407587548638,5.4801459432575355,3.813407587548638,5.643445,29.378947368421056,165.79847363157896,3.1451612903225805,5311.65
2020-06-01,Bolsonaro,CO,GASOLINA,3.969393295175797,5.689516395303832,3.969393295175797,5.1966,40.26681818181818,209.25054736363637,2.675,5325.46
2020-07-01,Bolsonaro,CO,GASOLINA,4.162105747126437,5.944342349636537,4.162105747126437,5.280191304347826,43.24217391304348,228.3269506767486,2.25,5344.63
2020-08-01,Bolsonaro,CO,GASOLINA,4.342461133069828,6.187074582877447,4.342461133069828,5.461233333333333,44.736,244.3137344,2.040322580645161,5357.46
2020-10-01,Bolsonaro,CO,GASOLINA,4.57364858490566,6.419812653593417,4.57364858490566,5.625790476190476,40.18954545454546,226.09796206060608,2.0,5438.12
2020-11-01,Bolsonaro,CO,GASOLINA,4.564748922413792,6.350797667198265,4.564748922413792,5.417835,42.69238095238095,231.30027575714286,2.0,5486.52
2020-12-01,Bolsonaro,CO,GASOLINA,4.638960882647944,6.368075218323013,4.638960882647944,5.145586363636364,49.99363636363637,257.2465735413224,2.0,5560.59
2021-01-01,Bolsonaro,CO,GASOLINA,4.701492600422833,6.43782200027726,4.701492600422833,5.356245,54.774,293.38296363,2.0,5574.49
2021-02-01,Bolsonaro,CO,GASOLINA,5.007823529411764,6.798816312415052,5.007823529411764,5.416494444444444,62.2765,337.3203162694444,2.0,5622.43
2021-03-01,Bolsonaro,CO,GASOLINA,5.61295037593985,7.550141892134826,5.61295037593985,5.646147826086957,65.41,369.31452930434784,2.338709677419355,5674.72
2021-04-01,Bolsonaro,CO,GASOLINA,5.556448247758761,7.451043154402976,5.556448247758761,5.562135,64.8065,360.46250187749996,2.75,5692.31
2021-05-01,Bolsonaro,CO,GASOLINA,5.744932926829268,7.640375632463283,5.744932926829268,5.291057142857143,68.53421052631579,362.6184241353384,3.379032258064516,5739.56
2021-06-01,Bolsonaro,CO,GASOLINA,5.8091114754098365,7.6849978661005105,5.8091114754098365,5.031904761904762,73.1640909090909,368.15473744588746,3.85,5769.98
2021-07-01,Bolsonaro,CO,GASOLINA,6.005650211565586,7.869458826551579,6.005650211565586,5.156704545454546,75.1659090909091,387.6083850723141,4.25,5825.37
2021-08-01,Bolsonaro,CO,GASOLINA,6.1177155067155065,7.947163406935952,6.1177155067155065,5.251718181818182,70.74714285714286,371.5440564545455,5.120967741935484,5876.05
2021-09-01,Bolsonaro,CO,GASOLINA,6.238925487876996,8.011687541629135,6.238925487876996,5.279690476190477,74.48863636363636,393.2769439935065,5.516666666666667,5944.21
2021-10-01,Bolsonaro,CO,GASOLINA,6.506359109548916,8.251965278080798,6.506359109548916,5.53998,83.53809523809524,462.7993768571429,6.443548387096774,6018.51
2021-11-01,Bolsonaro,CO,GASOLINA,6.931497645211931,8.708429128273673,6.931497645211931,5.55686,81.05,450.383503,7.75,6075.69
2021-12-01,Bolsonaro,CO,GASOLINA,6.741402735562311,8.408225698390256,6.741402735562311,5.651391304347826,74.1704761904762,419.16638418219463,8.862903225806452,6120.04
2022-01-01,Bolsonaro,CO,GASOLINA,6.777627507163324,8.408001445859608,6.777627507163324,5.534104761904762,86.50523809523808,478.7290500725623,9.25,6153.09
2022-02-01,Bolsonaro,CO,GASOLINA,6.655891741071429,8.174415230095486,6.655891741071429,5.196578947368421,97.129,504.7385165789474,10.642857142857142,6215.24
2022-03-01,Bolsonaro,CO,GASOLINA,7.038936596736597,8.507032534924814,7.038936596736597,4.968381818181818,117.24521739130434,582.5190063557312,11.233870967741936,6315.93
2022-04-01,Bolsonaro,CO,GASOLINA,7.322891056910569,8.757380947525483,7.322891056910569,4.758015789473684,104.57526315789474,497.5707532936288,11.75,6382.88
2022-05-01,Bolsonaro,CO,GASOLINA,7.359574458275703,8.760077304135402,7.359574458275703,4.95505,113.33761904761906,561.5935692619048,12.620967741935484,6412.88
2022-06-01,Bolsonaro,CO,GASOLINA,7.26023703366697,8.584316415731115,7.26023703366697,5.049209523809524,122.71095238095238,619.5933094376418,13.0,6455.85
2022-07-01,Bolsonaro,CO,GASOLINA,5.894329025844931,7.017018091212549,5.894329025844931,5.368071428571429,111.92571428571428,600.8252289795918,13.25,6411.95
2022-08-01,Bolsonaro,CO,GASOLINA,5.321278444352504,6.357703672133704,5.321278444352504,5.143286956521739,100.44636363636364,516.6244719209486,13.701612903225806,6388.87
2022-09-01,Bolsonaro,CO,GASOLINA,4.938061749571183,5.917009310127754,4.938061749571183,5.236957142857143,89.7647619047619,470.0942110340136,13.75,6370.34
2022-10-01,Bolsonaro,CO,GASOLINA,4.837731829573936,5.762784508173257,4.837731829573936,5.2503,93.33190476190477,490.0204995714286,13.75,6407.93
2022-11-01,Bolsonaro,CO,GASOLINA,5.055811209439528,5.997974852853516,5.055811209439528,5.274649999999999,91.41545454545457,482.1845273181819,13.75,6434.2
2022-12-01,Bolsonaro,CO,GASOLINA,4.970302144249512,5.860199570372006,4.970302144249512,5.242431818181818,80.924,424.23855245454547,13.75,6474.09
2023-01-01,Lula,CO,GASOLINA,4.949027882441597,5.804355617830753,4.949027882441597,5.200681818181819,82.50142857142858,429.0636795454546,13.75,6508.4
2023-02-01,Lula,CO,GASOLINA,5.000073461891644,5.815374626739491,5.000073461891644,5.171688888888889,82.58500000000001,427.10392688888896,13.75,6563.07
2023-03-01,Lula,CO,GASOLINA,5.463852961198094,6.3099740741982755,5.463852961198094,5.211460869565218,78.43434782608696,408.75753452551993,13.75,6609.67
2023-04-01,Lula,CO,GASOLINA,5.496156202143951,6.308795112006375,5.496156202143951,5.019733333333333,84.63833333333334,424.86186311111106,13.75,6649.99
2023-05-01,Lula,CO,GASOLINA,5.380091848450058,6.16140334694783,5.380091848450058,4.982836363636364,75.466,376.03472901818185,13.75,6665.28
2023-06-01,Lula,CO,GASOLINA,5.383645621181262,6.170407475276758,5.383645621181262,4.851566666666667,74.83909090909091,363.08683881818183,13.75,6659.95
2023-07-01,Lula,CO,GASOLINA,5.555663449939687,6.359933790043569,5.555663449939687,4.800833333333333,80.10809523809523,384.5856138888889,13.75,6667.94
2023-08-01,Lula,CO,GASOLINA,5.640979413599501,6.442778589146365,5.640979413599501,4.903543478260869,86.14772727272727,422.4291262351778,13.28225806451613,6683.28
2023-09-01,Lula,CO,GASOLINA,5.782259059367772,6.587009834812967,5.782259059367772,4.93699,93.72238095238096,462.70645753809526,13.083333333333334,6700.66
2023-10-01,Lula,CO,GASOLINA,5.709250493096647,6.488269925800331,5.709250493096647,5.064842857142857,90.59590909090907,458.85404304545443,12.75,6716.74
2023-11-01,Lula,CO,GASOLINA,5.606367187499999,6.353555419622839,5.606367187499999,4.89834,82.94,406.2683196,12.266666666666667,6735.55
2023-12-01,Lula,CO,GASOLINA,5.553575380359613,6.2586783341904875,5.553575380359613,4.897245,77.63105263157895,380.1782843447369,11.959677419354838,6773.27
2024-01-01,Lula,CO,GASOLINA,5.593327370304115,6.277111419291955,5.593327370304115,4.914395454545455,80.12409090909091,393.7614681632232,11.75,6801.72
2024-02-01,Lula,CO,GASOLINA,5.843471234647706,6.503857433170934,5.843471234647706,4.964389473684211,83.47809523809524,414.417777283208,11.25,6858.17
2024-03-01,Lula,CO,GASOLINA,5.80833000665336,6.4544206198573075,5.80833000665336,4.980135,85.4085,425.3458601475,11.07258064516129,6869.14
2024-04-01,Lula,CO,GASOLINA,5.870548476454294,6.498866862781457,5.870548476454294,5.129095454545455,89.93809523809524,461.30107547619053,10.75,6895.24
2024-05-01,Lula,CO,GASOLINA,5.804335154826958,6.39614278613992,5.804335154826958,5.133047619047619,81.74619047619048,419.6070883900227,10.564516129032258,6926.96
2024-06-01,Lula,CO,GASOLINA,5.851817597944766,6.4349499810790345,5.851817597944766,5.388975,82.24600000000001,443.2216378500001,10.5,6941.51
2024-07-01,Lula,CO,GASOLINA,6.028004736530491,6.60359830522965,6.028004736530491,5.542047826086956,85.15304347826087,471.9222394933837,10.5,6967.89
2024-08-01,Lula,CO,GASOLINA,6.017292110874201,6.59317801758247,6.017292110874201,5.5526136363636365,80.3552380952381,446.1815908008658,10.5,6966.5
2024-09-01,Lula,CO,GASOLINA,6.107160570365778,6.6623355624122915,6.107160570365778,5.541566666666666,74.01666666666667,410.16829277777776,10.6,6997.15
2024-10-01,Lula,CO,GASOLINA,6.132463584547182,6.65268755266923,6.132463584547182,5.624108695652174,75.63260869565217,425.3660122400756,10.75,7036.33
2024-11-01,Lula,CO,GASOLINA,6.06560272934041,6.554593470863729,6.06560272934041,5.807057894736842,74.3452380952381,431.72710181704264,11.15,7063.77
2024-12-01,Lula,CO,GASOLINA,6.144379288833438,6.605374314330267,6.144379288833438,6.097028571428571,73.8595,450.32348177142853,11.89516129032258,7100.5
2025-01-01,Lula,CO,GASOLINA,6.2344990176817285,6.6915497403968445,6.2344990176817285,6.021772727272727,79.27045454545454,477.3486612603305,12.314516129032258,7111.86
2025-02-01,Lula,CO,GASOLINA,6.392445095168375,6.772352602805554,6.392445095168375,5.765645,75.438,434.94872751,13.25,7205.03
2025-03-01,Lula,CO,GASOLINA,6.357899543378996,6.698242125534733,6.357899543378996,5.74681052631579,72.73285714285714,417.981949037594,13.637096774193548,7245.38
2025-04-01,Lula,CO,GASOLINA,6.307939032471836,6.6171490104960595,6.307939032471836,5.783675000000001,68.1345,394.06780428750005,14.25,7276.54
2025-05-01,Lula,CO,GASOLINA,6.321004098360656,6.613658098835372,6.321004098360656,5.6673857142857145,64.453,365.2800114428572,14.637096774193548,7295.46
2025-06-01,Lula,CO,GASOLINA,6.252691342534505,6.5265181091368705,6.252691342534505,5.547055,71.4447619047619,396.3080237476191,14.85,7312.97
2025-07-01,Lula,CO,GASOLINA,6.203321428571428,6.458198089494826,6.203321428571428,5.528491304347826,71.04130434782608,392.7512333364839,15.0,7331.98
2025-08-01,Lula,CO,GASOLINA,6.23200164068909,6.495205687092984,6.23200164068909,5.44692380952381,67.87,369.682718952381,15.0,7323.91
2025-09-01,Lula,CO,GASOLINA,6.260209580838323,6.493440681111787,6.260209580838323,5.367409090909091,67.98545454545454,364.90574677685953,15.0,7359.06
2025-10-01,Lula,CO,GASOLINA,6.323544827586207,6.553240445454574,6.323544827586207,5.385526086956522,64.54347826086956,347.6005859168242,15.0,7365.68
2025-11-01,Lula,CO,GASOLINA,6.312753737214791,6.530301264073168,6.312753737214791,5.340852631578947,63.797,340.7303753368421,15.0,7378.94
2025-12-01,Lula,CO,GASOLINA,6.31952496954933,6.515804133474852,6.31952496954933,5.45309090909091,62.54428571428572,341.0596758441559,15.0,7403.29
2026-01-01,Lula,CO,GASOLINA,6.392898761835397,6.569777349685341,6.392898761835397,5.3380238095238095,66.60238095238095,355.5250952947846,15.0,7427.72
2026-02-01,Lula,CO,GASOLINA,6.3478776713338245,6.478166971333847,6.3478776713338245,5.200616666666666,70.887,368.65611364999995,15.0,7479.71
2026-03-01,Lula,CO,GASOLINA,6.450252525252526,6.525222361230203,6.450252525252526,5.231586363636364,103.13454545454546,539.5572816198347,14.89516129032258,7545.53
2026-04-01,Lula,CO,GASOLINA,6.606274509803922,6.638574947962779,6.606274509803922,5.033075,117.2875,590.3167840625,14.741666666666667,7596.09
2026-05-01,Lula,CO,GASOLINA,6.709203539823009,6.703126736554019,6.709203539823009,4.983700000000001,107.13947368421051,533.950995,14.5,7640.15
2026-06-01,Lula,CO,GASOLINA,6.709158476658477,6.692377624028083,6.709158476658477,5.127571428571429,85.3990909090909,437.88993857142856,14.391666666666667,7652.37
2026-07-01,Lula,CO,GASOLINA,6.633871811641596,6.612647524628967,6.633871811641596,5.113947826086957,83.75869565217391,428.3375995463138,14.25,7657.73
2026-08-01,Lula,CO,GASOLINA,6.624588452088452,6.624588452088452,6.624588452088452,5.153161904761905,91.076,469.32937363809526,14.040322580645162,7633.23
2019-01-01,Bolsonaro,N,GASOLINA,4.391920472036942,6.551689998644997,4.391920472036942,3.7416818181818186,59.40954545454545,222.29161605371903,6.5,5116.93
2019-02-01,Bolsonaro,N,GASOLINA,4.2975363344051445,6.3834462181565765,4.2975363344051445,3.723625,63.9605,238.16491681250002,6.5,5138.93
2019-03-01,Bolsonaro,N,GASOLINA,4.422094655505473,6.519567585566704,4.422094655505473,3.846484210526316,66.13857142857144,254.40097070676697,6.5,5177.47
2019-04-01,Bolsonaro,N,GASOLINA,4.565967002237136,6.6935298965017305,4.565967002237136,3.896157142857143,71.23333333333333,277.5362604761905,6.5,5206.98
2019-05-01,Bolsonaro,N,GASOLINA,4.670201807228915,6.837444169934111,4.670201807228915,4.001518181818182,71.31772727272727,285.3791823677686,6.5,5213.75
2019-06-01,Bolsonaro,N,GASOLINA,4.681341161121983,6.853069325391886,4.681341161121983,3.8588263157894738,64.2205,247.81575541315792,6.5,5214.27
2019-07-01,Bolsonaro,N,GASOLINA,4.570920844327177,6.678730464215156,4.570920844327177,3.779339130434783,63.9191304347826,241.57207083553877,6.5,5224.18
2019-08-01,Bolsonaro,N,GASOLINA,4.47335728030789,6.528990826409644,4.47335728030789,4.019981818181818,59.041818181818186,237.34703560330578,6.0,5229.93
2019-09-01,Bolsonaro,N,GASOLINA,4.50495067527892,6.577730887528943,4.50495067527892,4.1215,62.82666666666668,258.94010666666674,5.8,5227.84
2019-10-01,Bolsonaro,N,GASOLINA,4.569895238095239,6.665888556485146,4.569895238095239,4.086986956521739,59.71304347826087,244.04642982986766,5.483870967741935,5233.07
2019-11-01,Bolsonaro,N,GASOLINA,4.58304177377892,6.651142249620222,4.58304177377892,4.155345,63.21190476190476,262.6672723928571,5.0,5259.76
2019-12-01,Bolsonaro,N,GASOLINA,4.580911525029104,6.5724639406414935,4.580911525029104,4.109590476190476,67.21714285714286,276.234930122449,4.67741935483871,5320.25
2020-01-01,Bolsonaro,N,GASOLINA,4.6561924614506,6.666476845290478,4.6561924614506,4.149463636363636,63.64545454545455,264.09449925619833,4.5,5331.42
2020-02-01,Bolsonaro,N,GASOLINA,4.675171428571429,6.676955667470748,4.675171428571429,4.341011111111111,55.657,241.6076554111111,4.293103448275862,5344.75
2020-03-01,Bolsonaro,N,GASOLINA,4.5895082152974505,6.550030343939122,4.5895082152974505,4.883854545454546,32.01136363636363,156.3388438016529,4.040322580645161,5348.49
2020-04-01,Bolsonaro,N,GASOLINA,4.283626293365794,6.132493746388926,4.283626293365794,5.32558,18.3785,97.87617203,3.75,5331.91
2020-05-01,Bolsonaro,N,GASOLINA,4.0712879091516365,5.850738848902609,4.0712879091516365,5.643445,29.378947368421056,165.79847363157896,3.1451612903225805,5311.65
2020-06-01,Bolsonaro,N,GASOLINA,4.139387078651685,5.93317640736695,4.139387078651685,5.1966,40.26681818181818,209.25054736363637,2.675,5325.46
2020-07-01,Bolsonaro,N,GASOLINA,4.289354920634921,6.12608032002928,4.289354920634921,5.280191304347826,43.24217391304348,228.3269506767486,2.25,5344.63
2020-08-01,Bolsonaro,N,GASOLINA,4.338585496866607,6.181552633570216,4.338585496866607,5.461233333333333,44.736,244.3137344,2.040322580645161,5357.46
2020-10-01,Bolsonaro,N,GASOLINA,4.341021148036254,6.093284601631589,4.341021148036254,5.625790476190476,40.18954545454546,226.09796206060608,2.0,5438.12
2020-11-01,Bolsonaro,N,GASOLINA,4.302492307692308,5.9859279393579445,4.302492307692308,5.417835,42.69238095238095,231.30027575714286,2.0,5486.52
2020-12-01,Bolsonaro,N,GASOLINA,4.446944584382871,6.10448725941831,4.446944584382871,5.145586363636364,49.99363636363637,257.2465735413224,2.0,5560.59
2021-01-01,Bolsonaro,N,GASOLINA,4.620083660130719,6.326347557717317,4.620083660130719,5.356245,54.774,293.38296363,2.0,5574.49
2021-02-01,Bolsonaro,N,GASOLINA,5.045808284023668,6.850385895041464,5.045808284023668,5.416494444444444,62.2765,337.3203162694444,2.0,5622.43
2021-03-01,Bolsonaro,N,GASOLINA,5.551380811078141,7.467322889683719,5.551380811078141,5.646147826086957,65.41,369.31452930434784,2.338709677419355,5674.72
2021-04-01,Bolsonaro,N,GASOLINA,5.611984478935699,7.525515701735559,5.611984478935699,5.562135,64.8065,360.46250187749996,2.75,5692.31
2021-05-01,Bolsonaro,N,GASOLINA,5.619990990990991,7.474211234338896,5.619990990990991,5.291057142857143,68.53421052631579,362.6184241353384,3.379032258064516,5739.56
2021-06-01,Bolsonaro,N,GASOLINA,5.741946859903381,7.596144359152074,5.741946859903381,5.031904761904762,73.1640909090909,368.15473744588746,3.85,5769.98
2021-07-01,Bolsonaro,N,GASOLINA,5.910432246998285,7.74469067900489,5.910432246998285,5.156704545454546,75.1659090909091,387.6083850723141,4.25,5825.37
2021-08-01,Bolsonaro,N,GASOLINA,6.02588315629742,7.827869416554344,6.02588315629742,5.251718181818182,70.74714285714286,371.5440564545455,5.120967741935484,5876.05
2021-09-01,Bolsonaro,N,GASOLINA,6.147438985736926,7.894205569637794,6.147438985736926,5.279690476190477,74.48863636363636,393.2769439935065,5.516666666666667,5944.21
2021-10-01,Bolsonaro,N,GASOLINA,6.3714923208191125,8.080914765954708,6.3714923208191125,5.53998,83.53809523809524,462.7993768571429,6.443548387096774,6018.51
2021-11-01,Bolsonaro,N,GASOLINA,6.775197996918336,8.512061116682542,6.775197996918336,5.55686,81.05,450.383503,7.75,6075.69
2021-12-01,Bolsonaro,N,GASOLINA,6.764363356428021,8.436863370694809,6.764363356428021,5.651391304347826,74.1704761904762,419.16638418219463,8.862903225806452,6120.04
2022-01-01,Bolsonaro,N,GASOLINA,6.786472740315639,8.418974420260316,6.786472740315639,5.534104761904762,86.50523809523808,478.7290500725623,9.25,6153.09
2022-02-01,Bolsonaro,N,GASOLINA,6.80948359486448,8.363048645076843,6.80948359486448,5.196578947368421,97.129,504.7385165789474,10.642857142857142,6215.24
2022-03-01,Bolsonaro,N,GASOLINA,7.182703042328042,8.6807840403218,7.182703042328042,4.968381818181818,117.24521739130434,582.5190063557312,11.233870967741936,6315.93
2022-04-01,Bolsonaro,N,GASOLINA,7.388055476529161,8.835310503269163,7.388055476529161,4.758015789473684,104.57526315789474,497.5707532936288,11.75,6382.88
2022-05-01,Bolsonaro,N,GASOLINA,7.381697935103245,8.786410805935576,7.381697935103245,4.95505,113.33761904761906,561.5935692619048,12.620967741935484,6412.88
2022-06-01,Bolsonaro,N,GASOLINA,7.410431127012522,8.761902025549817,7.410431127012522,5.049209523809524,122.71095238095238,619.5933094376418,13.0,6455.85
2022-07-01,Bolsonaro,N,GASOLINA,6.322346405228759,7.526559666058581,6.322346405228759,5.368071428571429,111.92571428571428,600.8252289795918,13.25,6411.95
2022-08-01,Bolsonaro,N,GASOLINA,5.686266666666667,6.79378063851667,5.686266666666667,5.143286956521739,100.44636363636364,516.6244719209486,13.701612903225806,6388.87
2022-09-01,Bolsonaro,N,GASOLINA,5.313429561200924,6.366792028281964,5.313429561200924,5.236957142857143,89.7647619047619,470.0942110340136,13.75,6370.34
2022-10-01,Bolsonaro,N,GASOLINA,4.965194109772423,5.914619640747971,4.965194109772423,5.2503,93.33190476190477,490.0204995714286,13.75,6407.93
2022-11-01,Bolsonaro,N,GASOLINA,5.062877005347594,6.006357378311121,5.062877005347594,5.274649999999999,91.41545454545457,482.1845273181819,13.75,6434.2
2022-12-01,Bolsonaro,N,GASOLINA,4.997181818181819,5.89189185970538,4.997181818181819,5.242431818181818,80.924,424.23855245454547,13.75,6474.09
2023-01-01,Lula,N,GASOLINA,5.158799699924981,6.0503817579525485,5.158799699924981,5.200681818181819,82.50142857142858,429.0636795454546,13.75,6508.4
2023-02-01,Lula,N,GASOLINA,5.284006436041834,6.145605097582018,5.284006436041834,5.171688888888889,82.58500000000001,427.10392688888896,13.75,6563.07
2023-03-01,Lula,N,GASOLINA,5.824652677279305,6.726646497599533,5.824652677279305,5.211460869565218,78.43434782608696,408.75753452551993,13.75,6609.67
2023-04-01,Lula,N,GASOLINA,5.899226430298146,6.771461635964071,5.899226430298146,5.019733333333333,84.63833333333334,424.86186311111106,13.75,6649.99
2023-05-01,Lula,N,GASOLINA,5.823767857142857,6.669511186353548,5.823767857142857,4.982836363636364,75.466,376.03472901818185,13.75,6665.28
2023-06-01,Lula,N,GASOLINA,5.722750565184627,6.5590689564762865,5.722750565184627,4.851566666666667,74.83909090909091,363.08683881818183,13.75,6659.95
2023-07-01,Lula,N,GASOLINA,5.989887566137567,6.857018729392924,5.989887566137567,4.800833333333333,80.10809523809523,384.5856138888889,13.75,6667.94
2023-08-01,Lula,N,GASOLINA,6.163619105939988,7.039705394362394,6.163619105939988,4.903543478260869,86.14772727272727,422.4291262351778,13.28225806451613,6683.28
2023-09-01,Lula,N,GASOLINA,6.336189090909091,7.2180335451134665,6.336189090909091,4.93699,93.72238095238096,462.70645753809526,13.083333333333334,6700.66
2023-10-01,Lula,N,GASOLINA,6.2669774527727,7.122097967440776,6.2669774527727,5.064842857142857,90.59590909090907,458.85404304545443,12.75,6716.74
2023-11-01,Lula,N,GASOLINA,6.220625449317038,7.049678912411056,6.220625449317038,4.89834,82.94,406.2683196,12.266666666666667,6735.55
2023-12-01,Lula,N,GASOLINA,6.124026893135174,6.901556530521623,6.124026893135174,4.897245,77.63105263157895,380.1782843447369,11.959677419354838,6773.27
2024-01-01,Lula,N,GASOLINA,5.990083148558759,6.722370575688675,5.990083148558759,4.914395454545455,80.12409090909091,393.7614681632232,11.75,6801.72
2024-02-01,Lula,N,GASOLINA,6.125977763243951,6.818290774612852,6.125977763243951,4.964389473684211,83.47809523809524,414.417777283208,11.25,6858.17
2024-03-01,Lula,N,GASOLINA,6.1370375620127575,6.819692018139482,6.1370375620127575,4.980135,85.4085,425.3458601475,11.07258064516129,6869.14
2024-04-01,Lula,N,GASOLINA,6.1846768707483,6.846616075742403,6.1846768707483,5.129095454545455,89.93809523809524,461.30107547619053,10.75,6895.24
2024-05-01,Lula,N,GASOLINA,6.2286019417475735,6.863667640610863,6.2286019417475735,5.133047619047619,81.74619047619048,419.6070883900227,10.564516129032258,6926.96
2024-06-01,Lula,N,GASOLINA,6.2443763518385005,6.8666271315814855,6.2443763518385005,5.388975,82.24600000000001,443.2216378500001,10.5,6941.51
2024-07-01,Lula,N,GASOLINA,6.457184391736803,7.073758858784669,6.457184391736803,5.542047826086956,85.15304347826087,471.9222394933837,10.5,6967.89
2024-08-01,Lula,N,GASOLINA,6.586874473462511,7.2172723515493065,6.586874473462511,5.5526136363636365,80.3552380952381,446.1815908008658,10.5,6966.5
2024-09-01,Lula,N,GASOLINA,6.544777265745007,7.139734058609971,6.544777265745007,5.541566666666666,74.01666666666667,410.16829277777776,10.6,6997.15
2024-10-01,Lula,N,GASOLINA,6.606152073732719,7.1665595834446085,6.606152073732719,5.624108695652174,75.63260869565217,425.3660122400756,10.75,7036.33
2024-11-01,Lula,N,GASOLINA,6.673120370370371,7.211087366197118,6.673120370370371,5.807057894736842,74.3452380952381,431.72710181704264,11.15,7063.77
2024-12-01,Lula,N,GASOLINA,6.712776,7.216416188505034,6.712776,6.097028571428571,73.8595,450.32348177142853,11.89516129032258,7100.5
2025-01-01,Lula,N,GASOLINA,6.709594936708861,7.201474910745455,6.709594936708861,6.021772727272727,79.27045454545454,477.3486612603305,12.314516129032258,7111.86
2025-02-01,Lula,N,GASOLINA,6.857282608695653,7.264815736669233,6.857282608695653,5.765645,75.438,434.94872751,13.25,7205.03
2025-03-01,Lula,N,GASOLINA,6.818549828178694,7.183551325803263,6.818549828178694,5.74681052631579,72.73285714285714,417.981949037594,13.637096774193548,7245.38
2025-04-01,Lula,N,GASOLINA,6.774949784791966,7.1070522454033895,6.774949784791966,5.783675000000001,68.1345,394.06780428750005,14.25,7276.54
2025-05-01,Lula,N,GASOLINA,6.736514329976762,7.04840589613383,6.736514329976762,5.6673857142857145,64.453,365.2800114428572,14.637096774193548,7295.46
2025-06-01,Lula,N,GASOLINA,6.698123620309051,6.991457391764448,6.698123620309051,5.547055,71.4447619047619,396.3080237476191,14.85,7312.97
2025-07-01,Lula,N,GASOLINA,6.70891830559758,6.984568490071796,6.70891830559758,5.528491304347826,71.04130434782608,392.7512333364839,15.0,7331.98
2025-08-01,Lula,N,GASOLINA,6.637243880326383,6.91756303731528,6.637243880326383,5.44692380952381,67.87,369.682718952381,15.0,7323.91
2025-09-01,Lula,N,GASOLINA,6.663226511289149,6.911472457456205,6.663226511289149,5.367409090909091,67.98545454545454,364.90574677685953,15.0,7359.06
2025-10-01,Lula,N,GASOLINA,6.667526964560864,6.909717344725118,6.667526964560864,5.385526086956522,64.54347826086956,347.6005859168242,15.0,7365.68
2025-11-01,Lula,N,GASOLINA,6.63283865401208,6.861416815825123,6.63283865401208,5.340852631578947,63.797,340.7303753368421,15.0,7378.94
2025-12-01,Lula,N,GASOLINA,6.664198473282443,6.871182908168361,6.664198473282443,5.45309090909091,62.54428571428572,341.0596758441559,15.0,7403.29
2026-01-01,Lula,N,GASOLINA,6.747777777777777,6.934475150741635,6.747777777777777,5.3380238095238095,66.60238095238095,355.5250952947846,15.0,7427.72
2026-02-01,Lula,N,GASOLINA,6.7156769825918765,6.853515311934525,6.7156769825918765,5.200616666666666,70.887,368.65611364999995,15.0,7479.71
2026-03-01,Lula,N,GASOLINA,7.100382424735558,7.182908574475776,7.100382424735558,5.231586363636364,103.13454545454546,539.5572816198347,14.89516129032258,7545.53
2026-04-01,Lula,N,GASOLINA,7.246223839854413,7.281653219102446,7.246223839854413,5.033075,117.2875,590.3167840625,14.741666666666667,7596.09
2026-05-01,Lula,N,GASOLINA,7.11810205908684,7.1116548995089675,7.11810205908684,4.983700000000001,107.13947368421051,533.950995,14.5,7640.15
2026-06-01,Lula,N,GASOLINA,7.074753131908622,7.057057859078802,7.074753131908622,5.127571428571429,85.3990909090909,437.88993857142856,14.391666666666667,7652.37
2026-07-01,Lula,N,GASOLINA,7.0660840336134445,7.043476934796494,7.0660840336134445,5.113947826086957,83.75869565217391,428.3375995463138,14.25,7657.73
2026-08-01,Lula,N,GASOLINA,7.129636785162288,7.129636785162288,7.129636785162288,5.153161904761905,91.076,469.32937363809526,14.040322580645162,7633.23
2019-01-01,Bolsonaro,NE,GASOLINA,4.346993451662933,6.484669679873879,4.346993451662933,3.7416818181818186,59.40954545454545,222.29161605371903,6.5,5116.93
2019-02-01,Bolsonaro,NE,GASOLINA,4.287444301075269,6.36845578015205,4.287444301075269,3.723625,63.9605,238.16491681250002,6.5,5138.93
2019-03-01,Bolsonaro,NE,GASOLINA,4.4173135483870976,6.512518719945232,4.4173135483870976,3.846484210526316,66.13857142857144,254.40097070676697,6.5,5177.47
2019-04-01,Bolsonaro,NE,GASOLINA,4.536963947560087,6.65101254727963,4.536963947560087,3.896157142857143,71.23333333333333,277.5362604761905,6.5,5206.98
2019-05-01,Bolsonaro,NE,GASOLINA,4.676914504123919,6.847271944438038,4.676914504123919,4.001518181818182,71.31772727272727,285.3791823677686,6.5,5213.75
2019-06-01,Bolsonaro,NE,GASOLINA,4.593322081272845,6.724217179093969,4.593322081272845,3.8588263157894738,64.2205,247.81575541315792,6.5,5214.27
2019-07-01,Bolsonaro,NE,GASOLINA,4.4558484630595,6.510594229846533,4.4558484630595,3.779339130434783,63.9191304347826,241.57207083553877,6.5,5224.18
2019-08-01,Bolsonaro,NE,GASOLINA,4.456345877030639,6.50416220464262,4.456345877030639,4.019981818181818,59.041818181818186,237.34703560330578,6.0,5229.93
2019-09-01,Bolsonaro,NE,GASOLINA,4.4844266176770775,6.547763472266022,4.4844266176770775,4.1215,62.82666666666668,258.94010666666674,5.8,5227.84
2019-10-01,Bolsonaro,NE,GASOLINA,4.512264743240792,6.581825698117531,4.512264743240792,4.086986956521739,59.71304347826087,244.04642982986766,5.483870967741935,5233.07
2019-11-01,Bolsonaro,NE,GASOLINA,4.50087373192316,6.531895827324406,4.50087373192316,4.155345,63.21190476190476,262.6672723928571,5.0,5259.76
2019-12-01,Bolsonaro,NE,GASOLINA,4.600516672911203,6.600592431401904,4.600516672911203,4.109590476190476,67.21714285714286,276.234930122449,4.67741935483871,5320.25
2020-01-01,Bolsonaro,NE,GASOLINA,4.641728453364816,6.645768084689991,4.641728453364816,4.149463636363636,63.64545454545455,264.09449925619833,4.5,5331.42
2020-02-01,Bolsonaro,NE,GASOLINA,4.586918050463662,6.55091453675864,4.586918050463662,4.341011111111111,55.657,241.6076554111111,4.293103448275862,5344.75
2020-03-01,Bolsonaro,NE,GASOLINA,4.516811496827175,6.44627942128079,4.516811496827175,4.883854545454546,32.01136363636363,156.3388438016529,4.040322580645161,5348.49
2020-04-01,Bolsonaro,NE,GASOLINA,4.167495297178307,5.966239138935272,4.167495297178307,5.32558,18.3785,97.87617203,3.75,5331.91
2020-05-01,Bolsonaro,NE,GASOLINA,3.868564998907581,5.559411182327773,3.868564998907581,5.643445,29.378947368421056,165.79847363157896,3.1451612903225805,5311.65
2020-06-01,Bolsonaro,NE,GASOLINA,4.064398625429553,5.8256919626825905,4.064398625429553,5.1966,40.26681818181818,209.25054736363637,2.675,5325.46
2020-07-01,Bolsonaro,NE,GASOLINA,4.275089091269056,6.105705783964034,4.275089091269056,5.280191304347826,43.24217391304348,228.3269506767486,2.25,5344.63
2020-08-01,Bolsonaro,NE,GASOLINA,4.390370521409846,6.255335172850805,4.390370521409846,5.461233333333333,44.736,244.3137344,2.040322580645161,5357.46
2020-10-01,Bolsonaro,NE,GASOLINA,4.384558173784979,6.154395450795627,4.384558173784979,5.625790476190476,40.18954545454546,226.09796206060608,2.0,5438.12
2020-11-01,Bolsonaro,NE,GASOLINA,4.453400921658987,6.195882547996731,4.453400921658987,5.417835,42.69238095238095,231.30027575714286,2.0,5486.52
2020-12-01,Bolsonaro,NE,GASOLINA,4.606332512315271,6.3232850332393316,4.606332512315271,5.145586363636364,49.99363636363637,257.2465735413224,2.0,5560.59
2021-01-01,Bolsonaro,NE,GASOLINA,4.726613203554804,6.472220006452722,4.726613203554804,5.356245,54.774,293.38296363,2.0,5574.49
2021-02-01,Bolsonaro,NE,GASOLINA,5.066844660194175,6.878945698840888,5.066844660194175,5.416494444444444,62.2765,337.3203162694444,2.0,5622.43
2021-03-01,Bolsonaro,NE,GASOLINA,5.521128532974428,7.426629675430046,5.521128532974428,5.646147826086957,65.41,369.31452930434784,2.338709677419355,5674.72
2021-04-01,Bolsonaro,NE,GASOLINA,5.434903675538656,7.288055250545374,5.434903675538656,5.562135,64.8065,360.46250187749996,2.75,5692.31
2021-05-01,Bolsonaro,NE,GASOLINA,5.623701460634129,7.479145910201521,5.623701460634129,5.291057142857143,68.53421052631579,362.6184241353384,3.379032258064516,5739.56
2021-06-01,Bolsonaro,NE,GASOLINA,5.778659352421729,7.644712101027407,5.778659352421729,5.031904761904762,73.1640909090909,368.15473744588746,3.85,5769.98
2021-07-01,Bolsonaro,NE,GASOLINA,5.930214626865672,7.770612372472452,5.930214626865672,5.156704545454546,75.1659090909091,387.6083850723141,4.25,5825.37
2021-08-01,Bolsonaro,NE,GASOLINA,6.0139339832869085,7.812346950629271,6.0139339832869085,5.251718181818182,70.74714285714286,371.5440564545455,5.120967741935484,5876.05
2021-09-01,Bolsonaro,NE,GASOLINA,6.149462673611112,7.896804279136933,6.149462673611112,5.279690476190477,74.48863636363636,393.2769439935065,5.516666666666667,5944.21
2021-10-01,Bolsonaro,NE,GASOLINA,6.415359253945481,8.136550860261801,6.415359253945481,5.53998,83.53809523809524,462.7993768571429,6.443548387096774,6018.51
2021-11-01,Bolsonaro,NE,GASOLINA,6.799552690304984,8.542659283508,6.799552690304984,5.55686,81.05,450.383503,7.75,6075.69
2021-12-01,Bolsonaro,NE,GASOLINA,6.743921196358908,8.411366852779182,6.743921196358908,5.651391304347826,74.1704761904762,419.16638418219463,8.862903225806452,6120.04
2022-01-01,Bolsonaro,NE,GASOLINA,6.720792582417583,8.337494748798955,6.720792582417583,5.534104761904762,86.50523809523808,478.7290500725623,9.25,6153.09
2022-02-01,Bolsonaro,NE,GASOLINA,6.683263415962952,8.208031677719747,6.683263415962952,5.196578947368421,97.129,504.7385165789474,10.642857142857142,6215.24
2022-03-01,Bolsonaro,NE,GASOLINA,7.237339742139787,8.746816199656058,7.237339742139787,4.968381818181818,117.24521739130434,582.5190063557312,11.233870967741936,6315.93
2022-04-01,Bolsonaro,NE,GASOLINA,7.371767265846736,8.81583157550812,7.371767265846736,4.758015789473684,104.57526315789474,497.5707532936288,11.75,6382.88
2022-05-01,Bolsonaro,NE,GASOLINA,7.502379463385112,8.930057632654147,7.502379463385112,4.95505,113.33761904761906,561.5935692619048,12.620967741935484,6412.88
2022-06-01,Bolsonaro,NE,GASOLINA,7.605558208955224,8.992615238480337,7.605558208955224,5.049209523809524,122.71095238095238,619.5933094376418,13.0,6455.85
2022-07-01,Bolsonaro,NE,GASOLINA,6.443064048203526,7.670270320989497,6.443064048203526,5.368071428571429,111.92571428571428,600.8252289795918,13.25,6411.95
2022-08-01,Bolsonaro,NE,GASOLINA,5.553415038702544,6.635053503338683,5.553415038702544,5.143286956521739,100.44636363636364,516.6244719209486,13.701612903225806,6388.87
2022-09-01,Bolsonaro,NE,GASOLINA,5.187174447174447,6.21550743059325,5.187174447174447,5.236957142857143,89.7647619047619,470.0942110340136,13.75,6370.34
2022-10-01,Bolsonaro,NE,GASOLINA,4.965801470588235,5.9153431387886934,4.965801470588235,5.2503,93.33190476190477,490.0204995714286,13.75,6407.93
2022-11-01,Bolsonaro,NE,GASOLINA,5.144515306122449,6.103209189977474,5.144515306122449,5.274649999999999,91.41545454545457,482.1845273181819,13.75,6434.2
2022-12-01,Bolsonaro,NE,GASOLINA,5.04396575659417,5.9470521312195705,5.04396575659417,5.242431818181818,80.924,424.23855245454547,13.75,6474.09
2023-01-01,Lula,NE,GASOLINA,5.196524314214464,6.094626220114202,5.196524314214464,5.200681818181819,82.50142857142858,429.0636795454546,13.75,6508.4
2023-02-01,Lula,NE,GASOLINA,5.2507373737373735,6.106911253930452,5.2507373737373735,5.171688888888889,82.58500000000001,427.10392688888896,13.75,6563.07
2023-03-01,Lula,NE,GASOLINA,5.664833863045363,6.5420784681252995,5.664833863045363,5.211460869565218,78.43434782608696,408.75753452551993,13.75,6609.67
2023-04-01,Lula,NE,GASOLINA,5.650601208459215,6.486075717775084,5.650601208459215,5.019733333333333,84.63833333333334,424.86186311111106,13.75,6649.99
2023-05-01,Lula,NE,GASOLINA,5.4577130454649305,6.250296904261227,5.4577130454649305,4.982836363636364,75.466,376.03472901818185,13.75,6665.28
2023-06-01,Lula,NE,GASOLINA,5.449496422674739,6.245881662543036,5.449496422674739,4.851566666666667,74.83909090909091,363.08683881818183,13.75,6659.95
2023-07-01,Lula,NE,GASOLINA,5.7636177972283,6.597992825120948,5.7636177972283,4.800833333333333,80.10809523809523,384.5856138888889,13.75,6667.94
2023-08-01,Lula,NE,GASOLINA,5.958200625451047,6.805089082039313,5.958200625451047,4.903543478260869,86.14772727272727,422.4291262351778,13.28225806451613,6683.28
2023-09-01,Lula,NE,GASOLINA,6.025767053114047,6.864408258715072,6.025767053114047,4.93699,93.72238095238096,462.70645753809526,13.083333333333334,6700.66
2023-10-01,Lula,NE,GASOLINA,5.8707142857142856,6.671765232410791,5.8707142857142856,5.064842857142857,90.59590909090907,458.85404304545443,12.75,6716.74
2023-11-01,Lula,NE,GASOLINA,5.717864197530864,6.479912186609633,5.717864197530864,4.89834,82.94,406.2683196,12.266666666666667,6735.55
2023-12-01,Lula,NE,GASOLINA,5.654172755741127,6.3720479331705135,5.654172755741127,4.897245,77.63105263157895,380.1782843447369,11.959677419354838,6773.27
2024-01-01,Lula,NE,GASOLINA,5.657490347490348,6.349118317892201,5.657490347490348,4.914395454545455,80.12409090909091,393.7614681632232,11.75,6801.72
2024-02-01,Lula,NE,GASOLINA,5.84890620940504,6.509906628855341,5.84890620940504,4.964389473684211,83.47809523809524,414.417777283208,11.25,6858.17
2024-03-01,Lula,NE,GASOLINA,5.824940414507772,6.472878689360408,5.824940414507772,4.980135,85.4085,425.3458601475,11.07258064516129,6869.14
2024-04-01,Lula,NE,GASOLINA,5.933410733844469,6.568457198865249,5.933410733844469,5.129095454545455,89.93809523809524,461.30107547619053,10.75,6895.24
2024-05-01,Lula,NE,GASOLINA,6.024398682042834,6.638643900315553,6.024398682042834,5.133047619047619,81.74619047619048,419.6070883900227,10.564516129032258,6926.96
2024-06-01,Lula,NE,GASOLINA,5.997852522639069,6.595537255061826,5.997852522639069,5.388975,82.24600000000001,443.2216378500001,10.5,6941.51
2024-07-01,Lula,NE,GASOLINA,6.204562969924812,6.797015480858504,6.204562969924812,5.542047826086956,85.15304347826087,471.9222394933837,10.5,6967.89
2024-08-01,Lula,NE,GASOLINA,6.25051948051948,6.848726450051777,6.25051948051948,5.5526136363636365,80.3552380952381,446.1815908008658,10.5,6966.5
2024-09-01,Lula,NE,GASOLINA,6.157352258064517,6.717089954742404,6.157352258064517,5.541566666666666,74.01666666666667,410.16829277777776,10.6,6997.15
2024-10-01,Lula,NE,GASOLINA,6.141423087469152,6.662407100571201,6.141423087469152,5.624108695652174,75.63260869565217,425.3660122400756,10.75,7036.33
2024-11-01,Lula,NE,GASOLINA,6.139346564885496,6.63428231376176,6.139346564885496,5.807057894736842,74.3452380952381,431.72710181704264,11.15,7063.77
2024-12-01,Lula,NE,GASOLINA,6.226340332697028,6.6934846585103775,6.226340332697028,6.097028571428571,73.8595,450.32348177142853,11.89516129032258,7100.5
2025-01-01,Lula,NE,GASOLINA,6.280575498575499,6.741004085146706,6.280575498575499,6.021772727272727,79.27045454545454,477.3486612603305,12.314516129032258,7111.86
2025-02-01,Lula,NE,GASOLINA,6.448001844451276,6.831211128769875,6.448001844451276,5.765645,75.438,434.94872751,13.25,7205.03
2025-03-01,Lula,NE,GASOLINA,6.41796232027764,6.761520102743112,6.41796232027764,5.74681052631579,72.73285714285714,417.981949037594,13.637096774193548,7245.38
2025-04-01,Lula,NE,GASOLINA,6.3613894523326575,6.673219525932547,6.3613894523326575,5.783675000000001,68.1345,394.06780428750005,14.25,7276.54
2025-05-01,Lula,NE,GASOLINA,6.308517705188032,6.600593602428419,6.308517705188032,5.6673857142857145,64.453,365.2800114428572,14.637096774193548,7295.46
2025-06-01,Lula,NE,GASOLINA,6.301698801459094,6.57767177251672,6.301698801459094,5.547055,71.4447619047619,396.3080237476191,14.85,7312.97
2025-07-01,Lula,NE,GASOLINA,6.248499184339315,6.505232069492059,6.248499184339315,5.528491304347826,71.04130434782608,392.7512333364839,15.0,7331.98
2025-08-01,Lula,NE,GASOLINA,6.214991610738255,6.477477250926837,6.214991610738255,5.44692380952381,67.87,369.682718952381,15.0,7323.91
2025-09-01,Lula,NE,GASOLINA,6.18734100135318,6.417857301307385,6.18734100135318,5.367409090909091,67.98545454545454,364.90574677685953,15.0,7359.06
2025-10-01,Lula,NE,GASOLINA,6.223944331296674,6.450022073723499,6.223944331296674,5.385526086956522,64.54347826086956,347.6005859168242,15.0,7365.68
2025-11-01,Lula,NE,GASOLINA,6.2063235294117645,6.4202033021561045,6.2063235294117645,5.340852631578947,63.797,340.7303753368421,15.0,7378.94
2025-12-01,Lula,NE,GASOLINA,6.192201492537314,6.384526095679164,6.192201492537314,5.45309090909091,62.54428571428572,341.0596758441559,15.0,7403.29
2026-01-01,Lula,NE,GASOLINA,6.340993471473176,6.516435944846223,6.340993471473176,5.3380238095238095,66.60238095238095,355.5250952947846,15.0,7427.72
2026-02-01,Lula,NE,GASOLINA,6.352397711015737,6.482779784197068,6.352397711015737,5.200616666666666,70.887,368.65611364999995,15.0,7479.71
2026-03-01,Lula,NE,GASOLINA,6.840389221556887,6.919893528707019,6.840389221556887,5.231586363636364,103.13454545454546,539.5572816198347,14.89516129032258,7545.53
2026-04-01,Lula,NE,GASOLINA,7.03218489653319,7.066567762857475,7.03218489653319,5.033075,117.2875,590.3167840625,14.741666666666667,7596.09
2026-05-01,Lula,NE,GASOLINA,6.9508624965555255,6.944566812769714,6.9508624965555255,4.983700000000001,107.13947368421051,533.950995,14.5,7640.15
2026-06-01,Lula,NE,GASOLINA,6.97284090909091,6.955400537676564,6.97284090909091,5.127571428571429,85.3990909090909,437.88993857142856,14.391666666666667,7652.37
2026-07-01,Lula,NE,GASOLINA,6.950197638603696,6.927961304579672,6.950197638603696,5.113947826086957,83.75869565217391,428.3375995463138,14.25,7657.73
2026-08-01,Lula,NE,GASOLINA,6.85605879541109,6.85605879541109,6.85605879541109,5.153161904761905,91.076,469.32937363809526,14.040322580645162,7633.23
2019-01-01,Bolsonaro,S,GASOLINA,4.223895261338215,6.3010367594836545,4.223895261338215,3.7416818181818186,59.40954545454545,222.29161605371903,6.5,5116.93
2019-02-01,Bolsonaro,S,GASOLINA,4.128107805746249,6.131781586060996,4.128107805746249,3.723625,63.9605,238.16491681250002,6.5,5138.93
2019-03-01,Bolsonaro,S,GASOLINA,4.257053889171327,6.276245243031682,4.257053889171327,3.846484210526316,66.13857142857144,254.40097070676697,6.5,5177.47
2019-04-01,Bolsonaro,S,GASOLINA,4.42923125929072,6.493080619736528,4.42923125929072,3.896157142857143,71.23333333333333,277.5362604761905,6.5,5206.98
2019-05-01,Bolsonaro,S,GASOLINA,4.538275042444822,6.644295795203278,4.538275042444822,4.001518181818182,71.31772727272727,285.3791823677686,6.5,5213.75
2019-06-01,Bolsonaro,S,GASOLINA,4.4266636085626905,6.480243918475449,4.4266636085626905,3.8588263157894738,64.2205,247.81575541315792,6.5,5214.27
2019-07-01,Bolsonaro,S,GASOLINA,4.291950713087249,6.271117561351059,4.291950713087249,3.779339130434783,63.9191304347826,241.57207083553877,6.5,5224.18
2019-08-01,Bolsonaro,S,GASOLINA,4.224655495317891,6.166003572997226,4.224655495317891,4.019981818181818,59.041818181818186,237.34703560330578,6.0,5229.93
2019-09-01,Bolsonaro,S,GASOLINA,4.199177849264706,6.131268427178879,4.199177849264706,4.1215,62.82666666666668,258.94010666666674,5.8,5227.84
2019-10-01,Bolsonaro,S,GASOLINA,4.254087672452158,6.2052350998538115,4.254087672452158,4.086986956521739,59.71304347826087,244.04642982986766,5.483870967741935,5233.07
2019-11-01,Bolsonaro,S,GASOLINA,4.334971319796955,6.2911298476382385,4.334971319796955,4.155345,63.21190476190476,262.6672723928571,5.0,5259.76
2019-12-01,Bolsonaro,S,GASOLINA,4.4888978468899525,6.44044729323167,4.4888978468899525,4.109590476190476,67.21714285714286,276.234930122449,4.67741935483871,5320.25
2020-01-01,Bolsonaro,S,GASOLINA,4.550185808651182,6.514702428278106,4.550185808651182,4.149463636363636,63.64545454545455,264.09449925619833,4.5,5331.42
2020-02-01,Bolsonaro,S,GASOLINA,4.516361026422764,6.4501468689313874,4.516361026422764,4.341011111111111,55.657,241.6076554111111,4.293103448275862,5344.75
2020-03-01,Bolsonaro,S,GASOLINA,4.425409689557855,6.315833067767484,4.425409689557855,4.883854545454546,32.01136363636363,156.3388438016529,4.040322580645161,5348.49
2020-04-01,Bolsonaro,S,GASOLINA,4.012135287730728,5.743823778414269,4.012135287730728,5.32558,18.3785,97.87617203,3.75,5331.91
2020-05-01,Bolsonaro,S,GASOLINA,3.705766768292683,5.325458203897989,3.705766768292683,5.643445,29.378947368421056,165.79847363157896,3.1451612903225805,5311.65
2020-06-01,Bolsonaro,S,GASOLINA,3.859052422185818,5.531359679840135,3.859052422185818,5.1966,40.26681818181818,209.25054736363637,2.675,5325.46
2020-07-01,Bolsonaro,S,GASOLINA,4.100718784167942,5.856669151068316,4.100718784167942,5.280191304347826,43.24217391304348,228.3269506767486,2.25,5344.63
2020-08-01,Bolsonaro,S,GASOLINA,4.169907854471268,5.941223216222934,4.169907854471268,5.461233333333333,44.736,244.3137344,2.040322580645161,5357.46
2020-10-01,Bolsonaro,S,GASOLINA,4.228079681274901,5.934754044687872,4.228079681274901,5.625790476190476,40.18954545454546,226.09796206060608,2.0,5438.12
2020-11-01,Bolsonaro,S,GASOLINA,4.372035634743876,6.0826814753607,4.372035634743876,5.417835,42.69238095238095,231.30027575714286,2.0,5486.52
2020-12-01,Bolsonaro,S,GASOLINA,4.418142069810165,6.064948969720307,4.418142069810165,5.145586363636364,49.99363636363637,257.2465735413224,2.0,5560.59
2021-01-01,Bolsonaro,S,GASOLINA,4.563585698689956,6.248984079765348,4.563585698689956,5.356245,54.774,293.38296363,2.0,5574.49
2021-02-01,Bolsonaro,S,GASOLINA,4.8843139293139295,6.631134867780829,4.8843139293139295,5.416494444444444,62.2765,337.3203162694444,2.0,5622.43
2021-03-01,Bolsonaro,S,GASOLINA,5.399462939958592,7.262973767371803,5.399462939958592,5.646147826086957,65.41,369.31452930434784,2.338709677419355,5674.72
2021-04-01,Bolsonaro,S,GASOLINA,5.358170513424399,7.1851582061037655,5.358170513424399,5.562135,64.8065,360.46250187749996,2.75,5692.31
2021-05-01,Bolsonaro,S,GASOLINA,5.552480825958702,7.384427240961457,5.552480825958702,5.291057142857143,68.53421052631579,362.6184241353384,3.379032258064516,5739.56
2021-06-01,Bolsonaro,S,GASOLINA,5.645519131924615,7.4685780545826725,5.645519131924615,5.031904761904762,73.1640909090909,368.15473744588746,3.85,5769.98
2021-07-01,Bolsonaro,S,GASOLINA,5.760542673600489,7.548283997824595,5.760542673600489,5.156704545454546,75.1659090909091,387.6083850723141,4.25,5825.37
2021-08-01,Bolsonaro,S,GASOLINA,5.897323896752706,7.660865664589249,5.897323896752706,5.251718181818182,70.74714285714286,371.5440564545455,5.120967741935484,5876.05
2021-09-01,Bolsonaro,S,GASOLINA,6.065951104565537,7.789563280890612,6.065951104565537,5.279690476190477,74.48863636363636,393.2769439935065,5.516666666666667,5944.21
2021-10-01,Bolsonaro,S,GASOLINA,6.336754979449889,8.036857662741488,6.336754979449889,5.53998,83.53809523809524,462.7993768571429,6.443548387096774,6018.51
2021-11-01,Bolsonaro,S,GASOLINA,6.7682627958172805,8.503348034695046,6.7682627958172805,5.55686,81.05,450.383503,7.75,6075.69
2021-12-01,Bolsonaro,S,GASOLINA,6.69699166187464,8.352833913368436,6.69699166187464,5.651391304347826,74.1704761904762,419.16638418219463,8.862903225806452,6120.04
2022-01-01,Bolsonaro,S,GASOLINA,6.520242246928028,8.088701567264323,6.520242246928028,5.534104761904762,86.50523809523808,478.7290500725623,9.25,6153.09
2022-02-01,Bolsonaro,S,GASOLINA,6.460925323780656,7.934967758162552,6.460925323780656,5.196578947368421,97.129,504.7385165789474,10.642857142857142,6215.24
2022-03-01,Bolsonaro,S,GASOLINA,6.857025627476882,8.287180784211566,6.857025627476882,4.968381818181818,117.24521739130434,582.5190063557312,11.233870967741936,6315.93
2022-04-01,Bolsonaro,S,GASOLINA,7.077065472859541,8.463400295696555,7.077065472859541,4.758015789473684,104.57526315789474,497.5707532936288,11.75,6382.88
2022-05-01,Bolsonaro,S,GASOLINA,7.118590197069227,8.473234529567796,7.118590197069227,4.95505,113.33761904761906,561.5935692619048,12.620967741935484,6412.88
2022-06-01,Bolsonaro,S,GASOLINA,7.061297607655502,8.349095585815068,7.061297607655502,5.049209523809524,122.71095238095238,619.5933094376418,13.0,6455.85
2022-07-01,Bolsonaro,S,GASOLINA,5.939015769439913,7.070216290170982,5.939015769439913,5.368071428571429,111.92571428571428,600.8252289795918,13.25,6411.95
2022-08-01,Bolsonaro,S,GASOLINA,5.388389478541763,6.437885920247139,5.388389478541763,5.143286956521739,100.44636363636364,516.6244719209486,13.701612903225806,6388.87
2022-09-01,Bolsonaro,S,GASOLINA,4.99130742913001,5.980810695701965,4.99130742913001,5.236957142857143,89.7647619047619,470.0942110340136,13.75,6370.34
2022-10-01,Bolsonaro,S,GASOLINA,4.828178740690589,5.751404713971848,4.828178740690589,5.2503,93.33190476190477,490.0204995714286,13.75,6407.93
2022-11-01,Bolsonaro,S,GASOLINA,5.058411358403683,6.001059546378376,5.058411358403683,5.274649999999999,91.41545454545457,482.1845273181819,13.75,6434.2
2022-12-01,Bolsonaro,S,GASOLINA,5.012935458786936,5.91046607817874,5.012935458786936,5.242431818181818,80.924,424.23855245454547,13.75,6474.09
2023-01-01,Lula,S,GASOLINA,5.049981510015408,5.922756800702925,5.049981510015408,5.200681818181819,82.50142857142858,429.0636795454546,13.75,6508.4
2023-02-01,Lula,S,GASOLINA,5.1191529576478825,5.953870967536008,5.1191529576478825,5.171688888888889,82.58500000000001,427.10392688888896,13.75,6563.07
2023-03-01,Lula,S,GASOLINA,5.554943502824859,6.415170711104759,5.554943502824859,5.211460869565218,78.43434782608696,408.75753452551993,13.75,6609.67
2023-04-01,Lula,S,GASOLINA,5.506395422759058,6.320548261405976,5.506395422759058,5.019733333333333,84.63833333333334,424.86186311111106,13.75,6649.99
2023-05-01,Lula,S,GASOLINA,5.400108937855905,6.1843273722499035,5.400108937855905,4.982836363636364,75.466,376.03472901818185,13.75,6665.28
2023-06-01,Lula,S,GASOLINA,5.46408215661104,6.26259894448278,5.46408215661104,4.851566666666667,74.83909090909091,363.08683881818183,13.75,6659.95
2023-07-01,Lula,S,GASOLINA,5.678619281045751,6.500689426518064,5.678619281045751,4.800833333333333,80.10809523809523,384.5856138888889,13.75,6667.94
2023-08-01,Lula,S,GASOLINA,5.756194321437874,6.574369947126145,5.756194321437874,4.903543478260869,86.14772727272727,422.4291262351778,13.28225806451613,6683.28
2023-09-01,Lula,S,GASOLINA,5.862985611510791,6.678971572852899,5.862985611510791,4.93699,93.72238095238096,462.70645753809526,13.083333333333334,6700.66
2023-10-01,Lula,S,GASOLINA,5.776539855072463,6.564740829321185,5.776539855072463,5.064842857142857,90.59590909090907,458.85404304545443,12.75,6716.74
2023-11-01,Lula,S,GASOLINA,5.692134894091416,6.450753811882536,5.692134894091416,4.89834,82.94,406.2683196,12.266666666666667,6735.55
2023-12-01,Lula,S,GASOLINA,5.683332324455206,6.404909711114603,5.683332324455206,4.897245,77.63105263157895,380.1782843447369,11.959677419354838,6773.27
2024-01-01,Lula,S,GASOLINA,5.6634960789273965,6.355858249759026,5.6634960789273965,4.914395454545455,80.12409090909091,393.7614681632232,11.75,6801.72
2024-02-01,Lula,S,GASOLINA,5.840685866983373,6.500757283711761,5.840685866983373,4.964389473684211,83.47809523809524,414.417777283208,11.25,6858.17
2024-03-01,Lula,S,GASOLINA,5.826731001206272,6.474868452286276,5.826731001206272,4.980135,85.4085,425.3458601475,11.07258064516129,6869.14
2024-04-01,Lula,S,GASOLINA,5.872066360938764,6.500547204783098,5.872066360938764,5.129095454545455,89.93809523809524,461.30107547619053,10.75,6895.24
2024-05-01,Lula,S,GASOLINA,5.953309926587935,6.560306964516732,5.953309926587935,5.133047619047619,81.74619047619048,419.6070883900227,10.564516129032258,6926.96
2024-06-01,Lula,S,GASOLINA,5.928366398016119,6.519126852850256,5.928366398016119,5.388975,82.24600000000001,443.2216378500001,10.5,6941.51
2024-07-01,Lula,S,GASOLINA,6.104061175045427,6.686917113099087,6.104061175045427,5.542047826086956,85.15304347826087,471.9222394933837,10.5,6967.89
2024-08-01,Lula,S,GASOLINA,6.140326819407009,6.727987782631474,6.140326819407009,5.5526136363636365,80.3552380952381,446.1815908008658,10.5,6966.5
2024-09-01,Lula,S,GASOLINA,6.133370358616312,6.690927966743716,6.133370358616312,5.541566666666666,74.01666666666667,410.16829277777776,10.6,6997.15
2024-10-01,Lula,S,GASOLINA,6.152809583074052,6.674759525748272,6.152809583074052,5.624108695652174,75.63260869565217,425.3660122400756,10.75,7036.33
2024-11-01,Lula,S,GASOLINA,6.159445668135096,6.656001746571428,6.159445668135096,5.807057894736842,74.3452380952381,431.72710181704264,11.15,7063.77
2024-12-01,Lula,S,GASOLINA,6.182335138579165,6.646177881819117,6.182335138579165,6.097028571428571,73.8595,450.32348177142853,11.89516129032258,7100.5
2025-01-01,Lula,S,GASOLINA,6.18886314488724,6.642568304697734,6.18886314488724,6.021772727272727,79.27045454545454,477.3486612603305,12.314516129032258,7111.86
2025-02-01,Lula,S,GASOLINA,6.450083528232542,6.833416528482254,6.450083528232542,5.765645,75.438,434.94872751,13.25,7205.03
2025-03-01,Lula,S,GASOLINA,6.462846354923033,6.808806809551623,6.462846354923033,5.74681052631579,72.73285714285714,417.981949037594,13.637096774193548,7245.38
2025-04-01,Lula,S,GASOLINA,6.436972111553785,6.752507184881234,6.436972111553785,5.783675000000001,68.1345,394.06780428750005,14.25,7276.54
2025-05-01,Lula,S,GASOLINA,6.383149030823006,6.678680258208405,6.383149030823006,5.6673857142857145,64.453,365.2800114428572,14.637096774193548,7295.46
2025-06-01,Lula,S,GASOLINA,6.303060830383006,6.57909344935156,6.303060830383006,5.547055,71.4447619047619,396.3080237476191,14.85,7312.97
2025-07-01,Lula,S,GASOLINA,6.313583145706015,6.572990143903491,6.313583145706015,5.528491304347826,71.04130434782608,392.7512333364839,15.0,7331.98
2025-08-01,Lula,S,GASOLINA,6.266708428246013,6.531378290522455,6.266708428246013,5.44692380952381,67.87,369.682718952381,15.0,7323.91
2025-09-01,Lula,S,GASOLINA,6.278241001564945,6.512143882557769,6.278241001564945,5.367409090909091,67.98545454545454,364.90574677685953,15.0,7359.06
2025-10-01,Lula,S,GASOLINA,6.309280864197531,6.5384583597194705,6.309280864197531,5.385526086956522,64.54347826086956,347.6005859168242,15.0,7365.68
2025-11-01,Lula,S,GASOLINA,6.276305385139741,6.492596843857008,6.276305385139741,5.340852631578947,63.797,340.7303753368421,15.0,7378.94
2025-12-01,Lula,S,GASOLINA,6.297255125284738,6.4928426064597256,6.297255125284738,5.45309090909091,62.54428571428572,341.0596758441559,15.0,7403.29
2026-01-01,Lula,S,GASOLINA,6.44370786516854,6.621992238215825,6.44370786516854,5.3380238095238095,66.60238095238095,355.5250952947846,15.0,7427.72
2026-02-01,Lula,S,GASOLINA,6.407035809018567,6.538539321507758,6.407035809018567,5.200616666666666,70.887,368.65611364999995,15.0,7479.71
2026-03-01,Lula,S,GASOLINA,6.587621468926554,6.664187913275043,6.587621468926554,5.231586363636364,103.13454545454546,539.5572816198347,14.89516129032258,7545.53
2026-04-01,Lula,S,GASOLINA,6.705000000000001,6.73778314237983,6.705000000000001,5.033075,117.2875,590.3167840625,14.741666666666667,7596.09
2026-05-01,Lula,S,GASOLINA,6.61752850435949,6.61153473496358,6.61752850435949,4.983700000000001,107.13947368421051,533.950995,14.5,7640.15
2026-06-01,Lula,S,GASOLINA,6.555063362433117,6.538667930330779,6.555063362433117,5.127571428571429,85.3990909090909,437.88993857142856,14.391666666666667,7652.37
2026-07-01,Lula,S,GASOLINA,6.48570803376055,6.464957779203765,6.48570803376055,5.113947826086957,83.75869565217391,428.3375995463138,14.25,7657.73
2026-08-01,Lula,S,GASOLINA,6.438006624510689,6.438006624510689,6.438006624510689,5.153161904761905,91.076,469.32937363809526,14.040322580645162,7633.23
2019-01-01,Bolsonaro,SE,GASOLINA,4.321503005286408,6.446644059043677,4.321503005286408,3.7416818181818186,59.40954545454545,222.29161605371903,6.5,5116.93
2019-02-01,Bolsonaro,SE,GASOLINA,4.24906512890095,6.31144837814109,4.24906512890095,3.723625,63.9605,238.16491681250002,6.5,5138.93
2019-03-01,Bolsonaro,SE,GASOLINA,4.338053123016952,6.395663758593808,4.338053123016952,3.846484210526316,66.13857142857144,254.40097070676697,6.5,5177.47
2019-04-01,Bolsonaro,SE,GASOLINA,4.442810861277523,6.512987787667598,4.442810861277523,3.896157142857143,71.23333333333333,277.5362604761905,6.5,5206.98
2019-05-01,Bolsonaro,SE,GASOLINA,4.554103893938131,6.667470144584102,4.554103893938131,4.001518181818182,71.31772727272727,285.3791823677686,6.5,5213.75
2019-06-01,Bolsonaro,SE,GASOLINA,4.48006445188739,6.558418029001256,4.48006445188739,3.8588263157894738,64.2205,247.81575541315792,6.5,5214.27
2019-07-01,Bolsonaro,SE,GASOLINA,4.379134533502652,6.39850485533968,4.379134533502652,3.779339130434783,63.9191304347826,241.57207083553877,6.5,5224.18
2019-08-01,Bolsonaro,SE,GASOLINA,4.355138913081345,6.356447792895873,4.355138913081345,4.019981818181818,59.041818181818186,237.34703560330578,6.0,5229.93
2019-09-01,Bolsonaro,SE,GASOLINA,4.355286728655959,6.359204818008686,4.355286728655959,4.1215,62.82666666666668,258.94010666666674,5.8,5227.84
2019-10-01,Bolsonaro,SE,GASOLINA,4.405713617184503,6.426404644711663,4.405713617184503,4.086986956521739,59.71304347826087,244.04642982986766,5.483870967741935,5233.07
2019-11-01,Bolsonaro,SE,GASOLINA,4.434463447776067,6.43551786078979,4.434463447776067,4.155345,63.21190476190476,262.6672723928571,5.0,5259.76
2019-12-01,Bolsonaro,SE,GASOLINA,4.545708444514205,6.5219563121881805,4.545708444514205,4.109590476190476,67.21714285714286,276.234930122449,4.67741935483871,5320.25
2020-01-01,Bolsonaro,SE,GASOLINA,4.609330132450331,6.5993819745816,4.609330132450331,4.149463636363636,63.64545454545455,264.09449925619833,4.5,5331.42
2020-02-01,Bolsonaro,SE,GASOLINA,4.58572782404055,6.549214686992103,4.58572782404055,4.341011111111111,55.657,241.6076554111111,4.293103448275862,5344.75
2020-03-01,Bolsonaro,SE,GASOLINA,4.504187128793426,6.428262241701833,4.504187128793426,4.883854545454546,32.01136363636363,156.3388438016529,4.040322580645161,5348.49
2020-04-01,Bolsonaro,SE,GASOLINA,4.1169402182635215,5.893863846586994,4.1169402182635215,5.32558,18.3785,97.87617203,3.75,5331.91
2020-05-01,Bolsonaro,SE,GASOLINA,3.868644858962693,5.559525947074788,3.868644858962693,5.643445,29.378947368421056,165.79847363157896,3.1451612903225805,5311.65
2020-06-01,Bolsonaro,SE,GASOLINA,3.978246265060241,5.702205769613475,3.978246265060241,5.1966,40.26681818181818,209.25054736363637,2.675,5325.46
2020-07-01,Bolsonaro,SE,GASOLINA,4.13083868601239,5.899686560759183,4.13083868601239,5.280191304347826,43.24217391304348,228.3269506767486,2.25,5344.63
2020-08-01,Bolsonaro,SE,GASOLINA,4.215680313588851,6.006439140954075,4.215680313588851,5.461233333333333,44.736,244.3137344,2.040322580645161,5357.46
2020-10-01,Bolsonaro,SE,GASOLINA,4.367318796992481,6.130197358787028,4.367318796992481,5.625790476190476,40.18954545454546,226.09796206060608,2.0,5438.12
2020-11-01,Bolsonaro,SE,GASOLINA,4.364512434933488,6.072214674093477,4.364512434933488,5.417835,42.69238095238095,231.30027575714286,2.0,5486.52
2020-12-01,Bolsonaro,SE,GASOLINA,4.398638663967612,6.038175914598539,4.398638663967612,5.145586363636364,49.99363636363637,257.2465735413224,2.0,5560.59
2021-01-01,Bolsonaro,SE,GASOLINA,4.497298223874433,6.1582156791787295,4.497298223874433,5.356245,54.774,293.38296363,2.0,5574.49
2021-02-01,Bolsonaro,SE,GASOLINA,4.8097553109308615,6.529911182897213,4.8097553109308615,5.416494444444444,62.2765,337.3203162694444,2.0,5622.43
2021-03-01,Bolsonaro,SE,GASOLINA,5.433888151041667,7.30928011446834,5.433888151041667,5.646147826086957,65.41,369.31452930434784,2.338709677419355,5674.72
2021-04-01,Bolsonaro,SE,GASOLINA,5.451807428987618,7.310722715588426,5.451807428987618,5.562135,64.8065,360.46250187749996,2.75,5692.31
2021-05-01,Bolsonaro,SE,GASOLINA,5.548874484825778,7.37963104903628,5.548874484825778,5.291057142857143,68.53421052631579,362.6184241353384,3.379032258064516,5739.56
2021-06-01,Bolsonaro,SE,GASOLINA,5.606542553191489,7.417015104610045,5.606542553191489,5.031904761904762,73.1640909090909,368.15473744588746,3.85,5769.98
2021-07-01,Bolsonaro,SE,GASOLINA,5.719182763246144,7.494088348704607,5.719182763246144,5.156704545454546,75.1659090909091,387.6083850723141,4.25,5825.37
2021-08-01,Bolsonaro,SE,GASOLINA,5.853644810321587,7.604124739491843,5.853644810321587,5.251718181818182,70.74714285714286,371.5440564545455,5.120967741935484,5876.05
2021-09-01,Bolsonaro,SE,GASOLINA,6.031871425674305,7.745800017596935,6.031871425674305,5.279690476190477,74.48863636363636,393.2769439935065,5.516666666666667,5944.21
2021-10-01,Bolsonaro,SE,GASOLINA,6.2725151482127295,7.955382778261039,6.2725151482127295,5.53998,83.53809523809524,462.7993768571429,6.443548387096774,6018.51
2021-11-01,Bolsonaro,SE,GASOLINA,6.67120864255519,8.381413460300239,6.67120864255519,5.55686,81.05,450.383503,7.75,6075.69
2021-12-01,Bolsonaro,SE,GASOLINA,6.616498861273393,8.25243913484845,6.616498861273393,5.651391304347826,74.1704761904762,419.16638418219463,8.862903225806452,6120.04
2022-01-01,Bolsonaro,SE,GASOLINA,6.615890260207755,8.207357930881173,6.615890260207755,5.534104761904762,86.50523809523808,478.7290500725623,9.25,6153.09
2022-02-01,Bolsonaro,SE,GASOLINA,6.584318965517242,8.08651332163443,6.584318965517242,5.196578947368421,97.129,504.7385165789474,10.642857142857142,6215.24
2022-03-01,Bolsonaro,SE,GASOLINA,6.94828199158234,8.397470292831944,6.94828199158234,4.968381818181818,117.24521739130434,582.5190063557312,11.233870967741936,6315.93
2022-04-01,Bolsonaro,SE,GASOLINA,7.21210998980632,8.62489884464212,7.21210998980632,4.758015789473684,104.57526315789474,497.5707532936288,11.75,6382.88
2022-05-01,Bolsonaro,SE,GASOLINA,7.226514805782964,8.601696836826306,7.226514805782964,4.95505,113.33761904761906,561.5935692619048,12.620967741935484,6412.88
2022-06-01,Bolsonaro,SE,GASOLINA,7.152828109826079,8.457318883302388,7.152828109826079,5.049209523809524,122.71095238095238,619.5933094376418,13.0,6455.85
2022-07-01,Bolsonaro,SE,GASOLINA,5.92682850430697,7.055707724472445,5.92682850430697,5.368071428571429,111.92571428571428,600.8252289795918,13.25,6411.95
2022-08-01,Bolsonaro,SE,GASOLINA,5.358708373747171,6.402423827646848,5.358708373747171,5.143286956521739,100.44636363636364,516.6244719209486,13.701612903225806,6388.87
2022-09-01,Bolsonaro,SE,GASOLINA,4.96101632942847,5.944514527683495,4.96101632942847,5.236957142857143,89.7647619047619,470.0942110340136,13.75,6370.34
2022-10-01,Bolsonaro,SE,GASOLINA,4.832460264159391,5.756504934072217,4.832460264159391,5.2503,93.33190476190477,490.0204995714286,13.75,6407.93
2022-11-01,Bolsonaro,SE,GASOLINA,4.954028901734104,5.877225145874206,4.954028901734104,5.274649999999999,91.41545454545457,482.1845273181819,13.75,6434.2
2022-12-01,Bolsonaro,SE,GASOLINA,4.913283274440518,5.792971875423047,4.913283274440518,5.242431818181818,80.924,424.23855245454547,13.75,6474.09
2023-01-01,Lula,SE,GASOLINA,4.982970182155703,5.844164077735907,4.982970182155703,5.200681818181819,82.50142857142858,429.0636795454546,13.75,6508.4
2023-02-01,Lula,SE,GASOLINA,5.02309905780494,5.842154726524081,5.02309905780494,5.171688888888889,82.58500000000001,427.10392688888896,13.75,6563.07
2023-03-01,Lula,SE,GASOLINA,5.402237630352785,6.238817119029813,5.402237630352785,5.211460869565218,78.43434782608696,408.75753452551993,13.75,6609.67
2023-04-01,Lula,SE,GASOLINA,5.39630687093779,6.194182471920779,5.39630687093779,5.019733333333333,84.63833333333334,424.86186311111106,13.75,6649.99
2023-05-01,Lula,SE,GASOLINA,5.315802954719877,6.087778246083647,5.315802954719877,4.982836363636364,75.466,376.03472901818185,13.75,6665.28
2023-06-01,Lula,SE,GASOLINA,5.299054290718039,6.07345403246836,5.299054290718039,4.851566666666667,74.83909090909091,363.08683881818183,13.75,6659.95
2023-07-01,Lula,SE,GASOLINA,5.468828323993887,6.260527903304447,5.468828323993887,4.800833333333333,80.10809523809523,384.5856138888889,13.75,6667.94
2023-08-01,Lula,SE,GASOLINA,5.534063831896124,6.320666209337998,5.534063831896124,4.903543478260869,86.14772727272727,422.4291262351778,13.28225806451613,6683.28
2023-09-01,Lula,SE,GASOLINA,5.683663377566066,6.474692015941507,5.683663377566066,4.93699,93.72238095238096,462.70645753809526,13.083333333333334,6700.66
2023-10-01,Lula,SE,GASOLINA,5.645457340507302,6.415772284661986,5.645457340507302,5.064842857142857,90.59590909090907,458.85404304545443,12.75,6716.74
2023-11-01,Lula,SE,GASOLINA,5.583506548823341,6.327648030773254,5.583506548823341,4.89834,82.94,406.2683196,12.266666666666667,6735.55
2023-12-01,Lula,SE,GASOLINA,5.544528152260112,6.2484824357624085,5.544528152260112,4.897245,77.63105263157895,380.1782843447369,11.959677419354838,6773.27
2024-01-01,Lula,SE,GASOLINA,5.504677131309334,6.177623692099108,5.504677131309334,4.914395454545455,80.12409090909091,393.7614681632232,11.75,6801.72
2024-02-01,Lula,SE,GASOLINA,5.64799323439546,6.286287945120121,5.64799323439546,4.964389473684211,83.47809523809524,414.417777283208,11.25,6858.17
2024-03-01,Lula,SE,GASOLINA,5.649796954314721,6.2782531154676935,5.649796954314721,4.980135,85.4085,425.3458601475,11.07258064516129,6869.14
2024-04-01,Lula,SE,GASOLINA,5.6882359032288425,6.297041574129907,5.6882359032288425,5.129095454545455,89.93809523809524,461.30107547619053,10.75,6895.24
2024-05-01,Lula,SE,GASOLINA,5.727732345996995,6.311729586345907,5.727732345996995,5.133047619047619,81.74619047619048,419.6070883900227,10.564516129032258,6926.96
2024-06-01,Lula,SE,GASOLINA,5.72618671414265,6.296800006337973,5.72618671414265,5.388975,82.24600000000001,443.2216378500001,10.5,6941.51
2024-07-01,Lula,SE,GASOLINA,5.886009422614275,6.448044344124542,5.886009422614275,5.542047826086956,85.15304347826087,471.9222394933837,10.5,6967.89
2024-08-01,Lula,SE,GASOLINA,6.003738744146957,6.5783275237184915,6.003738744146957,5.5526136363636365,80.3552380952381,446.1815908008658,10.5,6966.5
2024-09-01,Lula,SE,GASOLINA,5.990887830229537,6.535492981048428,5.990887830229537,5.541566666666666,74.01666666666667,410.16829277777776,10.6,6997.15
2024-10-01,Lula,SE,GASOLINA,5.991326416778224,6.499577555962277,5.991326416778224,5.624108695652174,75.63260869565217,425.3660122400756,10.75,7036.33
2024-11-01,Lula,SE,GASOLINA,5.999812194494469,6.483499099968006,5.999812194494469,5.807057894736842,74.3452380952381,431.72710181704264,11.15,7063.77
2024-12-01,Lula,SE,GASOLINA,6.016681899242086,6.468096158545408,6.016681899242086,6.097028571428571,73.8595,450.32348177142853,11.89516129032258,7100.5
2025-01-01,Lula,SE,GASOLINA,6.057105831533477,6.50115187116117,6.057105831533477,6.021772727272727,79.27045454545454,477.3486612603305,12.314516129032258,7111.86
2025-02-01,Lula,SE,GASOLINA,6.222157732593962,6.591944942514911,6.222157732593962,5.765645,75.438,434.94872751,13.25,7205.03
2025-03-01,Lula,SE,GASOLINA,6.20526175498454,6.5374335350251656,6.20526175498454,5.74681052631579,72.73285714285714,417.981949037594,13.637096774193548,7245.38
2025-04-01,Lula,SE,GASOLINA,6.181925618908928,6.484958523147567,6.181925618908928,5.783675000000001,68.1345,394.06780428750005,14.25,7276.54
2025-05-01,Lula,SE,GASOLINA,6.160284802647128,6.445497715580667,6.160284802647128,5.6673857142857145,64.453,365.2800114428572,14.637096774193548,7295.46
2025-06-01,Lula,SE,GASOLINA,6.095044449262793,6.361967318537643,6.095044449262793,5.547055,71.4447619047619,396.3080237476191,14.85,7312.97
2025-07-01,Lula,SE,GASOLINA,6.081731046065259,6.331611907391552,6.081731046065259,5.528491304347826,71.04130434782608,392.7512333364839,15.0,7331.98
2025-08-01,Lula,SE,GASOLINA,6.05726537684089,6.3130895645172025,6.05726537684089,5.44692380952381,67.87,369.682718952381,15.0,7323.91
2025-09-01,Lula,SE,GASOLINA,6.0698811112459055,6.296021311797373,6.0698811112459055,5.367409090909091,67.98545454545454,364.90574677685953,15.0,7359.06
2025-10-01,Lula,SE,GASOLINA,6.075321972160791,6.296001175391397,6.075321972160791,5.385526086956522,64.54347826086956,347.6005859168242,15.0,7365.68
2025-11-01,Lula,SE,GASOLINA,6.061425664504641,6.270312026533183,6.061425664504641,5.340852631578947,63.797,340.7303753368421,15.0,7378.94
2025-12-01,Lula,SE,GASOLINA,6.08916842772612,6.278292909986216,6.08916842772612,5.45309090909091,62.54428571428572,341.0596758441559,15.0,7403.29
2026-01-01,Lula,SE,GASOLINA,6.20674161444895,6.378469610278814,6.20674161444895,5.3380238095238095,66.60238095238095,355.5250952947846,15.0,7427.72
2026-02-01,Lula,SE,GASOLINA,6.20235107421875,6.3296534611982,6.20235107421875,5.200616666666666,70.887,368.65611364999995,15.0,7479.71
2026-03-01,Lula,SE,GASOLINA,6.463280505489952,6.5384017627550435,6.463280505489952,5.231586363636364,103.13454545454546,539.5572816198347,14.89516129032258,7545.53
2026-04-01,Lula,SE,GASOLINA,6.636304130023377,6.6687513937326095,6.636304130023377,5.033075,117.2875,590.3167840625,14.741666666666667,7596.09
2026-05-01,Lula,SE,GASOLINA,6.517397685240424,6.511494608470745,6.517397685240424,4.983700000000001,107.13947368421051,533.950995,14.5,7640.15
2026-06-01,Lula,SE,GASOLINA,6.492101255402346,6.475863303234796,6.492101255402346,5.127571428571429,85.3990909090909,437.88993857142856,14.391666666666667,7652.37
2026-07-01,Lula,SE,GASOLINA,6.460225115868462,6.4395563908887645,6.460225115868462,5.113947826086957,83.75869565217391,428.3375995463138,14.25,7657.73
2026-08-01,Lula,SE,GASOLINA,6.3987659982935154,6.3987659982935154,6.3987659982935154,5.153161904761905,91.076,469.32937363809526,14.040322580645162,7633.23
2019-01-01,Bolsonaro,BR,GLP,69.26,103.31927734012386,70.17593464261246,3.7416818181818186,59.40954545454545,222.29161605371903,6.5,5116.93
2019-02-01,Bolsonaro,BR,GLP,69.107,102.64970054271997,69.96341893666838,3.723625,63.9605,238.16491681250002,6.5,5138.93
2019-03-01,Bolsonaro,BR,GLP,69.169,101.97700534624053,69.99839806824026,3.846484210526316,66.13857142857144,254.40097070676697,6.5,5177.47
2019-04-01,Bolsonaro,BR,GLP,69.064,101.24513570630192,70.00474961187658,3.896157142857143,71.23333333333333,277.5362604761905,6.5,5206.98
2019-05-01,Bolsonaro,BR,GLP,69.294,101.45040318772476,70.06195876068377,4.001518181818182,71.31772727272727,285.3791823677686,6.5,5213.75
2019-06-01,Bolsonaro,BR,GLP,69.241,101.36269860018754,70.12550171683644,3.8588263157894738,64.2205,247.81575541315792,6.5,5214.27
2019-07-01,Bolsonaro,BR,GLP,69.077,100.93079271962297,70.09829695153849,3.779339130434783,63.9191304347826,241.57207083553877,6.5,5224.18
2019-08-01,Bolsonaro,BR,GLP,68.823,100.44910511039342,69.56041615178523,4.019981818181818,59.041818181818186,237.34703560330578,6.0,5229.93
2019-09-01,Bolsonaro,BR,GLP,68.859,100.54182694382382,69.76122451483381,4.1215,62.82666666666668,258.94010666666674,5.8,5227.84
2019-10-01,Bolsonaro,BR,GLP,68.771,100.31298269084877,69.60199915919283,4.086986956521739,59.71304347826087,244.04642982986766,5.483870967741935,5233.07
2019-11-01,Bolsonaro,BR,GLP,69.113,100.3002846118454,69.8938528554279,4.155345,63.21190476190476,262.6672723928571,5.0,5259.76
2019-12-01,Bolsonaro,BR,GLP,69.241,99.34354183168084,69.96132276501672,4.109590476190476,67.21714285714286,276.234930122449,4.67741935483871,5320.25
2020-01-01,Bolsonaro,BR,GLP,69.743,99.85414015215457,70.62693642091088,4.149463636363636,63.64545454545455,264.09449925619833,4.5,5331.42
2020-02-01,Bolsonaro,BR,GLP,69.907,99.83932075588193,70.78962350517824,4.341011111111111,55.657,241.6076554111111,4.293103448275862,5344.75
2020-03-01,Bolsonaro,BR,GLP,69.937,99.81232207782008,70.84377077775498,4.883854545454546,32.01136363636363,156.3388438016529,4.040322580645161,5348.49
2020-04-01,Bolsonaro,BR,GLP,69.889,100.05397905628564,70.85566268191268,5.32558,18.3785,97.87617203,3.75,5331.91
2020-05-01,Bolsonaro,BR,GLP,69.536,99.92832383157776,70.47133413668445,5.643445,29.378947368421056,165.79847363157896,3.1451612903225805,5311.65
2020-06-01,Bolsonaro,BR,GLP,69.579,99.73082328474909,70.58133348475671,5.1966,40.26681818181818,209.25054736363637,2.675,5325.46
2020-07-01,Bolsonaro,BR,GLP,69.961,99.91868548992164,70.8055879863763,5.280191304347826,43.24217391304348,228.3269506767486,2.25,5344.63
2020-08-01,Bolsonaro,BR,GLP,69.981,99.7078967701112,71.04517114659392,5.461233333333333,44.736,244.3137344,2.040322580645161,5357.46
2020-10-01,Bolsonaro,BR,GLP,71.611,100.51694952115805,74.97138505747127,5.625790476190476,40.18954545454546,226.09796206060608,2.0,5438.12
2020-11-01,Bolsonaro,BR,GLP,73.206,101.8493025415017,75.24080233284732,5.417835,42.69238095238095,231.30027575714286,2.0,5486.52
2020-12-01,Bolsonaro,BR,GLP,74.744,102.60388611999805,76.12109921387909,5.145586363636364,49.99363636363637,257.2465735413224,2.0,5560.59
2021-01-01,Bolsonaro,BR,GLP,76.86,105.24551264779379,77.59040892690098,5.356245,54.774,293.38296363,2.0,5574.49
2021-02-01,Bolsonaro,BR,GLP,79.69,108.19024846907831,80.53705543656292,5.416494444444444,62.2765,337.3203162694444,2.0,5622.43
2021-03-01,Bolsonaro,BR,GLP,83.158,111.85823095060196,83.93646090688561,5.646147826086957,65.41,369.31452930434784,2.338709677419355,5674.72
2021-04-01,Bolsonaro,BR,GLP,85.006,113.99069084080101,85.92937610850286,5.562135,64.8065,360.46250187749996,2.75,5692.31
2021-05-01,Bolsonaro,BR,GLP,85.374,113.54169623106995,86.4420693950178,5.291057142857143,68.53421052631579,362.6184241353384,3.379032258064516,5739.56
2021-06-01,Bolsonaro,BR,GLP,87.43,115.663017705434,87.72691983929597,5.031904761904762,73.1640909090909,368.15473744588746,3.85,5769.98
2021-07-01,Bolsonaro,BR,GLP,91.916,120.44144297787092,92.77695260098376,5.156704545454546,75.1659090909091,387.6083850723141,4.25,5825.37
2021-08-01,Bolsonaro,BR,GLP,93.427,121.36550560495571,94.42752678982316,5.251718181818182,70.74714285714286,371.5440564545455,5.120967741935484,5876.05
2021-09-01,Bolsonaro,BR,GLP,97.736,125.50723599603647,98.71930488782051,5.279690476190477,74.48863636363636,393.2769439935065,5.516666666666667,5944.21
2021-10-01,Bolsonaro,BR,GLP,100.782,127.8210364126669,101.80989250353606,5.53998,83.53809523809524,462.7993768571429,6.443548387096774,6018.51
2021-11-01,Bolsonaro,BR,GLP,102.444,128.7061410506461,103.53394041561944,5.55686,81.05,450.383503,7.75,6075.69
2021-12-01,Bolsonaro,BR,GLP,102.32,127.61878902752268,103.29313225499524,5.651391304347826,74.1704761904762,419.16638418219463,8.862903225806452,6120.04
2022-01-01,Bolsonaro,BR,GLP,102.408,127.0424807438214,103.55287514016226,5.534104761904762,86.50523809523808,478.7290500725623,9.25,6153.09
2022-02-01,Bolsonaro,BR,GLP,102.516,125.90474489802486,103.47991688654352,5.196578947368421,97.129,504.7385165789474,10.642857142857142,6215.24
2022-03-01,Bolsonaro,BR,GLP,109.31,132.10855270720225,110.56399111960432,4.968381818181818,117.24521739130434,582.5190063557312,11.233870967741936,6315.93
2022-04-01,Bolsonaro,BR,GLP,113.513,135.7491973826862,114.48189149746192,4.758015789473684,104.57526315789474,497.5707532936288,11.75,6382.88
2022-05-01,Bolsonaro,BR,GLP,112.86,134.33688729556766,113.78385349440124,4.95505,113.33761904761906,561.5935692619048,12.620967741935484,6412.88
2022-06-01,Bolsonaro,BR,GLP,112.55,133.07620785798926,113.54212718548342,5.049209523809524,122.71095238095238,619.5933094376418,13.0,6455.85
2022-07-01,Bolsonaro,BR,GLP,112.07,133.41590095056887,112.90535153625314,5.368071428571429,111.92571428571428,600.8252289795918,13.25,6411.95
2022-08-01,Bolsonaro,BR,GLP,111.62,133.36022373283538,112.27779442705392,5.143286956521739,100.44636363636364,516.6244719209486,13.701612903225806,6388.87
2022-09-01,Bolsonaro,BR,GLP,112.36,134.6348425358772,113.16033529208434,5.236957142857143,89.7647619047619,470.0942110340136,13.75,6370.34
2022-10-01,Bolsonaro,BR,GLP,109.75,130.73597753096553,110.50114848630466,5.2503,93.33190476190477,490.0204995714286,13.75,6407.93
2022-11-01,Bolsonaro,BR,GLP,110.17,130.70046767274874,110.46495444629797,5.274649999999999,91.41545454545457,482.1845273181819,13.75,6434.2
2022-12-01,Bolsonaro,BR,GLP,109.18,128.72790637757583,109.64746208291204,5.242431818181818,80.924,424.23855245454547,13.75,6474.09
2023-01-01,Lula,BR,GLP,108.27,126.98202509065207,109.10007056033204,5.200681818181819,82.50142857142858,429.0636795454546,13.75,6508.4
2023-02-01,Lula,BR,GLP,107.89,125.48231006221174,108.81309563329928,5.171688888888889,82.58500000000001,427.10392688888896,13.75,6563.07
2023-03-01,Lula,BR,GLP,107.56,124.21652197462201,108.22144434857636,5.211460869565218,78.43434782608696,408.75753452551993,13.75,6609.67
2023-04-01,Lula,BR,GLP,107.58,123.48633357343392,108.32744149471566,5.019733333333333,84.63833333333334,424.86186311111106,13.75,6649.99
2023-05-01,Lula,BR,GLP,107.29,122.87094416138558,108.42594919912804,4.982836363636364,75.466,376.03472901818185,13.75,6665.28
2023-06-01,Lula,BR,GLP,103.46,118.57956528202162,104.4753247598893,4.851566666666667,74.83909090909091,363.08683881818183,13.75,6659.95
2023-07-01,Lula,BR,GLP,101.99,116.75466901321846,103.1764460098427,4.800833333333333,80.10809523809523,384.5856138888889,13.75,6667.94
2023-08-01,Lula,BR,GLP,101.09,115.45875987539054,102.31497217768556,4.903543478260869,86.14772727272727,422.4291262351778,13.28225806451613,6683.28
2023-09-01,Lula,BR,GLP,101.41,115.52382217572597,102.32045276216732,4.93699,93.72238095238096,462.70645753809526,13.083333333333334,6700.66
2023-10-01,Lula,BR,GLP,101.76,115.64501302715306,102.91042827822122,5.064842857142857,90.59590909090907,458.85404304545443,12.75,6716.74
2023-11-01,Lula,BR,GLP,101.38,114.8914130843064,102.33803992114342,4.89834,82.94,406.2683196,12.266666666666667,6735.55
2023-12-01,Lula,BR,GLP,100.93,113.7444548792533,102.02277890574908,4.897245,77.63105263157895,380.1782843447369,11.959677419354838,6773.27
2024-01-01,Lula,BR,GLP,100.88,113.21257599548348,101.97040433403804,4.914395454545455,80.12409090909091,393.7614681632232,11.75,6801.72
2024-02-01,Lula,BR,GLP,102.09,113.62746194684588,102.96883635076362,4.964389473684211,83.47809523809524,414.417777283208,11.25,6858.17
2024-03-01,Lula,BR,GLP,102.18,113.54601033025968,103.10389287397246,4.980135,85.4085,425.3458601475,11.07258064516129,6869.14
2024-04-01,Lula,BR,GLP,101.86,112.76196445663966,102.84085006662684,5.129095454545455,89.93809523809524,461.30107547619053,10.75,6895.24
2024-05-01,Lula,BR,GLP,101.61,111.9701139172162,102.55081722363757,5.133047619047619,81.74619047619048,419.6070883900227,10.564516129032258,6926.96
2024-06-01,Lula,BR,GLP,101.46,111.57046749194339,102.48144078666095,5.388975,82.24600000000001,443.2216378500001,10.5,6941.51
2024-07-01,Lula,BR,GLP,102.59,112.38596844955931,103.89936647727274,5.542047826086956,85.15304347826087,471.9222394933837,10.5,6967.89
2024-08-01,Lula,BR,GLP,103.53,113.4383552573028,104.67814316921526,5.5526136363636365,80.3552380952381,446.1815908008658,10.5,6966.5
2024-09-01,Lula,BR,GLP,106.04,115.67962801997956,107.41113026235509,5.541566666666666,74.01666666666667,410.16829277777776,10.6,6997.15
2024-10-01,Lula,BR,GLP,106.57,115.61045617530729,108.20440364141336,5.624108695652174,75.63260869565217,425.3660122400756,10.75,7036.33
2024-11-01,Lula,BR,GLP,106.84,115.45312109539238,108.2805967544931,5.807057894736842,74.3452380952381,431.72710181704264,11.15,7063.77
2024-12-01,Lula,BR,GLP,107.41,115.46866196746709,108.9297404740474,6.097028571428571,73.8595,450.32348177142853,11.89516129032258,7100.5
2025-01-01,Lula,BR,GLP,107.21,115.06955821683778,107.67654674334626,6.021772727272727,79.27045454545454,477.3486612603305,12.314516129032258,7111.86
2025-02-01,Lula,BR,GLP,107.24,113.61334861895094,107.83206419753084,5.765645,75.438,434.94872751,13.25,7205.03
2025-03-01,Lula,BR,GLP,107.31,113.05437551929643,108.38423230240552,5.74681052631579,72.73285714285714,417.981949037594,13.637096774193548,7245.38
2025-04-01,Lula,BR,GLP,107.5,112.7695614948863,108.65167783380537,5.783675000000001,68.1345,394.06780428750005,14.25,7276.54
2025-05-01,Lula,BR,GLP,108.59,113.61757116069445,109.62110437513697,5.6673857142857145,64.453,365.2800114428572,14.637096774193548,7295.46
2025-06-01,Lula,BR,GLP,108.63,113.3872797098853,109.55819022687608,5.547055,71.4447619047619,396.3080237476191,14.85,7312.97
2025-07-01,Lula,BR,GLP,108.45,112.90589902045558,109.98029596268296,5.528491304347826,71.04130434782608,392.7512333364839,15.0,7331.98
2025-08-01,Lula,BR,GLP,108.1,112.6655246992385,109.9365592807642,5.44692380952381,67.87,369.682718952381,15.0,7323.91
2025-09-01,Lula,BR,GLP,109.1,113.16464235921434,110.53071323111868,5.367409090909091,67.98545454545454,364.90574677685953,15.0,7359.06
2025-10-01,Lula,BR,GLP,110.3,114.30652281934591,111.74882214621633,5.385526086956522,64.54347826086956,347.6005859168242,15.0,7365.68
2025-11-01,Lula,BR,GLP,110.34,114.1424917671102,111.66557637763373,5.340852631578947,63.797,340.7303753368421,15.0,7378.94
2025-12-01,Lula,BR,GLP,110.22,113.64334108214051,111.2794954460026,5.45309090909091,62.54428571428572,341.0596758441559,15.0,7403.29
2026-01-01,Lula,BR,GLP,110.31,113.36205474896738,111.3547456412706,5.3380238095238095,66.60238095238095,355.5250952947846,15.0,7427.72
2026-02-01,Lula,BR,GLP,110.0,112.25773459131436,111.07366325640416,5.200616666666666,70.887,368.65611364999995,15.0,7479.71
2026-03-01,Lula,BR,GLP,110.15,111.43024870353706,111.1369490353364,5.231586363636364,103.13454545454546,539.5572816198347,14.89516129032258,7545.53
2026-04-01,Lula,BR,GLP,113.69,114.24587105997954,114.5613194653049,5.033075,117.2875,590.3167840625,14.741666666666667,7596.09
2026-05-01,Lula,BR,GLP,114.71,114.60610240636636,115.5350543521384,4.983700000000001,107.13947368421051,533.950995,14.5,7640.15
2026-06-01,Lula,BR,GLP,114.52,114.23356418991763,115.82563161850106,5.127571428571429,85.3990909090909,437.88993857142856,14.391666666666667,7652.37
2026-07-01,Lula,BR,GLP,114.22,113.85456664050574,115.2279782214156,5.113947826086957,83.75869565217391,428.3375995463138,14.25,7657.73
2026-08-01,Lula,BR,GLP,113.9,113.9,115.37034622082898,5.153161904761905,91.076,469.32937363809526,14.040322580645162,7633.23
2019-01-01,Bolsonaro,CO,GLP,77.06907511940946,114.96854095595012,77.06907511940946,3.7416818181818186,59.40954545454545,222.29161605371903,6.5,5116.93
2019-02-01,Bolsonaro,CO,GLP,76.73263700488334,113.97661901695209,76.73263700488334,3.723625,63.9605,238.16491681250002,6.5,5138.93
2019-03-01,Bolsonaro,CO,GLP,76.41821824104235,112.66464818223412,76.41821824104235,3.846484210526316,66.13857142857144,254.40097070676697,6.5,5177.47
2019-04-01,Bolsonaro,CO,GLP,76.7186600271616,112.46656935097327,76.7186600271616,3.896157142857143,71.23333333333333,277.5362604761905,6.5,5206.98
2019-05-01,Bolsonaro,CO,GLP,77.03992776057792,112.79088713111987,77.03992776057792,4.001518181818182,71.31772727272727,285.3791823677686,6.5,5213.75
2019-06-01,Bolsonaro,CO,GLP,76.95487235198263,112.65512531635767,76.95487235198263,3.8588263157894738,64.2205,247.81575541315792,6.5,5214.27
2019-07-01,Bolsonaro,CO,GLP,76.52815538194444,111.81793343761504,76.52815538194444,3.779339130434783,63.9191304347826,241.57207083553877,6.5,5224.18
2019-08-01,Bolsonaro,CO,GLP,75.9674823657081,110.87667816173331,75.9674823657081,4.019981818181818,59.041818181818186,237.34703560330578,6.0,5229.93
2019-09-01,Bolsonaro,CO,GLP,75.80072977260708,110.6775273386633,75.80072977260708,4.1215,62.82666666666668,258.94010666666674,5.8,5227.84
2019-10-01,Bolsonaro,CO,GLP,75.71531886625333,110.44232991904387,75.71531886625333,4.086986956521739,59.71304347826087,244.04642982986766,5.483870967741935,5233.07
2019-11-01,Bolsonaro,CO,GLP,75.92728308026031,110.1895172073888,75.92728308026031,4.155345,63.21190476190476,262.6672723928571,5.0,5259.76
2019-12-01,Bolsonaro,CO,GLP,76.29116504854369,109.45876787434709,76.29116504854369,4.109590476190476,67.21714285714286,276.234930122449,4.67741935483871,5320.25
2020-01-01,Bolsonaro,CO,GLP,76.47499563699826,109.49263628568076,76.47499563699826,4.149463636363636,63.64545454545455,264.09449925619833,4.5,5331.42
2020-02-01,Bolsonaro,CO,GLP,76.6045652173913,109.40460552024842,76.6045652173913,4.341011111111111,55.657,241.6076554111111,4.293103448275862,5344.75
2020-03-01,Bolsonaro,CO,GLP,76.45690332326284,109.1173636211771,76.45690332326284,4.883854545454546,32.01136363636363,156.3388438016529,4.040322580645161,5348.49
2020-04-01,Bolsonaro,CO,GLP,76.72014201762977,109.83352863293493,76.72014201762977,5.32558,18.3785,97.87617203,3.75,5331.91
2020-05-01,Bolsonaro,CO,GLP,75.84036085292509,108.98815201931102,75.84036085292509,5.643445,29.378947368421056,165.79847363157896,3.1451612903225805,5311.65
2020-06-01,Bolsonaro,CO,GLP,76.06341603053436,109.02523897405214,76.06341603053436,5.1966,40.26681818181818,209.25054736363637,2.675,5325.46
2020-07-01,Bolsonaro,CO,GLP,75.982474022761,108.5185878507511,75.982474022761,5.280191304347826,43.24217391304348,228.3269506767486,2.25,5344.63
2020-08-01,Bolsonaro,CO,GLP,76.02679231337768,108.32185249917758,76.02679231337768,5.461233333333333,44.736,244.3137344,2.040322580645161,5357.46
2020-10-01,Bolsonaro,CO,GLP,76.34502547770701,107.16187557964838,76.34502547770701,5.625790476190476,40.18954545454546,226.09796206060608,2.0,5438.12
2020-11-01,Bolsonaro,CO,GLP,79.40212356321838,110.46978260290044,79.40212356321838,5.417835,42.69238095238095,231.30027575714286,2.0,5486.52
2020-12-01,Bolsonaro,CO,GLP,80.2532909930716,110.16669605330439,80.2532909930716,5.145586363636364,49.99363636363637,257.2465735413224,2.0,5560.59
2021-01-01,Bolsonaro,CO,GLP,82.25988372093023,112.6396517376686,82.25988372093023,5.356245,54.774,293.38296363,2.0,5574.49
2021-02-01,Bolsonaro,CO,GLP,84.24552661381654,114.37500886883123,84.24552661381654,5.416494444444444,62.2765,337.3203162694444,2.0,5622.43
2021-03-01,Bolsonaro,CO,GLP,87.86567857142857,118.1906655556196,87.86567857142857,5.646147826086957,65.41,369.31452930434784,2.338709677419355,5674.72
2021-04-01,Bolsonaro,CO,GLP,89.78665029469548,120.40141043424872,89.78665029469548,5.562135,64.8065,360.46250187749996,2.75,5692.31
2021-05-01,Bolsonaro,CO,GLP,92.51676328502415,123.0410925245393,92.51676328502415,5.291057142857143,68.53421052631579,362.6184241353384,3.379032258064516,5739.56
2021-06-01,Bolsonaro,CO,GLP,92.66440633245382,122.58772584117735,92.66440633245382,5.031904761904762,73.1640909090909,368.15473744588746,3.85,5769.98
2021-07-01,Bolsonaro,CO,GLP,98.5999668874172,129.19972898614844,98.5999668874172,5.156704545454546,75.1659090909091,387.6083850723141,4.25,5825.37
2021-08-01,Bolsonaro,CO,GLP,100.72486029411763,130.84572550316412,100.72486029411763,5.251718181818182,70.74714285714286,371.5440564545455,5.120967741935484,5876.05
2021-09-01,Bolsonaro,CO,GLP,103.95264214046824,133.49030847932463,103.95264214046824,5.279690476190477,74.48863636363636,393.2769439935065,5.516666666666667,5944.21
2021-10-01,Bolsonaro,CO,GLP,106.47351407000689,135.0395399865745,106.47351407000689,5.53998,83.53809523809524,462.7993768571429,6.443548387096774,6018.51
2021-11-01,Bolsonaro,CO,GLP,108.91567247820672,136.83686604004185,108.91567247820672,5.55686,81.05,450.383503,7.75,6075.69
2021-12-01,Bolsonaro,CO,GLP,108.27724097788123,135.04896767824923,108.27724097788123,5.651391304347826,74.1704761904762,419.16638418219463,8.862903225806452,6120.04
2022-01-01,Bolsonaro,CO,GLP,110.08335790884718,136.56416371133034,110.08335790884718,5.534104761904762,86.50523809523808,478.7290500725623,9.25,6153.09
2022-02-01,Bolsonaro,CO,GLP,109.58548902195608,134.58711849696323,109.58548902195608,5.196578947368421,97.129,504.7385165789474,10.642857142857142,6215.24
2022-03-01,Bolsonaro,CO,GLP,115.46067588325651,139.5420618930783,115.46067588325651,4.968381818181818,117.24521739130434,582.5190063557312,11.233870967741936,6315.93
2022-04-01,Bolsonaro,CO,GLP,119.95028642590286,143.44749154845374,119.95028642590286,4.758015789473684,104.57526315789474,497.5707532936288,11.75,6382.88
2022-05-01,Bolsonaro,CO,GLP,119.75807712082262,142.5476458347851,119.75807712082262,4.95505,113.33761904761906,561.5935692619048,12.620967741935484,6412.88
2022-06-01,Bolsonaro,CO,GLP,119.5034567229178,141.29779517198787,119.5034567229178,5.049209523809524,122.71095238095238,619.5933094376418,13.0,6455.85
2022-07-01,Bolsonaro,CO,GLP,118.60641860465115,141.19730701043852,118.60641860465115,5.368071428571429,111.92571428571428,600.8252289795918,13.25,6411.95
2022-08-01,Bolsonaro,CO,GLP,117.59139438085327,140.49466640106317,117.59139438085327,5.143286956521739,100.44636363636364,516.6244719209486,13.701612903225806,6388.87
2022-09-01,Bolsonaro,CO,GLP,118.22503296703296,141.6625907557438,118.22503296703296,5.236957142857143,89.7647619047619,470.0942110340136,13.75,6370.34
2022-10-01,Bolsonaro,CO,GLP,111.02332402234636,132.25278172937203,111.02332402234636,5.2503,93.33190476190477,490.0204995714286,13.75,6407.93
2022-11-01,Bolsonaro,CO,GLP,113.51490147783252,134.66870029026694,113.51490147783252,5.274649999999999,91.41545454545457,482.1845273181819,13.75,6434.2
2022-12-01,Bolsonaro,CO,GLP,113.7929069767442,134.16672170484085,113.7929069767442,5.242431818181818,80.924,424.23855245454547,13.75,6474.09
2023-01-01,Lula,CO,GLP,113.39941950927587,132.99794895531772,113.39941950927587,5.200681818181819,82.50142857142858,429.0636795454546,13.75,6508.4
2023-02-01,Lula,CO,GLP,112.47254076086956,130.81207000871427,112.47254076086956,5.171688888888889,82.58500000000001,427.10392688888896,13.75,6563.07
2023-03-01,Lula,CO,GLP,111.9759946524064,129.3163685419375,111.9759946524064,5.211460869565218,78.43434782608696,408.75753452551993,13.75,6609.67
2023-04-01,Lula,CO,GLP,112.77690793650794,129.45163480970504,112.77690793650794,5.019733333333333,84.63833333333334,424.86186311111106,13.75,6649.99
2023-05-01,Lula,CO,GLP,112.1203137065637,128.40272909680513,112.1203137065637,4.982836363636364,75.466,376.03472901818185,13.75,6665.28
2023-06-01,Lula,CO,GLP,108.6534232250963,124.53195140571653,108.6534232250963,4.851566666666667,74.83909090909091,363.08683881818183,13.75,6659.95
2023-07-01,Lula,CO,GLP,106.11104697986578,121.4723028608717,106.11104697986578,4.800833333333333,80.10809523809523,384.5856138888889,13.75,6667.94
2023-08-01,Lula,CO,GLP,105.75232303090728,120.78377753576274,105.75232303090728,4.903543478260869,86.14772727272727,422.4291262351778,13.28225806451613,6683.28
2023-09-01,Lula,CO,GLP,104.93894736842104,119.54391376686065,104.93894736842104,4.93699,93.72238095238096,462.70645753809526,13.083333333333334,6700.66
2023-10-01,Lula,CO,GLP,104.63694610778444,118.91451450232157,104.63694610778444,5.064842857142857,90.59590909090907,458.85404304545443,12.75,6716.74
2023-11-01,Lula,CO,GLP,104.84319487179488,118.81616503347622,104.84319487179488,4.89834,82.94,406.2683196,12.266666666666667,6735.55
2023-12-01,Lula,CO,GLP,104.94596228508044,118.27029893882046,104.94596228508044,4.897245,77.63105263157895,380.1782843447369,11.959677419354838,6773.27
2024-01-01,Lula,CO,GLP,105.482667631452,118.37791956217373,105.482667631452,4.914395454545455,80.12409090909091,393.7614681632232,11.75,6801.72
2024-02-01,Lula,CO,GLP,106.5249007936508,118.56356265375736,106.5249007936508,4.964389473684211,83.47809523809524,414.417777283208,11.25,6858.17
2024-03-01,Lula,CO,GLP,106.35234273318872,118.18246434360896,106.35234273318872,4.980135,85.4085,425.3458601475,11.07258064516129,6869.14
2024-04-01,Lula,CO,GLP,106.30790307101728,117.68592173133658,106.30790307101728,5.129095454545455,89.93809523809524,461.30107547619053,10.75,6895.24
2024-05-01,Lula,CO,GLP,105.91234628627645,116.71112566591894,105.91234628627645,5.133047619047619,81.74619047619048,419.6070883900227,10.564516129032258,6926.96
2024-06-01,Lula,CO,GLP,105.57101871101872,116.09114834603847,105.57101871101872,5.388975,82.24600000000001,443.2216378500001,10.5,6941.51
2024-07-01,Lula,CO,GLP,103.77105543710022,113.67979883352584,103.77105543710022,5.542047826086956,85.15304347826087,471.9222394933837,10.5,6967.89
2024-08-01,Lula,CO,GLP,104.41114349775783,114.40382873485825,104.41114349775783,5.5526136363636365,80.3552380952381,446.1815908008658,10.5,6966.5
2024-09-01,Lula,CO,GLP,107.41145077720208,117.17575132962165,107.41145077720208,5.541566666666666,74.01666666666667,410.16829277777776,10.6,6997.15
2024-10-01,Lula,CO,GLP,108.82533790401568,118.05711699835989,108.82533790401568,5.624108695652174,75.63260869565217,425.3660122400756,10.75,7036.33
2024-11-01,Lula,CO,GLP,108.3375138121547,117.07135998997043,108.3375138121547,5.807057894736842,74.3452380952381,431.72710181704264,11.15,7063.77
2024-12-01,Lula,CO,GLP,108.3457527881041,116.47462158365465,108.3457527881041,6.097028571428571,73.8595,450.32348177142853,11.89516129032258,7100.5
2025-01-01,Lula,CO,GLP,110.2168438538206,118.29683360053475,110.2168438538206,6.021772727272727,79.27045454545454,477.3486612603305,12.314516129032258,7111.86
2025-02-01,Lula,CO,GLP,109.83765130984644,116.36538017299847,109.83765130984644,5.765645,75.438,434.94872751,13.25,7205.03
2025-03-01,Lula,CO,GLP,110.37697112155809,116.28552364047306,110.37697112155809,5.74681052631579,72.73285714285714,417.981949037594,13.637096774193548,7245.38
2025-04-01,Lula,CO,GLP,111.24310946944256,116.69615510880625,111.24310946944256,5.783675000000001,68.1345,394.06780428750005,14.25,7276.54
2025-05-01,Lula,CO,GLP,111.69763957597172,116.8690902753897,111.69763957597172,5.6673857142857145,64.453,365.2800114428572,14.637096774193548,7295.46
2025-06-01,Lula,CO,GLP,111.83473549488056,116.73236154689369,111.83473549488056,5.547055,71.4447619047619,396.3080237476191,14.85,7312.97
2025-07-01,Lula,CO,GLP,110.2904152637486,114.82193166152985,110.2904152637486,5.528491304347826,71.04130434782608,392.7512333364839,15.0,7331.98
2025-08-01,Lula,CO,GLP,109.9926042983565,114.63806176050002,109.9926042983565,5.44692380952381,67.87,369.682718952381,15.0,7323.91
2025-09-01,Lula,CO,GLP,112.01700984780662,116.19032866705433,112.01700984780662,5.367409090909091,67.98545454545454,364.90574677685953,15.0,7359.06
2025-10-01,Lula,CO,GLP,112.41951447245565,116.50302625916174,112.41951447245565,5.385526086956522,64.54347826086956,347.6005859168242,15.0,7365.68
2025-11-01,Lula,CO,GLP,113.75951243781094,117.67984603827537,113.75951243781094,5.340852631578947,63.797,340.7303753368421,15.0,7378.94
2025-12-01,Lula,CO,GLP,113.68029331514325,117.21110821566505,113.68029331514325,5.45309090909091,62.54428571428572,341.0596758441559,15.0,7403.29
2026-01-01,Lula,CO,GLP,113.59809778456838,116.74112755355625,113.59809778456838,5.3380238095238095,66.60238095238095,355.5250952947846,15.0,7427.72
2026-02-01,Lula,CO,GLP,114.01069267515923,116.35074617181759,114.01069267515923,5.200616666666666,70.887,368.65611364999995,15.0,7479.71
2026-03-01,Lula,CO,GLP,113.82501349527666,115.14797605503531,113.82501349527666,5.231586363636364,103.13454545454546,539.5572816198347,14.89516129032258,7545.53
2026-04-01,Lula,CO,GLP,117.25745387453875,117.8307674920578,117.25745387453875,5.033075,117.2875,590.3167840625,14.741666666666667,7596.09
2026-05-01,Lula,CO,GLP,118.95839966832504,118.85065412331548,118.95839966832504,4.983700000000001,107.13947368421051,533.950995,14.5,7640.15
2026-06-01,Lula,CO,GLP,118.50007612456749,118.20368540417311,118.50007612456749,5.127571428571429,85.3990909090909,437.88993857142856,14.391666666666667,7652.37
2026-07-01,Lula,CO,GLP,118.2703612716763,117.89196926109926,118.2703612716763,5.113947826086957,83.75869565217391,428.3375995463138,14.25,7657.73
2026-08-01,Lula,CO,GLP,117.96734623358672,117.96734623358672,117.96734623358672,5.153161904761905,91.076,469.32937363809526,14.040322580645162,7633.23
2019-01-01,Bolsonaro,N,GLP,77.57977038425493,115.73037557484784,77.57977038425493,3.7416818181818186,59.40954545454545,222.29161605371903,6.5,5116.93
2019-02-01,Bolsonaro,N,GLP,77.39362463343109,114.95843246758471,77.39362463343109,3.723625,63.9605,238.16491681250002,6.5,5138.93
2019-03-01,Bolsonaro,N,GLP,77.45170789163723,114.18833913662117,77.45170789163723,3.846484210526316,66.13857142857144,254.40097070676697,6.5,5177.47
2019-04-01,Bolsonaro,N,GLP,77.60454639709695,113.76524428646017,77.60454639709695,3.896157142857143,71.23333333333333,277.5362604761905,6.5,5206.98
2019-05-01,Bolsonaro,N,GLP,77.91233849439402,114.06814664407831,77.91233849439402,4.001518181818182,71.31772727272727,285.3791823677686,6.5,5213.75
2019-06-01,Bolsonaro,N,GLP,78.18136579572447,114.45060321634627,78.18136579572447,3.8588263157894738,64.2205,247.81575541315792,6.5,5214.27
2019-07-01,Bolsonaro,N,GLP,77.8020625,113.67928316728653,77.8020625,3.779339130434783,63.9191304347826,241.57207083553877,6.5,5224.18
2019-08-01,Bolsonaro,N,GLP,77.48788248981967,113.09574492541317,77.48788248981967,4.019981818181818,59.041818181818186,237.34703560330578,6.0,5229.93
2019-09-01,Bolsonaro,N,GLP,77.08627920227921,112.55457301585622,77.08627920227921,4.1215,62.82666666666668,258.94010666666674,5.8,5227.84
2019-10-01,Bolsonaro,N,GLP,77.22666503428012,112.64685860109229,77.22666503428012,4.086986956521739,59.71304347826087,244.04642982986766,5.483870967741935,5233.07
2019-11-01,Bolsonaro,N,GLP,77.73278137890395,112.80974774607414,77.73278137890395,4.155345,63.21190476190476,262.6672723928571,5.0,5259.76
2019-12-01,Bolsonaro,N,GLP,78.2633201626961,112.28831791090583,78.2633201626961,4.109590476190476,67.21714285714286,276.234930122449,4.67741935483871,5320.25
2020-01-01,Bolsonaro,N,GLP,79.21989990467112,113.42263722410402,79.21989990467112,4.149463636363636,63.64545454545455,264.09449925619833,4.5,5331.42
2020-02-01,Bolsonaro,N,GLP,79.75218861209964,113.89995765555682,79.75218861209964,4.341011111111111,55.657,241.6076554111111,4.293103448275862,5344.75
2020-03-01,Bolsonaro,N,GLP,79.98709388185654,114.15556252920054,79.98709388185654,4.883854545454546,32.01136363636363,156.3388438016529,4.040322580645161,5348.49
2020-04-01,Bolsonaro,N,GLP,79.03752960172228,113.15113009817394,79.03752960172228,5.32558,18.3785,97.87617203,3.75,5331.91
2020-05-01,Bolsonaro,N,GLP,78.98170924574208,113.50249968764429,78.98170924574208,5.643445,29.378947368421056,165.79847363157896,3.1451612903225805,5311.65
2020-06-01,Bolsonaro,N,GLP,79.12481688708037,113.4132874919666,79.12481688708037,5.1966,40.26681818181818,209.25054736363637,2.675,5325.46
2020-07-01,Bolsonaro,N,GLP,79.82098152424942,114.00076540384391,79.82098152424942,5.280191304347826,43.24217391304348,228.3269506767486,2.25,5344.63
2020-08-01,Bolsonaro,N,GLP,80.16168548387097,114.21318731004028,80.16168548387097,5.461233333333333,44.736,244.3137344,2.040322580645161,5357.46
2020-10-01,Bolsonaro,N,GLP,82.6291627218935,115.98261968541317,82.6291627218935,5.625790476190476,40.18954545454546,226.09796206060608,2.0,5438.12
2020-11-01,Bolsonaro,N,GLP,83.64744377267232,116.37616872423237,83.64744377267232,5.417835,42.69238095238095,231.30027575714286,2.0,5486.52
2020-12-01,Bolsonaro,N,GLP,86.08456989247311,118.17151083613834,86.08456989247311,5.145586363636364,49.99363636363637,257.2465735413224,2.0,5560.59
2021-01-01,Bolsonaro,N,GLP,88.11378571428571,120.65548463229051,88.11378571428571,5.356245,54.774,293.38296363,2.0,5574.49
2021-02-01,Bolsonaro,N,GLP,91.3987037037037,124.08644075110267,91.3987037037037,5.416494444444444,62.2765,337.3203162694444,2.0,5622.43
2021-03-01,Bolsonaro,N,GLP,94.5969006849315,127.24502710534433,94.5969006849315,5.646147826086957,65.41,369.31452930434784,2.338709677419355,5674.72
2021-04-01,Bolsonaro,N,GLP,95.99494071146246,128.72655587748324,95.99494071146246,5.562135,64.8065,360.46250187749996,2.75,5692.31
2021-05-01,Bolsonaro,N,GLP,96.36214401294498,128.15519108501903,96.36214401294498,5.291057142857143,68.53421052631579,362.6184241353384,3.379032258064516,5739.56
2021-06-01,Bolsonaro,N,GLP,97.76529749103942,129.3358038966386,97.76529749103942,5.031904761904762,73.1640909090909,368.15473744588746,3.85,5769.98
2021-07-01,Bolsonaro,N,GLP,102.63286268425136,134.484203823501,102.63286268425136,5.156704545454546,75.1659090909091,387.6083850723141,4.25,5825.37
2021-08-01,Bolsonaro,N,GLP,104.12056172436316,135.25688096106407,104.12056172436316,5.251718181818182,70.74714285714286,371.5440564545455,5.120967741935484,5876.05
2021-09-01,Bolsonaro,N,GLP,106.41187009279086,136.64831477158341,106.41187009279086,5.279690476190477,74.48863636363636,393.2769439935065,5.516666666666667,5944.21
2021-10-01,Bolsonaro,N,GLP,108.7618114874816,137.94177002291082,108.7618114874816,5.53998,83.53809523809524,462.7993768571429,6.443548387096774,6018.51
2021-11-01,Bolsonaro,N,GLP,110.62212023270848,138.98077203147582,110.62212023270848,5.55686,81.05,450.383503,7.75,6075.69
2021-12-01,Bolsonaro,N,GLP,111.42243935309972,138.9718215474509,111.42243935309972,5.651391304347826,74.1704761904762,419.16638418219463,8.862903225806452,6120.04
2022-01-01,Bolsonaro,N,GLP,111.83338197969545,138.73516011124013,111.83338197969545,5.534104761904762,86.50523809523808,478.7290500725623,9.25,6153.09
2022-02-01,Bolsonaro,N,GLP,112.37815772462832,138.01692692291283,112.37815772462832,5.196578947368421,97.129,504.7385165789474,10.642857142857142,6215.24
2022-03-01,Bolsonaro,N,GLP,119.75464855286474,144.73161925055908,119.75464855286474,4.968381818181818,117.24521739130434,582.5190063557312,11.233870967741936,6315.93
2022-04-01,Bolsonaro,N,GLP,124.04288323548596,148.3417920436556,124.04288323548596,4.758015789473684,104.57526315789474,497.5707532936288,11.75,6382.88
2022-05-01,Bolsonaro,N,GLP,123.67463507625271,147.20951190465195,123.67463507625271,4.95505,113.33761904761906,561.5935692619048,12.620967741935484,6412.88
2022-06-01,Bolsonaro,N,GLP,123.81133030130756,146.39131342826272,123.81133030130756,5.049209523809524,122.71095238095238,619.5933094376418,13.0,6455.85
2022-07-01,Bolsonaro,N,GLP,123.6697016780609,147.2249903601907,123.6697016780609,5.368071428571429,111.92571428571428,600.8252289795918,13.25,6411.95
2022-08-01,Bolsonaro,N,GLP,122.53971774193548,146.4067745406111,122.53971774193548,5.143286956521739,100.44636363636364,516.6244719209486,13.701612903225806,6388.87
2022-09-01,Bolsonaro,N,GLP,122.23166130760984,146.46351435607622,122.23166130760984,5.236957142857143,89.7647619047619,470.0942110340136,13.75,6370.34
2022-10-01,Bolsonaro,N,GLP,116.62515775034294,138.92577679447967,116.62515775034294,5.2503,93.33190476190477,490.0204995714286,13.75,6407.93
2022-11-01,Bolsonaro,N,GLP,118.18349322210636,140.2072963177674,118.18349322210636,5.274649999999999,91.41545454545457,482.1845273181819,13.75,6434.2
2022-12-01,Bolsonaro,N,GLP,120.29670973298882,141.834984319826,120.29670973298882,5.242431818181818,80.924,424.23855245454547,13.75,6474.09
2023-01-01,Lula,N,GLP,120.39973542116633,141.208111426604,120.39973542116633,5.200681818181819,82.50142857142858,429.0636795454546,13.75,6508.4
2023-02-01,Lula,N,GLP,120.71599201824402,140.39968059969203,120.71599201824402,5.171688888888889,82.58500000000001,427.10392688888896,13.75,6563.07
2023-03-01,Lula,N,GLP,120.3728817204301,139.01358039581984,120.3728817204301,5.211460869565218,78.43434782608696,408.75753452551993,13.75,6609.67
2023-04-01,Lula,N,GLP,120.56254545454546,138.3884244698112,120.56254545454546,5.019733333333333,84.63833333333334,424.86186311111106,13.75,6649.99
2023-05-01,Lula,N,GLP,120.35464071856288,137.8328673622347,120.35464071856288,4.982836363636364,75.466,376.03472901818185,13.75,6665.28
2023-06-01,Lula,N,GLP,117.04967145790556,134.15522093448575,117.04967145790556,4.851566666666667,74.83909090909091,363.08683881818183,13.75,6659.95
2023-07-01,Lula,N,GLP,116.01578971962616,132.81091409963827,116.01578971962616,4.800833333333333,80.10809523809523,384.5856138888889,13.75,6667.94
2023-08-01,Lula,N,GLP,114.38055953446732,130.63841683354312,114.38055953446732,4.903543478260869,86.14772727272727,422.4291262351778,13.28225806451613,6683.28
2023-09-01,Lula,N,GLP,114.37744041450776,130.2960170334315,114.37744041450776,4.93699,93.72238095238096,462.70645753809526,13.083333333333334,6700.66
2023-10-01,Lula,N,GLP,115.72444683598796,131.51488956277424,115.72444683598796,5.064842857142857,90.59590909090907,458.85404304545443,12.75,6716.74
2023-11-01,Lula,N,GLP,117.15351946721312,132.7671473603069,117.15351946721312,4.89834,82.94,406.2683196,12.266666666666667,6735.55
2023-12-01,Lula,N,GLP,116.58912823112011,131.39172530958206,116.58912823112011,4.897245,77.63105263157895,380.1782843447369,11.959677419354838,6773.27
2024-01-01,Lula,N,GLP,116.29872201872205,130.51623616893514,116.29872201872205,4.914395454545455,80.12409090909091,393.7614681632232,11.75,6801.72
2024-02-01,Lula,N,GLP,116.50243725868724,129.66868700486123,116.50243725868724,4.964389473684211,83.47809523809524,414.417777283208,11.25,6858.17
2024-03-01,Lula,N,GLP,116.6878402366864,129.6676327356673,116.6878402366864,4.980135,85.4085,425.3458601475,11.07258064516129,6869.14
2024-04-01,Lula,N,GLP,116.66796407185628,129.15480873649292,116.66796407185628,5.129095454545455,89.93809523809524,461.30107547619053,10.75,6895.24
2024-05-01,Lula,N,GLP,117.00414278776104,128.93383718858217,117.00414278776104,5.133047619047619,81.74619047619048,419.6070883900227,10.564516129032258,6926.96
2024-06-01,Lula,N,GLP,117.4735091615769,129.17971944683845,117.4735091615769,5.388975,82.24600000000001,443.2216378500001,10.5,6941.51
2024-07-01,Lula,N,GLP,119.8844456404736,131.33180159219393,119.8844456404736,5.542047826086956,85.15304347826087,471.9222394933837,10.5,6967.89
2024-08-01,Lula,N,GLP,120.278225,131.78947181751957,120.278225,5.5526136363636365,80.3552380952381,446.1815908008658,10.5,6966.5
2024-09-01,Lula,N,GLP,120.66418181818182,131.63322961205634,120.66418181818182,5.541566666666666,74.01666666666667,410.16829277777776,10.6,6997.15
2024-10-01,Lula,N,GLP,122.43087108013935,132.8168232665398,122.43087108013935,5.624108695652174,75.63260869565217,425.3660122400756,10.75,7036.33
2024-11-01,Lula,N,GLP,123.49511873350924,133.45092566295116,123.49511873350924,5.807057894736842,74.3452380952381,431.72710181704264,11.15,7063.77
2024-12-01,Lula,N,GLP,123.80366211962225,133.09229319081248,123.80366211962225,6.097028571428571,73.8595,450.32348177142853,11.89516129032258,7100.5
2025-01-01,Lula,N,GLP,119.9236859688196,128.71528368777967,119.9236859688196,6.021772727272727,79.27045454545454,477.3486612603305,12.314516129032258,7111.86
2025-02-01,Lula,N,GLP,119.90886941279578,127.03513785061759,119.90886941279578,5.765645,75.438,434.94872751,13.25,7205.03
2025-03-01,Lula,N,GLP,121.57023952095808,128.07797512602,121.57023952095808,5.74681052631579,72.73285714285714,417.981949037594,13.637096774193548,7245.38
2025-04-01,Lula,N,GLP,121.61161011310712,127.57291111760159,121.61161011310712,5.783675000000001,68.1345,394.06780428750005,14.25,7276.54
2025-05-01,Lula,N,GLP,122.54673541963017,128.22048468598052,122.54673541963017,5.6673857142857145,64.453,365.2800114428572,14.637096774193548,7295.46
2025-06-01,Lula,N,GLP,121.81278649921506,127.14738557513614,121.81278649921506,5.547055,71.4447619047619,396.3080237476191,14.85,7312.97
2025-07-01,Lula,N,GLP,122.80655131264916,127.85231979305084,122.80655131264916,5.528491304347826,71.04130434782608,392.7512333364839,15.0,7331.98
2025-08-01,Lula,N,GLP,123.18606602475928,128.38873972538894,123.18606602475928,5.44692380952381,67.87,369.682718952381,15.0,7323.91
2025-09-01,Lula,N,GLP,121.20674796747969,125.72244074485123,121.20674796747969,5.367409090909091,67.98545454545454,364.90574677685953,15.0,7359.06
2025-10-01,Lula,N,GLP,122.64577922077925,127.10074851492715,122.64577922077925,5.385526086956522,64.54347826086956,347.6005859168242,15.0,7365.68
2025-11-01,Lula,N,GLP,122.07417467248908,126.28104474833566,122.07417467248908,5.340852631578947,63.797,340.7303753368421,15.0,7378.94
2025-12-01,Lula,N,GLP,122.14012747875351,125.93369775797593,122.14012747875351,5.45309090909091,62.54428571428572,341.0596758441559,15.0,7403.29
2026-01-01,Lula,N,GLP,123.036037414966,126.44019589820846,123.036037414966,5.3380238095238095,66.60238095238095,355.5250952947846,15.0,7427.72
2026-02-01,Lula,N,GLP,123.20462585034016,125.73338353754251,123.20462585034016,5.200616666666666,70.887,368.65611364999995,15.0,7479.71
2026-03-01,Lula,N,GLP,123.91192012288786,125.3521205322398,123.91192012288786,5.231586363636364,103.13454545454546,539.5572816198347,14.89516129032258,7545.53
2026-04-01,Lula,N,GLP,125.08728583545378,125.69888230099444,125.08728583545378,5.033075,117.2875,590.3167840625,14.741666666666667,7596.09
2026-05-01,Lula,N,GLP,125.93951054852322,125.82544192251511,125.93951054852322,4.983700000000001,107.13947368421051,533.950995,14.5,7640.15
2026-06-01,Lula,N,GLP,126.85761938202248,126.5403248922145,126.85761938202248,5.127571428571429,85.3990909090909,437.88993857142856,14.391666666666667,7652.37
2026-07-01,Lula,N,GLP,127.13307010475424,126.72632290714262,127.13307010475424,5.113947826086957,83.75869565217391,428.3375995463138,14.25,7657.73
2026-08-01,Lula,N,GLP,126.72681105302463,126.72681105302463,126.72681105302463,5.153161904761905,91.076,469.32937363809526,14.040322580645162,7633.23
2019-01-01,Bolsonaro,NE,GLP,67.04329842792433,100.0124912513919,67.04329842792433,3.7416818181818186,59.40954545454545,222.29161605371903,6.5,5116.93
2019-02-01,Bolsonaro,NE,GLP,67.14043213572855,99.72861291969478,67.14043213572855,3.723625,63.9605,238.16491681250002,6.5,5138.93
2019-03-01,Bolsonaro,NE,GLP,67.2772176372712,99.1879191932252,67.2772176372712,3.846484210526316,66.13857142857144,254.40097070676697,6.5,5177.47
2019-04-01,Bolsonaro,NE,GLP,67.29187040229885,98.64726269563926,67.29187040229885,3.896157142857143,71.23333333333333,277.5362604761905,6.5,5206.98
2019-05-01,Bolsonaro,NE,GLP,67.68873182651191,99.1001982143535,67.68873182651191,4.001518181818182,71.31772727272727,285.3791823677686,6.5,5213.75
2019-06-01,Bolsonaro,NE,GLP,67.61446566666666,98.98159622742395,67.61446566666666,3.8588263157894738,64.2205,247.81575541315792,6.5,5214.27
2019-07-01,Bolsonaro,NE,GLP,67.45852715304443,98.56598609168009,67.45852715304443,3.779339130434783,63.9191304347826,241.57207083553877,6.5,5224.18
2019-08-01,Bolsonaro,NE,GLP,66.74732471728595,97.4195986278456,66.74732471728595,4.019981818181818,59.041818181818186,237.34703560330578,6.0,5229.93
2019-09-01,Bolsonaro,NE,GLP,66.73960266840221,97.44727024479093,66.73960266840221,4.1215,62.82666666666668,258.94010666666674,5.8,5227.84
2019-10-01,Bolsonaro,NE,GLP,66.65648599401686,97.22864180760229,66.65648599401686,4.086986956521739,59.71304347826087,244.04642982986766,5.483870967741935,5233.07
2019-11-01,Bolsonaro,NE,GLP,67.1301661107405,97.42269568601755,67.1301661107405,4.155345,63.21190476190476,262.6672723928571,5.0,5259.76
2019-12-01,Bolsonaro,NE,GLP,67.311723183391,96.57551144310054,67.311723183391,4.109590476190476,67.21714285714286,276.234930122449,4.67741935483871,5320.25
2020-01-01,Bolsonaro,NE,GLP,68.1594139573991,97.58684992029093,68.1594139573991,4.149463636363636,63.64545454545455,264.09449925619833,4.5,5331.42
2020-02-01,Bolsonaro,NE,GLP,68.22857857857858,97.44224385862076,68.22857857857858,4.341011111111111,55.657,241.6076554111111,4.293103448275862,5344.75
2020-03-01,Bolsonaro,NE,GLP,68.18470926885435,97.3114969519055,68.18470926885435,4.883854545454546,32.01136363636363,156.3388438016529,4.040322580645161,5348.49
2020-04-01,Bolsonaro,NE,GLP,67.93295968234575,97.2536869219608,67.93295968234575,5.32558,18.3785,97.87617203,3.75,5331.91
2020-05-01,Bolsonaro,NE,GLP,67.55552114552115,97.08223069547626,67.55552114552115,5.643445,29.378947368421056,165.79847363157896,3.1451612903225805,5311.65
2020-06-01,Bolsonaro,NE,GLP,67.67937799182721,97.00800653249769,67.67937799182721,5.1966,40.26681818181818,209.25054736363637,2.675,5325.46
2020-07-01,Bolsonaro,NE,GLP,68.50540605334133,97.83979819904214,68.50540605334133,5.280191304347826,43.24217391304348,228.3269506767486,2.25,5344.63
2020-08-01,Bolsonaro,NE,GLP,68.42683826247689,97.49355004615741,68.42683826247689,5.461233333333333,44.736,244.3137344,2.040322580645161,5357.46
2020-10-01,Bolsonaro,NE,GLP,71.7436005221932,100.7030745577554,71.7436005221932,5.625790476190476,40.18954545454546,226.09796206060608,2.0,5438.12
2020-11-01,Bolsonaro,NE,GLP,73.56642586750789,102.35075219349189,73.56642586750789,5.417835,42.69238095238095,231.30027575714286,2.0,5486.52
2020-12-01,Bolsonaro,NE,GLP,74.43938137755102,102.18572473650524,74.43938137755102,5.145586363636364,49.99363636363637,257.2465735413224,2.0,5560.59
2021-01-01,Bolsonaro,NE,GLP,76.01728081321474,104.09156504395114,76.01728081321474,5.356245,54.774,293.38296363,2.0,5574.49
2021-02-01,Bolsonaro,NE,GLP,78.73915757575757,106.89934775212852,78.73915757575757,5.416494444444444,62.2765,337.3203162694444,2.0,5622.43
2021-03-01,Bolsonaro,NE,GLP,82.1343350176857,110.48126957577624,82.1343350176857,5.646147826086957,65.41,369.31452930434784,2.338709677419355,5674.72
2021-04-01,Bolsonaro,NE,GLP,84.1268580060423,112.81178578423561,84.1268580060423,5.562135,64.8065,360.46250187749996,2.75,5692.31
2021-05-01,Bolsonaro,NE,GLP,84.34969495285635,112.17943919133027,84.34969495285635,5.291057142857143,68.53421052631579,362.6184241353384,3.379032258064516,5739.56
2021-06-01,Bolsonaro,NE,GLP,86.42307513555383,114.33093525748157,86.42307513555383,5.031904761904762,73.1640909090909,368.15473744588746,3.85,5769.98
2021-07-01,Bolsonaro,NE,GLP,90.51684901531728,118.60807595211811,90.51684901531728,5.156704545454546,75.1659090909091,387.6083850723141,4.25,5825.37
2021-08-01,Bolsonaro,NE,GLP,91.73662196144174,119.16963518941056,91.73662196144174,5.251718181818182,70.74714285714286,371.5440564545455,5.120967741935484,5876.05
2021-09-01,Bolsonaro,NE,GLP,96.1912885961301,123.5236019337537,96.1912885961301,5.279690476190477,74.48863636363636,393.2769439935065,5.516666666666667,5944.21
2021-10-01,Bolsonaro,NE,GLP,98.885166163142,125.41529662848119,98.885166163142,5.53998,83.53809523809524,462.7993768571429,6.443548387096774,6018.51
2021-11-01,Bolsonaro,NE,GLP,100.137967053538,125.80894256489023,100.137967053538,5.55686,81.05,450.383503,7.75,6075.69
2021-12-01,Bolsonaro,NE,GLP,99.861503243037,124.55242488608691,99.861503243037,5.651391304347826,74.1704761904762,419.16638418219463,8.862903225806452,6120.04
2022-01-01,Bolsonaro,NE,GLP,99.68951831210192,123.67006201201116,99.68951831210192,5.534104761904762,86.50523809523808,478.7290500725623,9.25,6153.09
2022-02-01,Bolsonaro,NE,GLP,100.68112658227848,123.65125013058957,100.68112658227848,5.196578947368421,97.129,504.7385165789474,10.642857142857142,6215.24
2022-03-01,Bolsonaro,NE,GLP,107.28798759476224,129.66481350299432,107.28798759476224,4.968381818181818,117.24521739130434,582.5190063557312,11.233870967741936,6315.93
2022-04-01,Bolsonaro,NE,GLP,111.33447601476014,133.14391972748155,111.33447601476014,4.758015789473684,104.57526315789474,497.5707532936288,11.75,6382.88
2022-05-01,Bolsonaro,NE,GLP,110.26934789490343,131.25324260422988,110.26934789490343,4.95505,113.33761904761906,561.5935692619048,12.620967741935484,6412.88
2022-06-01,Bolsonaro,NE,GLP,110.3137213010204,130.432089786254,110.3137213010204,5.049209523809524,122.71095238095238,619.5933094376418,13.0,6455.85
2022-07-01,Bolsonaro,NE,GLP,110.36647675637889,131.38790872840462,110.36647675637889,5.368071428571429,111.92571428571428,600.8252289795918,13.25,6411.95
2022-08-01,Bolsonaro,NE,GLP,110.67234464902188,132.22799358028152,110.67234464902188,5.143286956521739,100.44636363636364,516.6244719209486,13.701612903225806,6388.87
2022-09-01,Bolsonaro,NE,GLP,112.35257668711655,134.6259475860627,112.35257668711655,5.236957142857143,89.7647619047619,470.0942110340136,13.75,6370.34
2022-10-01,Bolsonaro,NE,GLP,111.63165554072096,132.9774360867078,111.63165554072096,5.2503,93.33190476190477,490.0204995714286,13.75,6407.93
2022-11-01,Bolsonaro,NE,GLP,110.53744696415508,131.13638933980874,110.53744696415508,5.274649999999999,91.41545454545457,482.1845273181819,13.75,6434.2
2022-12-01,Bolsonaro,NE,GLP,109.32375135135136,128.89739539111685,109.32375135135136,5.242431818181818,80.924,424.23855245454547,13.75,6474.09
2023-01-01,Lula,NE,GLP,107.84808538163,126.48719205605366,107.84808538163,5.200681818181819,82.50142857142858,429.0636795454546,13.75,6508.4
2023-02-01,Lula,NE,GLP,107.10040042523032,124.56396008847702,107.10040042523032,5.171688888888889,82.58500000000001,427.10392688888896,13.75,6563.07
2023-03-01,Lula,NE,GLP,106.940953340047,123.50161101293209,106.940953340047,5.211460869565218,78.43434782608696,408.75753452551993,13.75,6609.67
2023-04-01,Lula,NE,GLP,106.96221980413492,122.77721095453026,106.96221980413492,5.019733333333333,84.63833333333334,424.86186311111106,13.75,6649.99
2023-05-01,Lula,NE,GLP,106.54747073791349,122.0205827903349,106.54747073791349,4.982836363636364,75.466,376.03472901818185,13.75,6665.28
2023-06-01,Lula,NE,GLP,102.72735249621786,117.73984923230731,102.72735249621786,4.851566666666667,74.83909090909091,363.08683881818183,13.75,6659.95
2023-07-01,Lula,NE,GLP,100.91643520908622,115.52568870311568,100.91643520908622,4.800833333333333,80.10809523809523,384.5856138888889,13.75,6667.94
2023-08-01,Lula,NE,GLP,99.67447335185652,113.84203268808007,99.67447335185652,4.903543478260869,86.14772727272727,422.4291262351778,13.28225806451613,6683.28
2023-09-01,Lula,NE,GLP,99.5628606624692,113.41960566490164,99.5628606624692,4.93699,93.72238095238096,462.70645753809526,13.083333333333334,6700.66
2023-10-01,Lula,NE,GLP,100.14366535706031,113.80813172959999,100.14366535706031,5.064842857142857,90.59590909090907,458.85404304545443,12.75,6716.74
2023-11-01,Lula,NE,GLP,99.67111334506156,112.95477466857557,99.67111334506156,4.89834,82.94,406.2683196,12.266666666666667,6735.55
2023-12-01,Lula,NE,GLP,99.34525135135137,111.958500542969,99.34525135135137,4.897245,77.63105263157895,380.1782843447369,11.959677419354838,6773.27
2024-01-01,Lula,NE,GLP,99.56029815016322,111.73154064689083,99.56029815016322,4.914395454545455,80.12409090909091,393.7614681632232,11.75,6801.72
2024-02-01,Lula,NE,GLP,101.14296812215376,112.57340348213411,101.14296812215376,4.964389473684211,83.47809523809524,414.417777283208,11.25,6858.17
2024-03-01,Lula,NE,GLP,101.78132277971558,113.10298617902798,101.78132277971558,4.980135,85.4085,425.3458601475,11.07258064516129,6869.14
2024-04-01,Lula,NE,GLP,101.087037299339,111.90627240305392,101.087037299339,5.129095454545455,89.93809523809524,461.30107547619053,10.75,6895.24
2024-05-01,Lula,NE,GLP,101.05249750747755,111.35576869925664,101.05249750747755,5.133047619047619,81.74619047619048,419.6070883900227,10.564516129032258,6926.96
2024-06-01,Lula,NE,GLP,100.67705528188289,110.7095024986389,100.67705528188289,5.388975,82.24600000000001,443.2216378500001,10.5,6941.51
2024-07-01,Lula,NE,GLP,98.8596153846154,108.29938215762701,98.8596153846154,5.542047826086956,85.15304347826087,471.9222394933837,10.5,6967.89
2024-08-01,Lula,NE,GLP,98.9034222737819,108.36899016764518,98.9034222737819,5.5526136363636365,80.3552380952381,446.1815908008658,10.5,6966.5
2024-09-01,Lula,NE,GLP,103.1849592760181,112.56504815453144,103.1849592760181,5.541566666666666,74.01666666666667,410.16829277777776,10.6,6997.15
2024-10-01,Lula,NE,GLP,103.44801661474558,112.22363133397302,103.44801661474558,5.624108695652174,75.63260869565217,425.3660122400756,10.75,7036.33
2024-11-01,Lula,NE,GLP,104.45868085106385,112.87982712245244,104.45868085106385,5.807057894736842,74.3452380952381,431.72710181704264,11.15,7063.77
2024-12-01,Lula,NE,GLP,104.7909463414634,112.65310827998714,104.7909463414634,6.097028571428571,73.8595,450.32348177142853,11.89516129032258,7100.5
2025-01-01,Lula,NE,GLP,104.78105617977528,112.46254868109693,104.78105617977528,6.021772727272727,79.27045454545454,477.3486612603305,12.314516129032258,7111.86
2025-02-01,Lula,NE,GLP,107.4823746701847,113.87012778624018,107.4823746701847,5.765645,75.438,434.94872751,13.25,7205.03
2025-03-01,Lula,NE,GLP,107.94912747102931,113.72771590802483,107.94912747102931,5.74681052631579,72.73285714285714,417.981949037594,13.637096774193548,7245.38
2025-04-01,Lula,NE,GLP,108.84352591036414,114.17894593924707,108.84352591036414,5.783675000000001,68.1345,394.06780428750005,14.25,7276.54
2025-05-01,Lula,NE,GLP,109.52492915734526,114.59578628238965,109.52492915734526,5.6673857142857145,64.453,365.2800114428572,14.637096774193548,7295.46
2025-06-01,Lula,NE,GLP,108.54036666666666,113.29372102593062,108.54036666666666,5.547055,71.4447619047619,396.3080237476191,14.85,7312.97
2025-07-01,Lula,NE,GLP,107.49536562203228,111.9120414577052,107.49536562203228,5.528491304347826,71.04130434782608,392.7512333364839,15.0,7331.98
2025-08-01,Lula,NE,GLP,107.09202964652223,111.61498345265342,107.09202964652223,5.44692380952381,67.87,369.682718952381,15.0,7323.91
2025-09-01,Lula,NE,GLP,107.6934227330779,111.70566148513697,107.6934227330779,5.367409090909091,67.98545454545454,364.90574677685953,15.0,7359.06
2025-10-01,Lula,NE,GLP,110.1907678676905,114.19332295330383,110.1907678676905,5.385526086956522,64.54347826086956,347.6005859168242,15.0,7365.68
2025-11-01,Lula,NE,GLP,110.1761783756851,113.97302458925412,110.1761783756851,5.340852631578947,63.797,340.7303753368421,15.0,7378.94
2025-12-01,Lula,NE,GLP,109.73369914147072,113.14193612537785,109.73369914147072,5.45309090909091,62.54428571428572,341.0596758441559,15.0,7403.29
2026-01-01,Lula,NE,GLP,110.25572368421052,113.30627671721959,110.25572368421052,5.3380238095238095,66.60238095238095,355.5250952947846,15.0,7427.72
2026-02-01,Lula,NE,GLP,109.74543735224586,111.99794708087394,109.74543735224586,5.200616666666666,70.887,368.65611364999995,15.0,7479.71
2026-03-01,Lula,NE,GLP,109.9158214876033,111.19334838690166,109.9158214876033,5.231586363636364,103.13454545454546,539.5572816198347,14.89516129032258,7545.53
2026-04-01,Lula,NE,GLP,113.30786687427012,113.86186954876585,113.30786687427012,5.033075,117.2875,590.3167840625,14.741666666666667,7596.09
2026-05-01,Lula,NE,GLP,114.09668406262546,113.99334197461496,114.09668406262546,4.983700000000001,107.13947368421051,533.950995,14.5,7640.15
2026-06-01,Lula,NE,GLP,114.45638644067796,114.17010973993366,114.45638644067796,5.127571428571429,85.3990909090909,437.88993857142856,14.391666666666667,7652.37
2026-07-01,Lula,NE,GLP,113.78020482809072,113.41617854115083,113.78020482809072,5.113947826086957,83.75869565217391,428.3375995463138,14.25,7657.73
2026-08-01,Lula,NE,GLP,113.6077766531714,113.6077766531714,113.6077766531714,5.153161904761905,91.076,469.32937363809526,14.040322580645162,7633.23
2019-01-01,Bolsonaro,S,GLP,70.32334242837653,104.90552873003081,70.32334242837653,3.7416818181818186,59.40954545454545,222.29161605371903,6.5,5116.93
2019-02-01,Bolsonaro,S,GLP,70.00871940808196,103.98909057865224,70.00871940808196,3.723625,63.9605,238.16491681250002,6.5,5138.93
2019-03-01,Bolsonaro,S,GLP,70.23790432801822,103.55290874766217,70.23790432801822,3.846484210526316,66.13857142857144,254.40097070676697,6.5,5177.47
2019-04-01,Bolsonaro,S,GLP,70.0138882475179,102.63763490307262,70.0138882475179,3.896157142857143,71.23333333333333,277.5362604761905,6.5,5206.98
2019-05-01,Bolsonaro,S,GLP,70.51615254237288,103.23970483260933,70.51615254237288,4.001518181818182,71.31772727272727,285.3791823677686,6.5,5213.75
2019-06-01,Bolsonaro,S,GLP,70.29326390870186,102.9031198740802,70.29326390870186,3.8588263157894738,64.2205,247.81575541315792,6.5,5214.27
2019-07-01,Bolsonaro,S,GLP,70.42478777985075,102.90009203832756,70.42478777985075,3.779339130434783,63.9191304347826,241.57207083553877,6.5,5224.18
2019-08-01,Bolsonaro,S,GLP,70.24648565859093,102.52672248456976,70.24648565859093,4.019981818181818,59.041818181818186,237.34703560330578,6.0,5229.93
2019-09-01,Bolsonaro,S,GLP,70.72433960674158,103.26543100331456,70.72433960674158,4.1215,62.82666666666668,258.94010666666674,5.8,5227.84
2019-10-01,Bolsonaro,S,GLP,70.07073097386075,102.20883836669547,70.07073097386075,4.086986956521739,59.71304347826087,244.04642982986766,5.483870967741935,5233.07
2019-11-01,Bolsonaro,S,GLP,70.36220034246575,102.11318739260342,70.36220034246575,4.155345,63.21190476190476,262.6672723928571,5.0,5259.76
2019-12-01,Bolsonaro,S,GLP,70.49065582104728,101.13648582921718,70.49065582104728,4.109590476190476,67.21714285714286,276.234930122449,4.67741935483871,5320.25
2020-01-01,Bolsonaro,S,GLP,71.22894457099468,101.98163276719029,71.22894457099468,4.149463636363636,63.64545454545455,264.09449925619833,4.5,5331.42
2020-02-01,Bolsonaro,S,GLP,71.36028824200913,101.91486842556739,71.36028824200913,4.341011111111111,55.657,241.6076554111111,4.293103448275862,5344.75
2020-03-01,Bolsonaro,S,GLP,71.29816356513223,101.75494037948548,71.29816356513223,4.883854545454546,32.01136363636363,156.3388438016529,4.040322580645161,5348.49
2020-04-01,Bolsonaro,S,GLP,70.9646454183267,101.59388668348376,70.9646454183267,5.32558,18.3785,97.87617203,3.75,5331.91
2020-05-01,Bolsonaro,S,GLP,70.58700571428571,101.43869600377606,70.58700571428571,5.643445,29.378947368421056,165.79847363157896,3.1451612903225805,5311.65
2020-06-01,Bolsonaro,S,GLP,70.92927692307693,101.66623812544614,70.92927692307693,5.1966,40.26681818181818,209.25054736363637,2.675,5325.46
2020-07-01,Bolsonaro,S,GLP,71.10901109989909,101.55828126513579,71.10901109989909,5.280191304347826,43.24217391304348,228.3269506767486,2.25,5344.63
2020-08-01,Bolsonaro,S,GLP,71.50387070037297,101.8776604857914,71.50387070037297,5.461233333333333,44.736,244.3137344,2.040322580645161,5357.46
2020-10-01,Bolsonaro,S,GLP,71.18333620689656,99.91665822647698,71.18333620689656,5.625790476190476,40.18954545454546,226.09796206060608,2.0,5438.12
2020-11-01,Bolsonaro,S,GLP,74.39717504655493,103.50654850080095,74.39717504655493,5.417835,42.69238095238095,231.30027575714286,2.0,5486.52
2020-12-01,Bolsonaro,S,GLP,75.44398108340499,103.56477635022172,75.44398108340499,5.145586363636364,49.99363636363637,257.2465735413224,2.0,5560.59
2021-01-01,Bolsonaro,S,GLP,76.1413862120089,104.26150436633533,76.1413862120089,5.356245,54.774,293.38296363,2.0,5574.49
2021-02-01,Bolsonaro,S,GLP,79.95383426966292,108.54844015171714,79.95383426966292,5.416494444444444,62.2765,337.3203162694444,2.0,5622.43
2021-03-01,Bolsonaro,S,GLP,83.32777248677249,112.08659683283163,83.32777248677249,5.646147826086957,65.41,369.31452930434784,2.338709677419355,5674.72
2021-04-01,Bolsonaro,S,GLP,85.28786769049024,114.36866760437869,85.28786769049024,5.562135,64.8065,360.46250187749996,2.75,5692.31
2021-05-01,Bolsonaro,S,GLP,86.18530049261084,114.62067149384477,86.18530049261084,5.291057142857143,68.53421052631579,362.6184241353384,3.379032258064516,5739.56
2021-06-01,Bolsonaro,S,GLP,87.80964147627417,116.16525353743691,87.80964147627417,5.031904761904762,73.1640909090909,368.15473744588746,3.85,5769.98
2021-07-01,Bolsonaro,S,GLP,92.83467748019616,121.64522514143441,92.83467748019616,5.156704545454546,75.1659090909091,387.6083850723141,4.25,5825.37
2021-08-01,Bolsonaro,S,GLP,94.47866529774126,122.73166196861455,94.47866529774126,5.251718181818182,70.74714285714286,371.5440564545455,5.120967741935484,5876.05
2021-09-01,Bolsonaro,S,GLP,99.27526134800551,127.48387139408534,99.27526134800551,5.279690476190477,74.48863636363636,393.2769439935065,5.516666666666667,5944.21
2021-10-01,Bolsonaro,S,GLP,103.00898497618176,130.64550435070137,103.00898497618176,5.53998,83.53809523809524,462.7993768571429,6.443548387096774,6018.51
2021-11-01,Bolsonaro,S,GLP,105.1327003058104,132.08410599542128,105.1327003058104,5.55686,81.05,450.383503,7.75,6075.69
2021-12-01,Bolsonaro,S,GLP,104.38580507079357,130.19536781467662,104.38580507079357,5.651391304347826,74.1704761904762,419.16638418219463,8.862903225806452,6120.04
2022-01-01,Bolsonaro,S,GLP,104.17330784574467,129.23243746595185,104.17330784574467,5.534104761904762,86.50523809523808,478.7290500725623,9.25,6153.09
2022-02-01,Bolsonaro,S,GLP,103.7785026737968,127.45528410241694,103.7785026737968,5.196578947368421,97.129,504.7385165789474,10.642857142857142,6215.24
2022-03-01,Bolsonaro,S,GLP,111.40409673659671,134.63941071745444,111.40409673659671,4.968381818181818,117.24521739130434,582.5190063557312,11.233870967741936,6315.93
2022-04-01,Bolsonaro,S,GLP,114.90102105934908,137.40911954804963,114.90102105934908,4.758015789473684,104.57526315789474,497.5707532936288,11.75,6382.88
2022-05-01,Bolsonaro,S,GLP,113.81502815315316,135.47365416934252,113.81502815315316,4.95505,113.33761904761906,561.5935692619048,12.620967741935484,6412.88
2022-06-01,Bolsonaro,S,GLP,113.69442281697756,134.42934378575055,113.69442281697756,5.049209523809524,122.71095238095238,619.5933094376418,13.0,6455.85
2022-07-01,Bolsonaro,S,GLP,113.42565813528336,135.02977042054118,113.42565813528336,5.368071428571429,111.92571428571428,600.8252289795918,13.25,6411.95
2022-08-01,Bolsonaro,S,GLP,113.36181912412542,135.44129691054096,113.36181912412542,5.143286956521739,100.44636363636364,516.6244719209486,13.701612903225806,6388.87
2022-09-01,Bolsonaro,S,GLP,113.90027538726332,136.48047028797833,113.90027538726332,5.236957142857143,89.7647619047619,470.0942110340136,13.75,6370.34
2022-10-01,Bolsonaro,S,GLP,109.41996923076924,130.34283953341946,109.41996923076924,5.2503,93.33190476190477,490.0204995714286,13.75,6407.93
2022-11-01,Bolsonaro,S,GLP,110.88740408163264,131.55156188151452,110.88740408163264,5.274649999999999,91.41545454545457,482.1845273181819,13.75,6434.2
2022-12-01,Bolsonaro,S,GLP,109.32827268067658,128.90272623246213,109.32827268067658,5.242431818181818,80.924,424.23855245454547,13.75,6474.09
2023-01-01,Lula,S,GLP,109.18720447810338,128.05774765509082,109.18720447810338,5.200681818181819,82.50142857142858,429.0636795454546,13.75,6508.4
2023-02-01,Lula,S,GLP,109.59158273381294,127.46134919652282,109.59158273381294,5.171688888888889,82.58500000000001,427.10392688888896,13.75,6563.07
2023-03-01,Lula,S,GLP,109.12625456962446,126.0253235287835,109.12625456962446,5.211460869565218,78.43434782608696,408.75753452551993,13.75,6609.67
2023-04-01,Lula,S,GLP,109.41159207379567,125.58873727110256,109.41159207379567,5.019733333333333,84.63833333333334,424.86186311111106,13.75,6649.99
2023-05-01,Lula,S,GLP,109.2840591058348,125.15458592713756,109.2840591058348,4.982836363636364,75.466,376.03472901818185,13.75,6665.28
2023-06-01,Lula,S,GLP,106.07707879165368,121.57910196695389,106.07707879165368,4.851566666666667,74.83909090909091,363.08683881818183,13.75,6659.95
2023-07-01,Lula,S,GLP,104.81924771628157,119.99349517922356,104.81924771628157,4.800833333333333,80.10809523809523,384.5856138888889,13.75,6667.94
2023-08-01,Lula,S,GLP,104.19556166535742,119.00574076963052,104.19556166535742,4.903543478260869,86.14772727272727,422.4291262351778,13.28225806451613,6683.28
2023-09-01,Lula,S,GLP,104.34299587992938,118.86502022794072,104.34299587992938,4.93699,93.72238095238096,462.70645753809526,13.083333333333334,6700.66
2023-10-01,Lula,S,GLP,105.3888503418587,119.76901504226545,105.3888503418587,5.064842857142857,90.59590909090907,458.85404304545443,12.75,6716.74
2023-11-01,Lula,S,GLP,104.34553120665744,118.25217527486154,104.34553120665744,4.89834,82.94,406.2683196,12.266666666666667,6735.55
2023-12-01,Lula,S,GLP,103.46635889570553,116.60283950196379,103.46635889570553,4.897245,77.63105263157895,380.1782843447369,11.959677419354838,6773.27
2024-01-01,Lula,S,GLP,103.44581449126412,116.09206120645247,103.44581449126412,4.914395454545455,80.12409090909091,393.7614681632232,11.75,6801.72
2024-02-01,Lula,S,GLP,104.63429187015224,116.4592909962865,104.63429187015224,4.964389473684211,83.47809523809524,414.417777283208,11.25,6858.17
2024-03-01,Lula,S,GLP,104.71659224441834,116.36476086058245,104.71659224441834,4.980135,85.4085,425.3458601475,11.07258064516129,6869.14
2024-04-01,Lula,S,GLP,104.96647043224608,116.20091702356028,104.96647043224608,5.129095454545455,89.93809523809524,461.30107547619053,10.75,6895.24
2024-05-01,Lula,S,GLP,104.26403335392216,114.8947514231581,104.26403335392216,5.133047619047619,81.74619047619048,419.6070883900227,10.564516129032258,6926.96
2024-06-01,Lula,S,GLP,104.66513385826772,115.09499225974535,104.66513385826772,5.388975,82.24600000000001,443.2216378500001,10.5,6941.51
2024-07-01,Lula,S,GLP,103.964234006734,113.8914233644937,103.964234006734,5.542047826086956,85.15304347826087,471.9222394933837,10.5,6967.89
2024-08-01,Lula,S,GLP,104.57572427572428,114.58416074258047,104.57572427572428,5.5526136363636365,80.3552380952381,446.1815908008658,10.5,6966.5
2024-09-01,Lula,S,GLP,108.09755898366606,117.92423060258666,108.09755898366606,5.541566666666666,74.01666666666667,410.16829277777776,10.6,6997.15
2024-10-01,Lula,S,GLP,108.21938832252086,117.39976401406925,108.21938832252086,5.624108695652174,75.63260869565217,425.3660122400756,10.75,7036.33
2024-11-01,Lula,S,GLP,108.5108,117.25861599174377,108.5108,5.807057894736842,74.3452380952381,431.72710181704264,11.15,7063.77
2024-12-01,Lula,S,GLP,108.64554867256638,116.79691028714792,108.64554867256638,6.097028571428571,73.8595,450.32348177142853,11.89516129032258,7100.5
2025-01-01,Lula,S,GLP,108.26699554896145,116.20404204163172,108.26699554896145,6.021772727272727,79.27045454545454,477.3486612603305,12.314516129032258,7111.86
2025-02-01,Lula,S,GLP,108.66633949191686,115.12445646997786,108.66633949191686,5.765645,75.438,434.94872751,13.25,7205.03
2025-03-01,Lula,S,GLP,109.08031297709924,114.91945452497772,109.08031297709924,5.74681052631579,72.73285714285714,417.981949037594,13.637096774193548,7245.38
2025-04-01,Lula,S,GLP,109.45145679969004,114.81667710025616,109.45145679969004,5.783675000000001,68.1345,394.06780428750005,14.25,7276.54
2025-05-01,Lula,S,GLP,110.65984304006608,115.78324515366043,110.65984304006608,5.6673857142857145,64.453,365.2800114428572,14.637096774193548,7295.46
2025-06-01,Lula,S,GLP,111.1519481180061,116.01967257253999,111.1519481180061,5.547055,71.4447619047619,396.3080237476191,14.85,7312.97
2025-07-01,Lula,S,GLP,110.45730846774192,114.99568202794083,110.45730846774192,5.528491304347826,71.04130434782608,392.7512333364839,15.0,7331.98
2025-08-01,Lula,S,GLP,110.95570388349516,115.6418371545543,110.95570388349516,5.44692380952381,67.87,369.682718952381,15.0,7323.91
2025-09-01,Lula,S,GLP,112.29172367538564,116.47527726512133,112.29172367538564,5.367409090909091,67.98545454545454,364.90574677685953,15.0,7359.06
2025-10-01,Lula,S,GLP,113.781833030853,117.91482949925843,113.781833030853,5.385526086956522,64.54347826086956,347.6005859168242,15.0,7365.68
2025-11-01,Lula,S,GLP,113.36276517473944,117.26942623395452,113.36276517473944,5.340852631578947,63.797,340.7303753368421,15.0,7378.94
2025-12-01,Lula,S,GLP,113.06310303514375,116.57474852139391,113.06310303514375,5.45309090909091,62.54428571428572,341.0596758441559,15.0,7403.29
2026-01-01,Lula,S,GLP,112.70992700729929,115.8283828859902,112.70992700729929,5.3380238095238095,66.60238095238095,355.5250952947846,15.0,7427.72
2026-02-01,Lula,S,GLP,112.517669365147,114.8270787675085,112.517669365147,5.200616666666666,70.887,368.65611364999995,15.0,7479.71
2026-03-01,Lula,S,GLP,112.00087481146304,113.30263581711344,112.00087481146304,5.231586363636364,103.13454545454546,539.5572816198347,14.89516129032258,7545.53
2026-04-01,Lula,S,GLP,116.35810418445772,116.92702055977853,116.35810418445772,5.033075,117.2875,590.3167840625,14.741666666666667,7596.09
2026-05-01,Lula,S,GLP,116.5282987012987,116.42275419929113,116.5282987012987,4.983700000000001,107.13947368421051,533.950995,14.5,7640.15
2026-06-01,Lula,S,GLP,116.83288937409026,116.54066859770072,116.83288937409026,5.127571428571429,85.3990909090909,437.88993857142856,14.391666666666667,7652.37
2026-07-01,Lula,S,GLP,116.14484872611465,115.77325704113883,116.14484872611465,5.113947826086957,83.75869565217391,428.3375995463138,14.25,7657.73
2026-08-01,Lula,S,GLP,116.37778764478766,116.37778764478766,116.37778764478766,5.153161904761905,91.076,469.32937363809526,14.040322580645162,7633.23
2019-01-01,Bolsonaro,SE,GLP,67.96617814548189,101.38920602889559,67.96617814548189,3.7416818181818186,59.40954545454545,222.29161605371903,6.5,5116.93
2019-02-01,Bolsonaro,SE,GLP,67.70391911863496,100.56560150341372,67.70391911863496,3.723625,63.9605,238.16491681250002,6.5,5138.93
2019-03-01,Bolsonaro,SE,GLP,67.69395887096775,99.80232771462454,67.69395887096775,3.846484210526316,66.13857142857144,254.40097070676697,6.5,5177.47
2019-04-01,Bolsonaro,SE,GLP,67.68571511023895,99.2246237072025,67.68571511023895,3.896157142857143,71.23333333333333,277.5362604761905,6.5,5206.98
2019-05-01,Bolsonaro,SE,GLP,67.3362063001853,98.58408055943676,67.3362063001853,4.001518181818182,71.31772727272727,285.3791823677686,6.5,5213.75
2019-06-01,Bolsonaro,SE,GLP,67.54707012358946,98.88293511450054,67.54707012358946,3.8588263157894738,64.2205,247.81575541315792,6.5,5214.27
2019-07-01,Bolsonaro,SE,GLP,67.50171661499597,98.62909170761452,67.50171661499597,3.779339130434783,63.9191304347826,241.57207083553877,6.5,5224.18
2019-08-01,Bolsonaro,SE,GLP,67.17356187041413,98.04170374672341,67.17356187041413,4.019981818181818,59.041818181818186,237.34703560330578,6.0,5229.93
2019-09-01,Bolsonaro,SE,GLP,67.35440088854044,98.34494427802564,67.35440088854044,4.1215,62.82666666666668,258.94010666666674,5.8,5227.84
2019-10-01,Bolsonaro,SE,GLP,67.34364174352217,98.23096317570867,67.34364174352217,4.086986956521739,59.71304347826087,244.04642982986766,5.483870967741935,5233.07
2019-11-01,Bolsonaro,SE,GLP,67.50675704697987,97.96922351850999,67.50675704697987,4.155345,63.21190476190476,262.6672723928571,5.0,5259.76
2019-12-01,Bolsonaro,SE,GLP,67.45653983201832,96.7832871654447,67.45653983201832,4.109590476190476,67.21714285714286,276.234930122449,4.67741935483871,5320.25
2020-01-01,Bolsonaro,SE,GLP,67.81219045475011,97.08971466230612,67.81219045475011,4.149463636363636,63.64545454545455,264.09449925619833,4.5,5331.42
2020-02-01,Bolsonaro,SE,GLP,68.08700134228188,97.24004700985945,68.08700134228188,4.341011111111111,55.657,241.6076554111111,4.293103448275862,5344.75
2020-03-01,Bolsonaro,SE,GLP,68.22310730253352,97.36629765689342,68.22310730253352,4.883854545454546,32.01136363636363,156.3388438016529,4.040322580645161,5348.49
2020-04-01,Bolsonaro,SE,GLP,68.68501264907843,98.33033549015737,68.68501264907843,5.32558,18.3785,97.87617203,3.75,5331.91
2020-05-01,Bolsonaro,SE,GLP,68.3964890618709,98.29076317184769,68.3964890618709,5.643445,29.378947368421056,165.79847363157896,3.1451612903225805,5311.65
2020-06-01,Bolsonaro,SE,GLP,68.24256172839506,97.81524402812846,68.24256172839506,5.1966,40.26681818181818,209.25054736363637,2.675,5325.46
2020-07-01,Bolsonaro,SE,GLP,68.45044497837577,97.76130248909415,68.45044497837577,5.280191304347826,43.24217391304348,228.3269506767486,2.25,5344.63
2020-08-01,Bolsonaro,SE,GLP,68.49739467220859,97.5940777782275,68.49739467220859,5.461233333333333,44.736,244.3137344,2.040322580645161,5357.46
2020-10-01,Bolsonaro,SE,GLP,69.39463485477178,97.40594334301001,69.39463485477178,5.625790476190476,40.18954545454546,226.09796206060608,2.0,5438.12
2020-11-01,Bolsonaro,SE,GLP,70.88146592178771,98.6152483027798,70.88146592178771,5.417835,42.69238095238095,231.30027575714286,2.0,5486.52
2020-12-01,Bolsonaro,SE,GLP,72.81696597685023,99.95857439650692,72.81696597685023,5.145586363636364,49.99363636363637,257.2465735413224,2.0,5560.59
2021-01-01,Bolsonaro,SE,GLP,74.86706381534283,102.51655622795795,74.86706381534283,5.356245,54.774,293.38296363,2.0,5574.49
2021-02-01,Bolsonaro,SE,GLP,77.45131580666231,105.1509235961833,77.45131580666231,5.416494444444444,62.2765,337.3203162694444,2.0,5622.43
2021-03-01,Bolsonaro,SE,GLP,81.23509155084932,109.27167118002113,81.23509155084932,5.646147826086957,65.41,369.31452930434784,2.338709677419355,5674.72
2021-04-01,Bolsonaro,SE,GLP,83.54197052531495,112.02746787735556,83.54197052531495,5.562135,64.8065,360.46250187749996,2.75,5692.31
2021-05-01,Bolsonaro,SE,GLP,83.6666160436137,111.27099003801568,83.6666160436137,5.291057142857143,68.53421052631579,362.6184241353384,3.379032258064516,5739.56
2021-06-01,Bolsonaro,SE,GLP,85.22690862045485,112.74850098075116,85.22690862045485,5.031904761904762,73.1640909090909,368.15473744588746,3.85,5769.98
2021-07-01,Bolsonaro,SE,GLP,90.31627401837927,118.34525400537875,90.31627401837927,5.156704545454546,75.1659090909091,387.6083850723141,4.25,5825.37
2021-08-01,Bolsonaro,SE,GLP,91.9840958357102,119.4911139040713,91.9840958357102,5.251718181818182,70.74714285714286,371.5440564545455,5.120967741935484,5876.05
2021-09-01,Bolsonaro,SE,GLP,96.6316150081566,124.08904507557962,96.6316150081566,5.279690476190477,74.48863636363636,393.2769439935065,5.516666666666667,5944.21
2021-10-01,Bolsonaro,SE,GLP,99.78228698837394,126.55310807961862,99.78228698837394,5.53998,83.53809523809524,462.7993768571429,6.443548387096774,6018.51
2021-11-01,Bolsonaro,SE,GLP,101.35001246710073,127.33170317515332,101.35001246710073,5.55686,81.05,450.383503,7.75,6075.69
2021-12-01,Bolsonaro,SE,GLP,101.12792758870384,126.13197474328955,101.12792758870384,5.651391304347826,74.1704761904762,419.16638418219463,8.862903225806452,6120.04
2022-01-01,Bolsonaro,SE,GLP,101.2776479537502,125.64021990414648,101.2776479537502,5.534104761904762,86.50523809523808,478.7290500725623,9.25,6153.09
2022-02-01,Bolsonaro,SE,GLP,100.84947568968146,123.85800762621349,100.84947568968146,5.196578947368421,97.129,504.7385165789474,10.642857142857142,6215.24
2022-03-01,Bolsonaro,SE,GLP,108.19593061955965,130.7621242608992,108.19593061955965,4.968381818181818,117.24521739130434,582.5190063557312,11.233870967741936,6315.93
2022-04-01,Bolsonaro,SE,GLP,112.08801534602333,134.0450707799184,112.08801534602333,4.758015789473684,104.57526315789474,497.5707532936288,11.75,6382.88
2022-05-01,Bolsonaro,SE,GLP,111.323758020165,132.5083035129714,111.323758020165,4.95505,113.33761904761906,561.5935692619048,12.620967741935484,6412.88
2022-06-01,Bolsonaro,SE,GLP,111.01569194805197,131.26208171637023,111.01569194805197,5.049209523809524,122.71095238095238,619.5933094376418,13.0,6455.85
2022-07-01,Bolsonaro,SE,GLP,109.77886940136251,130.68838017772478,109.77886940136251,5.368071428571429,111.92571428571428,600.8252289795918,13.25,6411.95
2022-08-01,Bolsonaro,SE,GLP,108.73970288624788,129.91893124486705,108.73970288624788,5.143286956521739,100.44636363636364,516.6244719209486,13.701612903225806,6388.87
2022-09-01,Bolsonaro,SE,GLP,109.52626034197462,131.2393272933895,109.52626034197462,5.236957142857143,89.7647619047619,470.0942110340136,13.75,6370.34
2022-10-01,Bolsonaro,SE,GLP,107.63997613365156,128.2224829270409,107.63997613365156,5.2503,93.33190476190477,490.0204995714286,13.75,6407.93
2022-11-01,Bolsonaro,SE,GLP,107.4051195335277,127.4203444992244,107.4051195335277,5.274649999999999,91.41545454545457,482.1845273181819,13.75,6434.2
2022-12-01,Bolsonaro,SE,GLP,106.35994790581373,125.40294391228643,106.35994790581373,5.242431818181818,80.924,424.23855245454547,13.75,6474.09
2023-01-01,Lula,SE,GLP,105.70277693054209,123.9711154737757,105.70277693054209,5.200681818181819,82.50142857142858,429.0636795454546,13.75,6508.4
2023-02-01,Lula,SE,GLP,105.36146430661204,122.54147680721982,105.36146430661204,5.171688888888889,82.58500000000001,427.10392688888896,13.75,6563.07
2023-03-01,Lula,SE,GLP,104.50021390374332,120.68290365123681,104.50021390374332,5.211460869565218,78.43434782608696,408.75753452551993,13.75,6609.67
2023-04-01,Lula,SE,GLP,104.39233554529716,119.82735424480767,104.39233554529716,5.019733333333333,84.63833333333334,424.86186311111106,13.75,6649.99
2023-05-01,Lula,SE,GLP,104.8409394524594,120.06622441318244,104.8409394524594,4.982836363636364,75.466,376.03472901818185,13.75,6665.28
2023-06-01,Lula,SE,GLP,100.61516077565048,115.31898342893243,100.61516077565048,4.851566666666667,74.83909090909091,363.08683881818183,13.75,6659.95
2023-07-01,Lula,SE,GLP,99.59058023986294,114.00789521266373,99.59058023986294,4.800833333333333,80.10809523809523,384.5856138888889,13.75,6667.94
2023-08-01,Lula,SE,GLP,98.98692642577277,113.05675901668066,98.98692642577277,4.903543478260869,86.14772727272727,422.4291262351778,13.28225806451613,6683.28
2023-09-01,Lula,SE,GLP,99.27682647276312,113.0937624258938,99.27682647276312,4.93699,93.72238095238096,462.70645753809526,13.083333333333334,6700.66
2023-10-01,Lula,SE,GLP,99.58041192877064,113.16802314025107,99.58041192877064,5.064842857142857,90.59590909090907,458.85404304545443,12.75,6716.74
2023-11-01,Lula,SE,GLP,98.88163675602,112.06008063709044,98.88163675602,4.89834,82.94,406.2683196,12.266666666666667,6735.55
2023-12-01,Lula,SE,GLP,98.41261278195488,110.9074506502179,98.41261278195488,4.897245,77.63105263157895,380.1782843447369,11.959677419354838,6773.27
2024-01-01,Lula,SE,GLP,98.13501083926911,110.1320120188179,98.13501083926911,4.914395454545455,80.12409090909091,393.7614681632232,11.75,6801.72
2024-02-01,Lula,SE,GLP,98.93293791312558,110.113611891599,98.93293791312558,4.964389473684211,83.47809523809524,414.417777283208,11.25,6858.17
2024-03-01,Lula,SE,GLP,98.89208498023714,109.89236350310162,98.89208498023714,4.980135,85.4085,425.3458601475,11.07258064516129,6869.14
2024-04-01,Lula,SE,GLP,98.54047568030856,109.08715507759001,98.54047568030856,5.129095454545455,89.93809523809524,461.30107547619053,10.75,6895.24
2024-05-01,Lula,SE,GLP,98.3869908954708,108.41848812654246,98.3869908954708,5.133047619047619,81.74619047619048,419.6070883900227,10.564516129032258,6926.96
2024-06-01,Lula,SE,GLP,98.4013888207894,108.20706635710592,98.4013888207894,5.388975,82.24600000000001,443.2216378500001,10.5,6941.51
2024-07-01,Lula,SE,GLP,100.75153460021512,110.37195427258466,100.75153460021512,5.542047826086956,85.15304347826087,471.9222394933837,10.5,6967.89
2024-08-01,Lula,SE,GLP,101.68917362270452,111.4213522962803,101.68917362270452,5.5526136363636365,80.3552380952381,446.1815908008658,10.5,6966.5
2024-09-01,Lula,SE,GLP,104.31627396166134,113.79920566121523,104.31627396166134,5.541566666666666,74.01666666666667,410.16829277777776,10.6,6997.15
2024-10-01,Lula,SE,GLP,104.95108721157608,113.85420914539523,104.95108721157608,5.624108695652174,75.63260869565217,425.3660122400756,10.75,7036.33
2024-11-01,Lula,SE,GLP,104.51098714416896,112.93635019238802,104.51098714416896,5.807057894736842,74.3452380952381,431.72710181704264,11.15,7063.77
2024-12-01,Lula,SE,GLP,105.31045124899276,113.21159013975763,105.31045124899276,6.097028571428571,73.8595,450.32348177142853,11.89516129032258,7100.5
2025-01-01,Lula,SE,GLP,104.2611560307384,111.90453468551311,104.2611560307384,6.021772727272727,79.27045454545454,477.3486612603305,12.314516129032258,7111.86
2025-02-01,Lula,SE,GLP,103.8833294117647,110.05718873700245,103.8833294117647,5.765645,75.438,434.94872751,13.25,7205.03
2025-03-01,Lula,SE,GLP,104.49800799467025,110.09185571566387,104.49800799467025,5.74681052631579,72.73285714285714,417.981949037594,13.637096774193548,7245.38
2025-04-01,Lula,SE,GLP,104.36107473544972,109.47676869815557,104.36107473544972,5.783675000000001,68.1345,394.06780428750005,14.25,7276.54
2025-05-01,Lula,SE,GLP,105.56898387376452,110.45668604512059,105.56898387376452,5.6673857142857145,64.453,365.2800114428572,14.637096774193548,7295.46
2025-06-01,Lula,SE,GLP,105.66240097008892,110.28971935573534,105.66240097008892,5.547055,71.4447619047619,396.3080237476191,14.85,7312.97
2025-07-01,Lula,SE,GLP,106.34489562013916,110.71430194770235,106.34489562013916,5.528491304347826,71.04130434782608,392.7512333364839,15.0,7331.98
2025-08-01,Lula,SE,GLP,106.15266981132076,110.63595043956957,106.15266981132076,5.44692380952381,67.87,369.682718952381,15.0,7323.91
2025-09-01,Lula,SE,GLP,106.71589826521613,110.69171825137933,106.71589826521613,5.367409090909091,67.98545454545454,364.90574677685953,15.0,7359.06
2025-10-01,Lula,SE,GLP,107.7385325060696,111.65201291412409,107.7385325060696,5.385526086956522,64.54347826086956,347.6005859168242,15.0,7365.68
2025-11-01,Lula,SE,GLP,108.28625612144955,112.01797261041999,108.28625612144955,5.340852631578947,63.797,340.7303753368421,15.0,7378.94
2025-12-01,Lula,SE,GLP,107.95717651134592,111.31023618711424,107.95717651134592,5.45309090909091,62.54428571428572,341.0596758441559,15.0,7403.29
2026-01-01,Lula,SE,GLP,108.00542101197372,110.99371271819994,108.00542101197372,5.3380238095238095,66.60238095238095,355.5250952947846,15.0,7427.72
2026-02-01,Lula,SE,GLP,107.6774111866969,109.88747496796405,107.6774111866969,5.200616666666666,70.887,368.65611364999995,15.0,7479.71
2026-03-01,Lula,SE,GLP,107.934625,109.1891248976215,107.934625,5.231586363636364,103.13454545454546,539.5572816198347,14.89516129032258,7545.53
2026-04-01,Lula,SE,GLP,111.6569885879748,112.20291952825556,111.6569885879748,5.033075,117.2875,590.3167840625,14.741666666666667,7596.09
2026-05-01,Lula,SE,GLP,112.73164479763446,112.6295390821708,112.73164479763446,4.983700000000001,107.13947368421051,533.950995,14.5,7640.15
2026-06-01,Lula,SE,GLP,112.81034431630972,112.52818467292941,112.81034431630972,5.127571428571429,85.3990909090909,437.88993857142856,14.391666666666667,7652.37
2026-07-01,Lula,SE,GLP,112.2927066395664,111.9334394268716,112.2927066395664,5.113947826086957,83.75869565217391,428.3375995463138,14.25,7657.73
2026-08-01,Lula,SE,GLP,112.65227763923524,112.65227763923524,112.65227763923524,5.153161904761905,91.076,469.32937363809526,14.040322580645162,7633.23
